Date,Open,High,Low,Close,Volume,Dividends,Stock Splits
2001-07-20,292.7307630565068,363.47403079516266,280.5336479291524,356.15576171875,26736000,0.0,0.0
2001-07-23,341.51923432221287,451.2932739257813,341.51923432221287,451.29327392578125,3587000,0.0,0.0
2001-07-24,475.68748779296874,561.0672932942708,463.4903727213541,548.8701782226562,10865000,0.0,0.0
2001-07-25,548.8701438903809,622.0528297424316,390.3076578776042,585.4614868164062,19924000,0.0,0.0
2001-07-26,573.264405281313,756.2211303710938,548.8701752693422,756.2211303710938,10974000,0.0,0.0
2001-07-27,756.2211728303328,829.4038669752038,561.0673217773438,561.0673217773438,9837000,0.0,0.0
2001-07-30,585.4615531589674,585.4615531589674,561.0673217773438,561.0673217773438,8000,0.0,0.0
2001-07-31,439.0961478097098,683.0384521484374,414.701917375837,683.0384521484375,14523000,0.0,0.0
2001-08-01,695.2355518341064,792.8124713897705,695.2355518341064,780.6153564453125,3420000,0.0,0.0
2001-08-02,780.6153564453125,780.6153564453125,780.6153564453125,780.6153564453125,0,0.0,0.0
2001-08-03,780.6153564453125,780.6153564453125,780.6153564453125,780.6153564453125,0,0.0,0.0
2001-08-06,780.6153564453125,780.6153564453125,780.6153564453125,780.6153564453125,0,0.0,0.0
2001-08-07,780.6153645833333,914.7836303710936,780.6153645833333,914.7836303710938,482000,0.0,0.0
2001-08-08,926.9808016690341,1085.5433072176847,926.9808016690341,1073.34619140625,595000,0.0,0.0
2001-08-09,1073.34619140625,1073.34619140625,1073.34619140625,1073.34619140625,0,0.0,0.0
2001-08-10,975.7691955566406,987.9663105010986,780.6153564453125,780.6153564453125,657000,0.0,0.0
2001-08-13,792.8125,817.2067307692307,792.8125,792.8125,944000,0.0,0.0
2001-08-14,792.8125,792.8125,792.8125,792.8125,0,0.0,0.0
2001-08-15,792.8125,792.8125,792.8125,792.8125,0,0.0,0.0
2001-08-16,792.8125,792.8125,792.8125,792.8125,0,0.0,0.0
2001-08-17,792.8125,792.8125,792.8125,792.8125,0,0.0,0.0
2001-08-20,792.8125,792.8125,792.8125,792.8125,0,0.0,0.0
2001-08-21,792.8125,792.8125,792.8125,792.8125,0,0.0,0.0
2001-08-22,792.8125,792.8125,792.8125,792.8125,0,0.0,0.0
2001-08-23,756.2211196001838,841.6009234260109,731.8268899356617,829.40380859375,4070000,0.0,0.0
2001-08-24,805.0095984053938,890.389404296875,780.615368150685,890.389404296875,4413000,0.0,0.0
2001-08-27,878.192267922794,878.192267922794,622.0528564453124,622.0528564453125,4561000,0.0,0.0
2001-08-28,622.0528910868877,646.4471221099029,439.0961584142737,451.29327392578125,4734000,0.0,0.0
2001-08-29,439.0961271587171,463.49035644531244,365.9134392989309,463.4903564453125,7811000,0.0,0.0
2001-08-30,439.09614598473837,536.6730673146802,414.7019156522529,524.4759521484375,3714000,0.0,0.0
2001-08-31,463.49037022744454,573.264405281313,378.1105651855469,378.1105651855469,2907000,0.0,0.0
2001-09-03,365.91345425309805,365.91345425309805,341.51922396955814,353.7163391113281,93000,0.0,0.0
2001-09-04,341.51922396955814,353.71633911132807,341.51922396955814,353.7163391113281,32000,0.0,0.0
2001-09-05,365.9134565080915,378.11057172502785,341.5192260742187,341.51922607421875,3061000,0.0,0.0
2001-09-06,341.5192260742187,353.7163412911551,341.5192260742187,341.51922607421875,40000,0.0,0.0
2001-09-07,341.51922396955814,353.71633911132807,341.51922396955814,353.7163391113281,5000,0.0,0.0
2001-09-10,341.5192260742187,341.5192260742187,341.5192260742187,341.51922607421875,35000,0.0,0.0
2001-09-11,365.9134565080915,365.9134565080915,341.5192260742187,341.51922607421875,1876000,0.0,0.0
2001-09-12,292.7307434082031,292.7307434082031,292.7307434082031,292.7307434082031,20000,0.0,0.0
2001-09-13,353.7163436324508,353.7163436324508,329.3221130371094,329.3221130371094,27000,0.0,0.0
2001-09-14,317.124970703125,317.124970703125,304.9278564453125,304.9278564453125,45000,0.0,0.0
2001-09-17,304.9278564453125,304.9278564453125,304.9278564453125,304.9278564453125,12000,0.0,0.0
2001-09-18,304.9278564453125,304.9278564453125,304.9278564453125,304.9278564453125,0,0.0,0.0
2001-09-19,329.32211538461536,353.71634615384613,317.125,317.125,3516000,0.0,0.0
2001-09-20,317.1249720255534,317.1249720255534,292.7307434082031,292.7307434082031,88000,0.0,0.0
2001-09-21,292.7307434082031,292.7307434082031,292.7307434082031,292.7307434082031,0,0.0,0.0
2001-09-24,292.7307434082031,292.7307434082031,292.7307434082031,292.7307434082031,0,0.0,0.0
2001-09-25,317.1250079611073,317.1250079611073,280.5336608886719,280.5336608886719,2447000,0.0,0.0
2001-09-26,243.94229286595393,243.94229286595393,231.74517822265622,231.74517822265625,120000,0.0,0.0
2001-09-27,243.94230651855472,243.94230651855472,243.94230651855472,243.9423065185547,2000,0.0,0.0
2001-09-28,243.94230651855472,243.94230651855472,243.94230651855472,243.9423065185547,0,0.0,0.0
2001-10-01,304.9279022216797,378.1105987548828,304.9279022216797,365.9134826660156,22194000,0.0,0.0
2001-10-02,390.3077059659091,414.70193758877843,268.3365478515625,268.3365478515625,22886000,0.0,0.0
2001-10-03,280.5336667015439,280.5336667015439,243.94231887090774,256.1394348144531,8268000,0.0,0.0
2001-10-04,243.94229286595393,256.1394075092516,231.74517822265622,231.74517822265625,562000,0.0,0.0
2001-10-05,236.6240240799753,236.6240240799753,231.74517822265622,231.74517822265625,4842000,0.0,0.0
2001-10-08,231.74518688305005,231.74518688305005,180.51730346679688,180.51730346679688,16926000,0.0,0.0
2001-10-09,180.51731122550316,180.51731122550316,143.92596435546875,143.92596435546875,9303000,0.0,0.0
2001-10-10,143.9259496320758,143.9259496320758,139.04710388183594,139.04710388183594,169000,0.0,0.0
2001-10-11,139.04711810613082,143.92596435546875,136.60769498146186,143.92596435546875,17997000,0.0,0.0
2001-10-12,143.9259608459473,146.36538391113282,121.97115325927736,121.97115325927734,7115000,0.0,0.0
2001-10-15,121.97115325927736,121.97115325927736,121.97115325927736,121.97115325927734,0,0.0,0.0
2001-10-16,97.57691918349846,100.01634216308592,97.57691918349846,100.01634216308594,60000,0.0,0.0
2001-10-17,85.37980461120605,97.57691955566406,85.37980461120605,97.57691955566406,33000,0.0,0.0
2001-10-18,87.81922871357686,102.45576683250633,87.81922871357686,90.25865173339844,131000,0.0,0.0
2001-10-19,97.5769260951451,102.45577239990234,97.5769260951451,102.45577239990234,52000,0.0,0.0
2001-10-22,102.45577239990234,102.45577239990234,102.45577239990234,102.45577239990234,17000,0.0,0.0
2001-10-23,109.77403408143577,131.72884089772293,100.01634216308592,100.01634216308594,4119000,0.0,0.0
2001-10-24,87.8192367553711,87.8192367553711,87.8192367553711,87.8192367553711,10000,0.0,0.0
2001-10-25,90.25865058898925,97.57691955566406,68.30384368896485,97.57691955566406,99000,0.0,0.0
2001-10-26,75.62211265563964,107.33461151123046,75.62211265563964,97.57691955566406,63000,0.0,0.0
2001-10-29,85.3798069673426,95.13749919218176,78.06153779871323,82.94038391113281,54000,0.0,0.0
2001-10-30,80.50095929597553,92.69807434082031,80.50095929597553,92.69807434082031,19000,0.0,0.0
2001-10-31,73.18269026906867,92.69807434082031,73.18269026906867,92.69807434082031,12000,0.0,0.0
2001-11-01,85.3798074433298,85.3798074433298,80.50096130371095,80.50096130371094,18000,0.0,0.0
2001-11-02,87.8192283228824,92.69807434082031,87.8192283228824,92.69807434082031,64000,0.0,0.0
2001-11-05,82.94038391113281,82.94038391113281,82.94038391113281,82.94038391113281,10000,0.0,0.0
2001-11-06,63.424999815044984,87.81923051313922,63.424999815044984,80.50096130371094,12000,0.0,0.0
2001-11-07,82.94038391113281,87.8192300235524,80.50096085492302,82.94038391113281,52000,0.0,0.0
2001-11-08,87.81922871357686,90.25865173339844,87.81922871357686,90.25865173339844,80000,0.0,0.0
2001-11-09,90.25865173339844,90.25865173339844,90.25865173339844,90.25865173339844,0,0.0,0.0
2001-11-12,70.74327405293782,87.8192367553711,70.74327405293782,87.8192367553711,38000,0.0,0.0
2001-11-13,87.8192367553711,87.8192367553711,87.8192367553711,87.8192367553711,0,0.0,0.0
2001-11-14,87.8192367553711,87.8192367553711,87.8192367553711,87.8192367553711,0,0.0,0.0
2001-11-15,87.8192367553711,87.8192367553711,87.8192367553711,87.8192367553711,0,0.0,0.0
2001-11-16,87.8192367553711,87.8192367553711,87.8192367553711,87.8192367553711,0,0.0,0.0
2001-11-19,87.8192367553711,87.8192367553711,87.8192367553711,87.8192367553711,0,0.0,0.0
2001-11-20,82.94038391113281,82.94038391113281,82.94038391113281,82.94038391113281,22000,0.0,0.0
2001-11-21,82.94038391113281,82.94038391113281,82.94038391113281,82.94038391113281,0,0.0,0.0
2001-11-22,80.50096130371095,80.50096130371095,80.50096130371095,80.50096130371094,32000,0.0,0.0
2001-11-23,80.50096043178013,85.37980651855467,80.50096043178013,85.37980651855469,90000,0.0,0.0
2001-11-26,82.94038391113281,85.3798069673426,82.94038391113281,82.94038391113281,20000,0.0,0.0
2001-11-27,85.37980569375527,90.25865173339844,85.37980569375527,90.25865173339844,40000,0.0,0.0
2001-11-28,87.8192367553711,92.6980832417806,87.8192367553711,87.8192367553711,61000,0.0,0.0
2001-11-29,92.69808138333835,95.13750457763673,92.69808138333835,95.13750457763672,65000,0.0,0.0
2001-11-30,95.137496203911,100.01634216308592,95.137496203911,100.01634216308594,118000,0.0,0.0
2001-12-03,97.57691955566406,97.57691955566406,97.57691955566406,97.57691955566406,15000,0.0,0.0
2001-12-04,90.25865173339844,90.25865173339844,90.25865173339844,90.25865173339844,10000,0.0,0.0
2001-12-05,85.37980651855467,90.25865260532923,85.37980651855467,85.37980651855469,25000,0.0,0.0
2001-12-06,85.3798069673426,85.3798069673426,82.94038391113281,82.94038391113281,14000,0.0,0.0
2001-12-07,80.50096130371095,80.50096130371095,80.50096130371095,80.50096130371094,1000,0.0,0.0
2001-12-10,80.50096130371095,80.50096130371095,80.50096130371095,80.50096130371094,0,0.0,0.0
2001-12-11,82.94038391113281,82.94038391113281,82.94038391113281,82.94038391113281,16000,0.0,0.0
2001-12-12,85.3798069673426,92.69807613597197,82.94038391113281,82.94038391113281,29000,0.0,0.0
2001-12-13,90.25865818903998,95.13750457763673,87.81923499474159,95.13750457763672,32000,0.0,0.0
2001-12-14,95.13750457763673,95.13750457763673,95.13750457763673,95.13750457763672,0,0.0,0.0
2001-12-17,95.13750457763673,95.13750457763673,95.13750457763673,95.13750457763672,0,0.0,0.0
2001-12-18,95.13750457763673,95.13750457763673,95.13750457763673,95.13750457763672,0,0.0,0.0
2001-12-19,102.45576514267339,104.89518812226085,100.01634216308592,100.01634216308594,48000,0.0,0.0
2001-12-20,95.13750457763673,95.13750457763673,95.13750457763673,95.13750457763672,3000,0.0,0.0
2001-12-21,97.57691955566406,97.57691955566406,97.57691955566406,97.57691955566406,27000,0.0,0.0
2001-12-24,97.57691955566406,97.57691955566406,97.57691955566406,97.57691955566406,0,0.0,0.0
2001-12-25,97.57691955566406,97.57691955566406,97.57691955566406,97.57691955566406,0,0.0,0.0
2001-12-26,97.57691955566406,97.57691955566406,97.57691955566406,97.57691955566406,0,0.0,0.0
2001-12-27,97.57692464192709,109.77404022216797,97.57692464192709,109.77404022216797,74000,0.0,0.0
2001-12-28,104.89519104590784,126.84999847412111,102.45576799832858,126.8499984741211,481000,0.0,0.0
2001-12-31,126.84999847412111,126.84999847412111,126.84999847412111,126.8499984741211,0,0.0,0.0
2002-01-01,126.84999847412111,126.84999847412111,126.84999847412111,126.8499984741211,0,0.0,0.0
2002-01-02,109.77403752944049,124.41057586669922,109.77403752944049,124.41057586669922,24000,0.0,0.0
2002-01-03,124.41057586669922,124.41057586669922,124.41057586669922,124.41057586669922,0,0.0,0.0
2002-01-04,124.41057586669922,124.41057586669922,124.41057586669922,124.41057586669922,0,0.0,0.0
2002-01-07,121.97115472022523,121.97115472022523,114.65288543701172,114.65288543701172,42000,0.0,0.0
2002-01-08,112.21346099853517,124.41057632446291,107.33461486816407,121.97115325927734,259000,0.0,0.0
2002-01-09,121.97115325927736,121.97115325927736,121.97115325927736,121.97115325927734,0,0.0,0.0
2002-01-10,121.97115325927736,121.97115325927736,121.97115325927736,121.97115325927734,0,0.0,0.0
2002-01-11,126.84999938964845,129.28942245483398,121.97115325927736,121.97115325927734,80000,0.0,0.0
2002-01-14,121.97115325927736,121.97115325927736,121.97115325927736,121.97115325927734,0,0.0,0.0
2002-01-15,112.2134601886456,126.84999847412111,109.77403714106634,126.8499984741211,372000,0.0,0.0
2002-01-16,136.60768345424108,139.0471063730668,119.53172302246095,119.53172302246094,130000,0.0,0.0
2002-01-17,119.53172302246095,119.53172302246095,119.53172302246095,119.53172302246094,0,0.0,0.0
2002-01-18,119.53172302246095,119.53172302246095,119.53172302246095,119.53172302246094,0,0.0,0.0
2002-01-21,119.53172302246095,119.53172302246095,119.53172302246095,119.53172302246094,0,0.0,0.0
2002-01-22,121.97114476617777,129.28941345214844,119.53172187085423,129.28941345214844,232000,0.0,0.0
2002-01-23,121.97115325927736,121.97115325927736,121.97115325927736,121.97115325927734,20000,0.0,0.0
2002-01-24,121.97115325927736,121.97115325927736,121.97115325927736,121.97115325927734,20000,0.0,0.0
2002-01-25,121.97115325927736,121.97115325927736,121.97115325927736,121.97115325927734,0,0.0,0.0
2002-01-28,121.97115325927736,121.97115325927736,121.97115325927736,121.97115325927734,0,0.0,0.0
2002-01-29,126.84999055682489,129.28941345214844,126.84999055682489,129.28941345214844,15000,0.0,0.0
2002-01-30,121.97114476617777,129.28941345214844,121.97114476617777,129.28941345214844,80000,0.0,0.0
2002-01-31,129.28941345214844,129.28941345214844,129.28941345214844,129.28941345214844,0,0.0,0.0
2002-02-01,126.85000443892046,134.16827392578125,126.85000443892046,134.16827392578125,213000,0.0,0.0
2002-02-04,126.84999847412111,126.84999847412111,126.84999847412111,126.8499984741211,10000,0.0,0.0
2002-02-05,126.84999847412111,126.84999847412111,126.84999847412111,126.8499984741211,0,0.0,0.0
2002-02-06,124.41057586669922,124.41057586669922,124.41057586669922,124.41057586669922,10000,0.0,0.0
2002-02-07,119.53172302246095,119.53172302246095,119.53172302246095,119.53172302246094,5000,0.0,0.0
2002-02-08,121.97115325927736,121.97115325927736,121.97115325927736,121.97115325927734,20000,0.0,0.0
2002-02-11,121.97115325927736,121.97115325927736,121.97115325927736,121.97115325927734,0,0.0,0.0
2002-02-12,121.97115325927736,121.97115325927736,121.97115325927736,121.97115325927734,0,0.0,0.0
2002-02-13,121.97115325927736,121.97115325927736,121.97115325927736,121.97115325927734,0,0.0,0.0
2002-02-14,119.53172302246095,119.53172302246095,119.53172302246095,119.53172302246094,5000,0.0,0.0
2002-02-15,121.97114594128668,121.97114594128668,119.53172302246095,119.53172302246094,10000,0.0,0.0
2002-02-18,112.21346099853517,121.97115325927736,112.21346099853517,121.97115325927734,56000,0.0,0.0
2002-02-19,121.97115325927736,121.97115325927736,121.97115325927736,121.97115325927734,0,0.0,0.0
2002-02-20,121.97115325927736,121.97115325927736,121.97115325927736,121.97115325927734,0,0.0,0.0
2002-02-21,112.21345520019533,112.21345520019533,112.21345520019533,112.21345520019531,15000,0.0,0.0
2002-02-22,112.21345520019533,112.21345520019533,112.21345520019533,112.21345520019531,0,0.0,0.0
2002-02-25,109.77404022216797,109.77404022216797,109.77404022216797,109.77404022216797,45000,0.0,0.0
2002-02-26,109.77404022216797,109.77404022216797,109.77404022216797,109.77404022216797,0,0.0,0.0
2002-02-27,119.53172302246095,119.53172302246095,119.53172302246095,119.53172302246094,15000,0.0,0.0
2002-02-28,114.65288323622484,126.84999847412111,114.65288323622484,126.8499984741211,17000,0.0,0.0
2002-03-01,126.84999847412111,126.84999847412111,126.84999847412111,126.8499984741211,0,0.0,0.0
2002-03-04,126.84999847412111,126.84999847412111,126.84999847412111,126.8499984741211,0,0.0,0.0
2002-03-05,117.09230853141622,124.41057781462973,107.33461615379821,114.65288543701172,617000,0.0,0.0
2002-03-06,114.65287813933,114.65287813933,112.21345520019533,112.21345520019531,45000,0.0,0.0
2002-03-07,112.21345520019533,112.21345520019533,112.21345520019533,112.21345520019531,34000,0.0,0.0
2002-03-08,112.21345520019533,112.21345520019533,112.21345520019533,112.21345520019531,60000,0.0,0.0
2002-03-11,112.21345520019533,112.21345520019533,112.21345520019533,112.21345520019531,0,0.0,0.0
2002-03-12,112.21345520019533,112.21345520019533,112.21345520019533,112.21345520019531,0,0.0,0.0
2002-03-13,112.21345520019533,112.21345520019533,112.21345520019533,112.21345520019531,64000,0.0,0.0
2002-03-14,109.77403293956411,109.77403293956411,107.33460998535158,107.33460998535156,45000,0.0,0.0
2002-03-15,107.33460998535158,107.33460998535158,107.33460998535158,107.33460998535156,0,0.0,0.0
2002-03-18,102.45577087402344,109.77404022216797,100.01634775797527,109.77404022216797,44000,0.0,0.0
2002-03-19,109.77404022216797,109.77404022216797,109.77404022216797,109.77404022216797,0,0.0,0.0
2002-03-20,107.33460998535158,107.33460998535158,107.33460998535158,107.33460998535156,30000,0.0,0.0
2002-03-21,104.8951873779297,104.8951873779297,104.8951873779297,104.89518737792969,5000,0.0,0.0
2002-03-22,104.8951873779297,104.8951873779297,102.45576441565227,104.89518737792969,50000,0.0,0.0
2002-03-25,104.8951873779297,104.8951873779297,104.8951873779297,104.89518737792969,2000,0.0,0.0
2002-03-26,104.89519399007162,109.77404022216797,104.89519399007162,109.77404022216797,130000,0.0,0.0
2002-03-27,109.77403924820271,114.65288543701172,109.77403924820271,114.65288543701172,46000,0.0,0.0
2002-03-28,114.65288406372072,121.97115325927736,112.21346099853517,121.97115325927734,85000,0.0,0.0
2002-03-29,121.97115325927736,121.97115325927736,121.97115325927736,121.97115325927734,0,0.0,0.0
2002-04-01,121.97115325927736,121.97115325927736,121.97115325927736,121.97115325927734,10000,0.0,0.0
2002-04-02,121.97114308675131,146.36537170410156,121.97114308675131,146.36537170410156,163000,0.0,0.0
2002-04-03,117.0923080444336,117.0923080444336,117.0923080444336,117.0923080444336,25000,0.0,0.0
2002-04-04,131.72884921369882,141.48654174804688,121.97115667935076,141.48654174804688,140000,0.0,0.0
2002-04-05,141.4865259806315,146.36537170410156,141.4865259806315,146.36537170410156,80000,0.0,0.0
2002-04-08,139.04711371201736,141.48653675959662,126.84999847412111,126.8499984741211,1526000,0.0,0.0
2002-04-09,126.84999847412111,126.84999847412111,126.84999847412111,126.8499984741211,0,0.0,0.0
2002-04-10,143.92596435546875,143.92596435546875,143.92596435546875,143.92596435546875,15000,0.0,0.0
2002-04-11,141.48654024718238,148.8048095703125,134.16827092405225,148.8048095703125,120000,0.0,0.0
2002-04-12,134.16826738630022,170.75961303710935,134.16826738630022,170.75961303710938,148000,0.0,0.0
2002-04-15,175.63845742715372,182.95672648661846,175.63845742715372,180.51730346679688,20000,0.0,0.0
2002-04-16,182.95672567267167,185.39614868164062,182.95672567267167,185.39614868164062,15000,0.0,0.0
2002-04-17,185.39614868164062,185.39614868164062,185.39614868164062,185.39614868164062,0,0.0,0.0
2002-04-18,175.6384591238839,175.6384591238839,161.00192086356026,170.75961303710938,32000,0.0,0.0
2002-04-19,170.75961303710935,170.75961303710935,170.75961303710935,170.75961303710938,0,0.0,0.0
2002-04-22,146.36538260323658,170.75961303710935,146.36538260323658,170.75961303710938,115000,0.0,0.0
2002-04-23,148.8048095703125,148.8048095703125,148.8048095703125,148.8048095703125,1000,0.0,0.0
2002-04-24,148.8048095703125,148.8048095703125,148.8048095703125,148.8048095703125,0,0.0,0.0
2002-04-25,148.80480564662386,170.75961303710935,148.80480564662386,170.75961303710938,166000,0.0,0.0
2002-04-26,161.0019226074219,161.0019226074219,161.0019226074219,161.00192260742188,7000,0.0,0.0
2002-04-29,161.0019226074219,161.0019226074219,161.0019226074219,161.00192260742188,0,0.0,0.0
2002-04-30,151.24422869001114,170.75961303710935,151.24422869001114,170.75961303710938,26000,0.0,0.0
2002-05-01,170.75961303710935,170.75961303710935,170.75961303710935,170.75961303710938,0,0.0,0.0
2002-05-02,173.19903564453128,173.19903564453128,173.19903564453128,173.19903564453125,1000,0.0,0.0
2002-05-03,173.19903564453128,173.19903564453128,173.19903564453128,173.19903564453125,758000,0.0,0.0
2002-05-06,175.6384735107422,175.6384735107422,175.6384735107422,175.6384735107422,792000,0.0,0.0
2002-05-07,175.6384735107422,175.6384735107422,175.6384735107422,175.6384735107422,748000,0.0,0.0
2002-05-08,175.6384578339041,178.077880859375,170.7596117829623,178.077880859375,807000,0.0,0.0
2002-05-09,178.077880859375,178.077880859375,178.077880859375,178.077880859375,0,0.0,0.0
2002-05-10,178.077880859375,178.077880859375,175.6384578339041,178.077880859375,820000,0.0,0.0
2002-05-13,178.077880859375,178.077880859375,178.077880859375,178.077880859375,0,0.0,0.0
2002-05-14,178.077880859375,178.077880859375,178.077880859375,178.077880859375,0,0.0,0.0
2002-05-15,178.077880859375,178.077880859375,178.077880859375,178.077880859375,0,0.0,0.0
2002-05-16,178.077880859375,178.077880859375,178.077880859375,178.077880859375,0,0.0,0.0
2002-05-17,178.077880859375,178.077880859375,178.077880859375,178.077880859375,0,0.0,0.0
2002-05-20,178.077880859375,178.077880859375,178.077880859375,178.077880859375,0,0.0,0.0
2002-05-21,178.077880859375,178.077880859375,178.077880859375,178.077880859375,0,0.0,0.0
2002-05-22,178.077880859375,178.077880859375,178.077880859375,178.077880859375,0,0.0,0.0
2002-05-23,173.19903480843323,178.077880859375,170.7596117829623,178.077880859375,988000,0.0,0.0
2002-05-24,178.077880859375,178.077880859375,178.077880859375,178.077880859375,0,0.0,0.0
2002-05-27,178.077880859375,178.077880859375,178.077880859375,178.077880859375,11000,0.0,0.0
2002-05-28,178.077880859375,178.077880859375,178.077880859375,178.077880859375,0,0.0,0.0
2002-05-29,178.077880859375,178.077880859375,178.077880859375,178.077880859375,0,0.0,0.0
2002-05-30,178.077880859375,178.077880859375,178.077880859375,178.077880859375,0,0.0,0.0
2002-05-31,178.077880859375,178.077880859375,178.077880859375,178.077880859375,0,0.0,0.0
2002-06-03,178.077880859375,178.077880859375,178.077880859375,178.077880859375,0,0.0,0.0
2002-06-04,178.077880859375,178.077880859375,178.077880859375,178.077880859375,0,0.0,0.0
2002-06-05,178.077880859375,178.077880859375,178.077880859375,178.077880859375,0,0.0,0.0
2002-06-06,178.077880859375,178.077880859375,178.077880859375,178.077880859375,0,0.0,0.0
2002-06-07,178.077880859375,178.077880859375,178.077880859375,178.077880859375,0,0.0,0.0
2002-06-10,178.077880859375,178.077880859375,178.077880859375,178.077880859375,0,0.0,0.0
2002-06-11,178.077880859375,178.077880859375,178.077880859375,178.077880859375,0,0.0,0.0
2002-06-12,178.077880859375,178.077880859375,178.077880859375,178.077880859375,0,0.0,0.0
2002-06-13,178.077880859375,178.077880859375,178.077880859375,178.077880859375,0,0.0,0.0
2002-06-14,178.077880859375,178.077880859375,178.077880859375,178.077880859375,0,0.0,0.0
2002-06-17,178.077880859375,178.077880859375,178.077880859375,178.077880859375,0,0.0,0.0
2002-06-18,178.077880859375,178.077880859375,178.077880859375,178.077880859375,0,0.0,0.0
2002-06-19,178.077880859375,178.077880859375,178.077880859375,178.077880859375,0,0.0,0.0
2002-06-20,178.077880859375,178.077880859375,178.077880859375,178.077880859375,0,0.0,0.0
2002-06-21,178.077880859375,178.077880859375,178.077880859375,178.077880859375,0,0.0,0.0
2002-06-24,178.077880859375,178.077880859375,178.077880859375,178.077880859375,0,0.0,0.0
2002-06-25,178.077880859375,178.077880859375,178.077880859375,178.077880859375,0,0.0,0.0
2002-06-26,178.077880859375,178.077880859375,178.077880859375,178.077880859375,0,0.0,0.0
2002-06-27,178.077880859375,178.077880859375,178.077880859375,178.077880859375,0,0.0,0.0
2002-06-28,178.077880859375,178.077880859375,178.077880859375,178.077880859375,0,0.0,0.0
2002-07-01,178.077880859375,178.077880859375,178.077880859375,178.077880859375,0,0.0,0.0
2002-07-02,178.077880859375,178.077880859375,178.077880859375,178.077880859375,0,0.0,0.0
2002-07-03,178.077880859375,178.077880859375,178.077880859375,178.077880859375,0,0.0,0.0
2002-07-04,178.077880859375,178.077880859375,178.077880859375,178.077880859375,0,0.0,0.0
2002-07-05,178.077880859375,178.077880859375,178.077880859375,178.077880859375,0,0.0,0.0
2002-07-08,178.077880859375,178.077880859375,178.077880859375,178.077880859375,0,0.0,0.0
2002-07-09,178.077880859375,178.077880859375,178.077880859375,178.077880859375,0,0.0,0.0
2002-07-10,178.077880859375,178.077880859375,178.077880859375,178.077880859375,0,0.0,0.0
2002-07-11,178.077880859375,178.077880859375,178.077880859375,178.077880859375,0,0.0,0.0
2002-07-12,178.077880859375,178.077880859375,178.077880859375,178.077880859375,0,0.0,0.0
2002-07-15,178.077880859375,178.077880859375,178.077880859375,178.077880859375,0,0.0,0.0
2002-07-16,178.077880859375,178.077880859375,178.077880859375,178.077880859375,0,0.0,0.0
2002-07-17,178.077880859375,178.077880859375,178.077880859375,178.077880859375,0,0.0,0.0
2002-07-18,178.077880859375,178.077880859375,178.077880859375,178.077880859375,0,0.0,0.0
2002-07-19,178.077880859375,178.077880859375,178.077880859375,178.077880859375,0,0.0,0.0
2002-07-22,178.077880859375,178.077880859375,178.077880859375,178.077880859375,0,0.0,0.0
2002-07-23,178.077880859375,178.077880859375,178.077880859375,178.077880859375,0,0.0,0.0
2002-07-24,178.077880859375,178.077880859375,178.077880859375,178.077880859375,0,0.0,0.0
2002-07-25,178.077880859375,178.077880859375,178.077880859375,178.077880859375,0,0.0,0.0
2002-07-26,178.077880859375,178.077880859375,178.077880859375,178.077880859375,0,0.0,0.0
2002-07-29,178.077880859375,178.077880859375,178.077880859375,178.077880859375,0,0.0,0.0
2002-07-30,178.077880859375,178.077880859375,178.077880859375,178.077880859375,0,0.0,0.0
2002-07-31,178.077880859375,178.077880859375,178.077880859375,178.077880859375,0,0.0,0.0
2002-08-01,178.077880859375,178.077880859375,178.077880859375,178.077880859375,0,0.0,0.0
2002-08-02,178.077880859375,178.077880859375,178.077880859375,178.077880859375,0,0.0,0.0
2002-08-05,178.077880859375,178.077880859375,178.077880859375,178.077880859375,0,0.0,0.0
2002-08-06,178.077880859375,178.077880859375,178.077880859375,178.077880859375,0,0.0,0.0
2002-08-07,178.077880859375,178.077880859375,178.077880859375,178.077880859375,0,0.0,0.0
2002-08-08,178.077880859375,178.077880859375,178.077880859375,178.077880859375,0,0.0,0.0
2002-08-09,178.077880859375,178.077880859375,178.077880859375,178.077880859375,0,0.0,0.0
2002-08-12,178.077880859375,178.077880859375,178.077880859375,178.077880859375,0,0.0,0.0
2002-08-13,178.077880859375,178.077880859375,178.077880859375,178.077880859375,0,0.0,0.0
2002-08-14,178.077880859375,178.077880859375,178.077880859375,178.077880859375,0,0.0,0.0
2002-08-15,178.077880859375,178.077880859375,178.077880859375,178.077880859375,0,0.0,0.0
2002-08-16,178.077880859375,178.077880859375,178.077880859375,178.077880859375,0,0.0,0.0
2002-08-19,178.077880859375,178.077880859375,178.077880859375,178.077880859375,0,0.0,0.0
2002-08-20,178.077880859375,178.077880859375,178.077880859375,178.077880859375,0,0.0,0.0
2002-08-21,178.077880859375,178.077880859375,178.077880859375,178.077880859375,0,0.0,0.0
2002-08-22,178.077880859375,178.077880859375,178.077880859375,178.077880859375,0,0.0,0.0
2002-08-23,178.077880859375,178.077880859375,178.077880859375,178.077880859375,0,0.0,0.0
2002-08-26,156.12307739257812,156.12307739257812,156.12307739257812,156.12307739257812,8000,0.0,0.0
2002-08-27,156.12307739257812,156.12307739257812,156.12307739257812,156.12307739257812,0,0.0,0.0
2002-08-28,156.12307739257812,156.12307739257812,156.12307739257812,156.12307739257812,0,0.0,0.0
2002-08-29,156.12307739257812,156.12307739257812,156.12307739257812,156.12307739257812,0,0.0,0.0
2002-08-30,156.12307739257812,156.12307739257812,156.12307739257812,156.12307739257812,0,0.0,0.0
2002-09-02,156.12307739257812,156.12307739257812,156.12307739257812,156.12307739257812,0,0.0,0.0
2002-09-03,148.8048095703125,148.8048095703125,148.8048095703125,148.8048095703125,5000,0.0,0.0
2002-09-04,143.92596435546875,143.92596435546875,143.92596435546875,143.92596435546875,5000,0.0,0.0
2002-09-05,143.92596435546875,143.92596435546875,143.92596435546875,143.92596435546875,5000,0.0,0.0
2002-09-06,143.92596435546875,143.92596435546875,143.92596435546875,143.92596435546875,0,0.0,0.0
2002-09-09,143.92596435546875,143.92596435546875,143.92596435546875,143.92596435546875,0,0.0,0.0
2002-09-10,143.92596435546875,143.92596435546875,143.92596435546875,143.92596435546875,0,0.0,0.0
2002-09-11,143.92596435546875,143.92596435546875,143.92596435546875,143.92596435546875,0,0.0,0.0
2002-09-12,134.16825894956236,134.16825894956236,131.7288360595703,131.7288360595703,50000,0.0,0.0
2002-09-13,131.7288360595703,131.7288360595703,131.7288360595703,131.7288360595703,0,0.0,0.0
2002-09-16,131.7288360595703,131.7288360595703,131.7288360595703,131.7288360595703,14000,0.0,0.0
2002-09-17,131.72883551461356,136.60768127441406,131.72883551461356,136.60768127441406,51000,0.0,0.0
2002-09-18,134.16827392578125,134.16827392578125,134.16827392578125,134.16827392578125,15000,0.0,0.0
2002-09-19,126.84999847412111,126.84999847412111,124.41057542654185,126.8499984741211,42000,0.0,0.0
2002-09-20,126.84999847412111,126.84999847412111,126.84999847412111,126.8499984741211,0,0.0,0.0
2002-09-23,126.84999847412111,126.84999847412111,126.84999847412111,126.8499984741211,6000,0.0,0.0
2002-09-24,126.84999847412111,126.84999847412111,126.84999847412111,126.8499984741211,0,0.0,0.0
2002-09-25,121.97115325927736,121.97115325927736,121.97115325927736,121.97115325927734,4000,0.0,0.0
2002-09-26,121.97115325927736,121.97115325927736,121.97115325927736,121.97115325927734,0,0.0,0.0
2002-09-27,121.97115325927736,121.97115325927736,121.97115325927736,121.97115325927734,0,0.0,0.0
2002-09-30,121.97115325927736,121.97115325927736,121.97115325927736,121.97115325927734,0,0.0,0.0
2002-10-01,121.97115325927736,121.97115325927736,121.97115325927736,121.97115325927734,0,0.0,0.0
2002-10-02,121.97115325927736,121.97115325927736,121.97115325927736,121.97115325927734,0,0.0,0.0
2002-10-03,121.97115325927736,121.97115325927736,121.97115325927736,121.97115325927734,0,0.0,0.0
2002-10-04,121.97115325927736,121.97115325927736,121.97115325927736,121.97115325927734,0,0.0,0.0
2002-10-07,126.84999847412111,126.84999847412111,126.84999847412111,126.8499984741211,1000,0.0,0.0
2002-10-08,126.84999847412111,126.84999847412111,126.84999847412111,126.8499984741211,0,0.0,0.0
2002-10-09,126.84999847412111,126.84999847412111,126.84999847412111,126.8499984741211,0,0.0,0.0
2002-10-10,126.84999847412111,126.84999847412111,126.84999847412111,126.8499984741211,0,0.0,0.0
2002-10-11,126.84999847412111,126.84999847412111,126.84999847412111,126.8499984741211,0,0.0,0.0
2002-10-14,126.84999847412111,126.84999847412111,126.84999847412111,126.8499984741211,0,0.0,0.0
2002-10-15,126.84999847412111,126.84999847412111,126.84999847412111,126.8499984741211,0,0.0,0.0
2002-10-16,126.84999847412111,126.84999847412111,126.84999847412111,126.8499984741211,0,0.0,0.0
2002-10-17,126.84999847412111,126.84999847412111,126.84999847412111,126.8499984741211,0,0.0,0.0
2002-10-18,126.84999847412111,126.84999847412111,126.84999847412111,126.8499984741211,0,0.0,0.0
2002-10-21,126.84999847412111,126.84999847412111,126.84999847412111,126.8499984741211,0,0.0,0.0
2002-10-22,126.84999847412111,126.84999847412111,126.84999847412111,126.8499984741211,0,0.0,0.0
2002-10-23,126.84999847412111,126.84999847412111,126.84999847412111,126.8499984741211,0,0.0,0.0
2002-10-24,126.84999847412111,126.84999847412111,126.84999847412111,126.8499984741211,0,0.0,0.0
2002-10-25,126.84999847412111,126.84999847412111,126.84999847412111,126.8499984741211,0,0.0,0.0
2002-10-28,126.84999847412111,126.84999847412111,126.84999847412111,126.8499984741211,0,0.0,0.0
2002-10-29,102.4557640769265,107.33460998535158,102.4557640769265,107.33460998535156,15000,0.0,0.0
2002-10-30,107.33460998535158,107.33460998535158,107.33460998535158,107.33460998535156,0,0.0,0.0
2002-10-31,107.33460998535158,107.33460998535158,107.33460998535158,107.33460998535156,0,0.0,0.0
2002-11-01,107.33460998535158,107.33460998535158,107.33460998535158,107.33460998535156,0,0.0,0.0
2002-11-04,107.33460998535158,107.33460998535158,107.33460998535158,107.33460998535156,0,0.0,0.0
2002-11-05,107.33460998535158,107.33460998535158,107.33460998535158,107.33460998535156,0,0.0,0.0
2002-11-06,107.33460998535158,107.33460998535158,107.33460998535158,107.33460998535156,0,0.0,0.0
2002-11-07,107.33460998535158,107.33460998535158,107.33460998535158,107.33460998535156,0,0.0,0.0
2002-11-08,107.33460998535158,107.33460998535158,107.33460998535158,107.33460998535156,0,0.0,0.0
2002-11-11,107.33460998535158,107.33460998535158,107.33460998535158,107.33460998535156,0,0.0,0.0
2002-11-12,107.33460998535158,107.33460998535158,107.33460998535158,107.33460998535156,0,0.0,0.0
2002-11-13,104.8951873779297,104.8951873779297,104.8951873779297,104.89518737792969,2000,0.0,0.0
2002-11-14,104.8951873779297,104.8951873779297,104.8951873779297,104.89518737792969,0,0.0,0.0
2002-11-15,104.8951873779297,104.8951873779297,104.8951873779297,104.89518737792969,0,0.0,0.0
2002-11-18,104.8951873779297,104.8951873779297,104.8951873779297,104.89518737792969,0,0.0,0.0
2002-11-19,104.8951873779297,104.8951873779297,104.8951873779297,104.89518737792969,0,0.0,0.0
2002-11-20,104.8951873779297,104.8951873779297,104.8951873779297,104.89518737792969,0,0.0,0.0
2002-11-21,104.8951873779297,104.8951873779297,104.8951873779297,104.89518737792969,0,0.0,0.0
2002-11-22,104.8951873779297,104.8951873779297,104.8951873779297,104.89518737792969,0,0.0,0.0
2002-11-25,104.8951873779297,104.8951873779297,104.8951873779297,104.89518737792969,0,0.0,0.0
2002-11-26,104.8951873779297,104.8951873779297,104.8951873779297,104.89518737792969,0,0.0,0.0
2002-11-27,104.8951873779297,104.8951873779297,104.8951873779297,104.89518737792969,0,0.0,0.0
2002-11-28,104.8951873779297,104.8951873779297,104.8951873779297,104.89518737792969,0,0.0,0.0
2002-11-29,104.8951873779297,104.8951873779297,104.8951873779297,104.89518737792969,0,0.0,0.0
2002-12-02,104.8951873779297,104.8951873779297,104.8951873779297,104.89518737792969,0,0.0,0.0
2002-12-03,104.8951873779297,104.8951873779297,104.8951873779297,104.89518737792969,0,0.0,0.0
2002-12-04,104.8951873779297,104.8951873779297,104.8951873779297,104.89518737792969,0,0.0,0.0
2002-12-05,104.8951873779297,104.8951873779297,104.8951873779297,104.89518737792969,0,0.0,0.0
2002-12-06,104.8951873779297,104.8951873779297,104.8951873779297,104.89518737792969,0,0.0,0.0
2002-12-09,104.8951873779297,104.8951873779297,104.8951873779297,104.89518737792969,0,0.0,0.0
2002-12-10,104.8951873779297,104.8951873779297,104.8951873779297,104.89518737792969,0,0.0,0.0
2002-12-11,104.8951873779297,104.8951873779297,104.8951873779297,104.89518737792969,0,0.0,0.0
2002-12-12,104.8951873779297,104.8951873779297,104.8951873779297,104.89518737792969,0,0.0,0.0
2002-12-13,104.8951873779297,104.8951873779297,104.8951873779297,104.89518737792969,0,0.0,0.0
2002-12-16,104.8951873779297,104.8951873779297,104.8951873779297,104.89518737792969,0,0.0,0.0
2002-12-17,104.8951873779297,104.8951873779297,104.8951873779297,104.89518737792969,0,0.0,0.0
2002-12-18,97.57691955566406,97.57691955566406,97.57691955566406,97.57691955566406,5000,0.0,0.0
2002-12-19,97.57691955566406,97.57691955566406,97.57691955566406,97.57691955566406,0,0.0,0.0
2002-12-20,97.57691955566406,97.57691955566406,97.57691955566406,97.57691955566406,0,0.0,0.0
2002-12-23,97.57691955566406,97.57691955566406,97.57691955566406,97.57691955566406,0,0.0,0.0
2002-12-24,97.57691955566406,97.57691955566406,97.57691955566406,97.57691955566406,0,0.0,0.0
2002-12-25,97.57691955566406,97.57691955566406,97.57691955566406,97.57691955566406,0,0.0,0.0
2002-12-26,97.57691955566406,97.57691955566406,97.57691955566406,97.57691955566406,0,0.0,0.0
2002-12-27,97.57691955566406,97.57691955566406,97.57691955566406,97.57691955566406,10000,0.0,0.0
2002-12-30,97.57691955566406,97.57691955566406,97.57691955566406,97.57691955566406,0,0.0,0.0
2002-12-31,97.57691955566406,97.57691955566406,97.57691955566406,97.57691955566406,0,0.0,0.0
2003-01-01,97.57691955566406,97.57691955566406,97.57691955566406,97.57691955566406,0,0.0,0.0
2003-01-02,97.57691955566406,97.57691955566406,97.57691955566406,97.57691955566406,0,0.0,0.0
2003-01-03,97.57691955566406,97.57691955566406,97.57691955566406,97.57691955566406,0,0.0,0.0
2003-01-06,97.57691955566406,97.57691955566406,97.57691955566406,97.57691955566406,0,0.0,0.0
2003-01-07,97.57691955566406,97.57691955566406,97.57691955566406,97.57691955566406,0,0.0,0.0
2003-01-08,97.57691955566406,97.57691955566406,97.57691955566406,97.57691955566406,0,0.0,0.0
2003-01-09,97.57691955566406,97.57691955566406,97.57691955566406,97.57691955566406,0,0.0,0.0
2003-01-10,97.57691955566406,97.57691955566406,97.57691955566406,97.57691955566406,0,0.0,0.0
2003-01-13,97.57691955566406,97.57691955566406,97.57691955566406,97.57691955566406,0,0.0,0.0
2003-01-14,97.57691955566406,97.57691955566406,97.57691955566406,97.57691955566406,0,0.0,0.0
2003-01-15,97.57691955566406,97.57691955566406,97.57691955566406,97.57691955566406,0,0.0,0.0
2003-01-16,97.57691955566406,97.57691955566406,97.57691955566406,97.57691955566406,0,0.0,0.0
2003-01-17,100.01634216308592,100.01634216308592,100.01634216308592,100.01634216308594,1000,0.0,0.0
2003-01-20,100.01634216308592,100.01634216308592,100.01634216308592,100.01634216308594,0,0.0,0.0
2003-01-21,100.01634216308592,100.01634216308592,100.01634216308592,100.01634216308594,0,0.0,0.0
2003-01-22,100.01634216308592,100.01634216308592,100.01634216308592,100.01634216308594,0,0.0,0.0
2003-01-23,100.01634216308592,100.01634216308592,100.01634216308592,100.01634216308594,0,0.0,0.0
2003-01-24,100.01634216308592,100.01634216308592,100.01634216308592,100.01634216308594,0,0.0,0.0
2003-01-27,87.8192367553711,87.8192367553711,87.8192367553711,87.8192367553711,2000,0.0,0.0
2003-01-28,87.8192367553711,87.8192367553711,87.8192367553711,87.8192367553711,0,0.0,0.0
2003-01-29,87.8192367553711,87.8192367553711,87.8192367553711,87.8192367553711,0,0.0,0.0
2003-01-30,87.8192367553711,87.8192367553711,87.8192367553711,87.8192367553711,0,0.0,0.0
2003-01-31,87.8192367553711,87.8192367553711,87.8192367553711,87.8192367553711,0,0.0,0.0
2003-02-03,87.8192367553711,87.8192367553711,87.8192367553711,87.8192367553711,0,0.0,0.0
2003-02-04,87.8192367553711,87.8192367553711,87.8192367553711,87.8192367553711,0,0.0,0.0
2003-02-05,87.8192367553711,87.8192367553711,87.8192367553711,87.8192367553711,0,0.0,0.0
2003-02-06,87.8192367553711,87.8192367553711,87.8192367553711,87.8192367553711,0,0.0,0.0
2003-02-07,87.8192367553711,87.8192367553711,87.8192367553711,87.8192367553711,0,0.0,0.0
2003-02-10,87.8192367553711,87.8192367553711,87.8192367553711,87.8192367553711,0,0.0,0.0
2003-02-11,87.8192367553711,87.8192367553711,87.8192367553711,87.8192367553711,0,0.0,0.0
2003-02-12,87.8192367553711,87.8192367553711,87.8192367553711,87.8192367553711,0,0.0,0.0
2003-02-13,87.8192367553711,87.8192367553711,87.8192367553711,87.8192367553711,0,0.0,0.0
2003-02-14,87.8192367553711,87.8192367553711,87.8192367553711,87.8192367553711,0,0.0,0.0
2003-02-17,87.8192367553711,87.8192367553711,87.8192367553711,87.8192367553711,0,0.0,0.0
2003-02-18,87.8192367553711,87.8192367553711,87.8192367553711,87.8192367553711,0,0.0,0.0
2003-02-19,87.8192367553711,87.8192367553711,87.8192367553711,87.8192367553711,0,0.0,0.0
2003-02-20,87.8192367553711,87.8192367553711,87.8192367553711,87.8192367553711,0,0.0,0.0
2003-02-21,87.8192367553711,87.8192367553711,87.8192367553711,87.8192367553711,0,0.0,0.0
2003-02-24,87.8192367553711,87.8192367553711,87.8192367553711,87.8192367553711,0,0.0,0.0
2003-02-25,65.86441802978516,65.86441802978516,65.86441802978516,65.86441802978516,8000,0.0,0.0
2003-02-26,65.86441802978516,65.86441802978516,65.86441802978516,65.86441802978516,0,0.0,0.0
2003-02-27,65.86441802978516,65.86441802978516,65.86441802978516,65.86441802978516,0,0.0,0.0
2003-02-28,63.424999237060554,63.424999237060554,63.424999237060554,63.42499923706055,31000,0.0,0.0
2003-03-03,63.424999237060554,63.424999237060554,63.424999237060554,63.42499923706055,0,0.0,0.0
2003-03-04,63.424999237060554,63.424999237060554,63.424999237060554,63.42499923706055,0,0.0,0.0
2003-03-05,63.424999237060554,63.424999237060554,63.424999237060554,63.42499923706055,0,0.0,0.0
2003-03-06,63.424999237060554,63.424999237060554,63.424999237060554,63.42499923706055,0,0.0,0.0
2003-03-07,63.424999237060554,63.424999237060554,63.424999237060554,63.42499923706055,0,0.0,0.0
2003-03-10,60.98557662963868,60.98557662963868,60.98557662963868,60.98557662963867,2000,0.0,0.0
2003-03-11,60.98557662963868,60.98557662963868,60.98557662963868,60.98557662963867,0,0.0,0.0
2003-03-12,60.98557662963868,60.98557662963868,60.98557662963868,60.98557662963867,0,0.0,0.0
2003-03-13,58.54615356445313,60.98557662963868,58.54615356445313,60.98557662963867,40000,0.0,0.0
2003-03-14,60.98557662963868,60.98557662963868,60.98557662963868,60.98557662963867,0,0.0,0.0
2003-03-17,60.98557662963868,60.98557662963868,60.98557662963868,60.98557662963867,0,0.0,0.0
2003-03-18,60.98557662963868,60.98557662963868,60.98557662963868,60.98557662963867,0,0.0,0.0
2003-03-19,60.98557662963868,60.98557662963868,60.98557662963868,60.98557662963867,0,0.0,0.0
2003-03-20,60.98557662963868,60.98557662963868,60.98557662963868,60.98557662963867,0,0.0,0.0
2003-03-21,60.98557662963868,60.98557662963868,60.98557662963868,60.98557662963867,0,0.0,0.0
2003-03-24,60.98557662963868,60.98557662963868,60.98557662963868,60.98557662963867,0,0.0,0.0
2003-03-25,60.98557662963868,60.98557662963868,60.98557662963868,60.98557662963867,0,0.0,0.0
2003-03-26,60.98557662963868,60.98557662963868,60.98557662963868,60.98557662963867,0,0.0,0.0
2003-03-27,60.98557662963868,60.98557662963868,60.98557662963868,60.98557662963867,0,0.0,0.0
2003-03-28,60.98557662963868,60.98557662963868,60.98557662963868,60.98557662963867,0,0.0,0.0
2003-03-31,60.98557662963868,60.98557662963868,60.98557662963868,60.98557662963867,6000,0.0,0.0
2003-04-01,60.98557662963868,60.98557662963868,60.98557662963868,60.98557662963867,0,0.0,0.0
2003-04-02,60.98557662963868,60.98557662963868,60.98557662963868,60.98557662963867,0,0.0,0.0
2003-04-03,60.98557662963868,60.98557662963868,60.98557662963868,60.98557662963867,0,0.0,0.0
2003-04-04,60.98557662963868,60.98557662963868,60.98557662963868,60.98557662963867,3000,0.0,0.0
2003-04-07,60.98557662963868,60.98557662963868,60.98557662963868,60.98557662963867,10000,0.0,0.0
2003-04-08,60.98557662963868,60.98557662963868,58.54615356445313,60.98557662963867,90000,0.0,0.0
2003-04-09,60.98557662963868,60.98557662963868,60.98557662963868,60.98557662963867,0,0.0,0.0
2003-04-10,58.54615356445313,63.42499969482422,58.54615356445313,60.98557662963867,65000,0.0,0.0
2003-04-11,63.424999237060554,63.424999237060554,63.424999237060554,63.42499923706055,10000,0.0,0.0
2003-04-14,63.424999237060554,63.424999237060554,63.424999237060554,63.42499923706055,0,0.0,0.0
2003-04-15,63.424999237060554,63.424999237060554,63.424999237060554,63.42499923706055,0,0.0,0.0
2003-04-16,63.42499513979311,65.86441802978516,56.106726469816984,65.86441802978516,148000,0.0,0.0
2003-04-17,60.985572249801066,65.86441802978516,56.106726469816984,65.86441802978516,71000,0.0,0.0
2003-04-18,65.86441802978516,65.86441802978516,65.86441802978516,65.86441802978516,0,0.0,0.0
2003-04-21,65.86441802978516,65.86441802978516,65.86441802978516,65.86441802978516,0,0.0,0.0
2003-04-22,65.86441802978516,65.86441802978516,65.86441802978516,65.86441802978516,0,0.0,0.0
2003-04-23,65.86441802978516,65.86441802978516,65.86441802978516,65.86441802978516,0,0.0,0.0
2003-04-24,65.86441802978516,65.86441802978516,65.86441802978516,65.86441802978516,0,0.0,0.0
2003-04-25,60.98557662963868,60.98557662963868,60.98557662963868,60.98557662963867,10000,0.0,0.0
2003-04-28,60.98557662963868,60.98557662963868,60.98557662963868,60.98557662963867,25000,0.0,0.0
2003-04-29,63.424999237060554,63.424999237060554,63.424999237060554,63.42499923706055,5000,0.0,0.0
2003-04-30,63.424999237060554,63.424999237060554,63.424999237060554,63.42499923706055,0,0.0,0.0
2003-05-01,63.424999237060554,63.424999237060554,63.424999237060554,63.42499923706055,0,0.0,0.0
2003-05-02,63.424999237060554,63.424999237060554,63.424999237060554,63.42499923706055,0,0.0,0.0
2003-05-05,63.424999237060554,63.424999237060554,63.424999237060554,63.42499923706055,0,0.0,0.0
2003-05-06,63.424999237060554,63.424999237060554,63.424999237060554,63.42499923706055,0,0.0,0.0
2003-05-07,63.424999237060554,63.424999237060554,63.424999237060554,63.42499923706055,0,0.0,0.0
2003-05-08,63.424999237060554,63.424999237060554,63.424999237060554,63.42499923706055,0,0.0,0.0
2003-05-09,63.424999237060554,63.424999237060554,63.424999237060554,63.42499923706055,0,0.0,0.0
2003-05-12,63.424999237060554,63.424999237060554,63.424999237060554,63.42499923706055,0,0.0,0.0
2003-05-13,63.424999237060554,63.424999237060554,63.424999237060554,63.42499923706055,0,0.0,0.0
2003-05-14,63.424999237060554,63.424999237060554,63.424999237060554,63.42499923706055,0,0.0,0.0
2003-05-15,63.424999237060554,63.424999237060554,63.424999237060554,63.42499923706055,0,0.0,0.0
2003-05-16,63.424999237060554,63.424999237060554,63.424999237060554,63.42499923706055,0,0.0,0.0
2003-05-19,63.424999237060554,63.424999237060554,63.424999237060554,63.42499923706055,0,0.0,0.0
2003-05-20,63.424999237060554,63.424999237060554,63.424999237060554,63.42499923706055,0,0.0,0.0
2003-05-21,63.424999237060554,63.424999237060554,63.424999237060554,63.42499923706055,0,0.0,0.0
2003-05-22,63.424999237060554,63.424999237060554,63.424999237060554,63.42499923706055,0,0.0,0.0
2003-05-23,63.424999237060554,63.424999237060554,63.424999237060554,63.42499923706055,0,0.0,0.0
2003-05-26,58.5461540222168,58.5461540222168,58.5461540222168,58.5461540222168,6000,0.0,0.0
2003-05-27,63.42500019073486,63.42500019073486,58.5461540222168,58.5461540222168,7000,0.0,0.0
2003-05-28,58.5461540222168,58.5461540222168,58.5461540222168,58.5461540222168,5000,0.0,0.0
2003-05-29,58.5461540222168,58.5461540222168,58.5461540222168,58.5461540222168,0,0.0,0.0
2003-05-30,58.5461540222168,58.5461540222168,58.5461540222168,58.5461540222168,0,0.0,0.0
2003-06-02,65.86441802978516,65.86441802978516,65.86441802978516,65.86441802978516,50000,0.0,0.0
2003-06-03,58.5461540222168,58.5461540222168,58.5461540222168,58.5461540222168,10000,0.0,0.0
2003-06-04,58.5461540222168,58.5461540222168,58.5461540222168,58.5461540222168,0,0.0,0.0
2003-06-05,63.424999237060554,63.424999237060554,63.424999237060554,63.42499923706055,10000,0.0,0.0
2003-06-06,63.424999237060554,63.424999237060554,63.424999237060554,63.42499923706055,0,0.0,0.0
2003-06-09,63.424999237060554,63.424999237060554,63.424999237060554,63.42499923706055,0,0.0,0.0
2003-06-10,63.424999237060554,63.424999237060554,63.424999237060554,63.42499923706055,0,0.0,0.0
2003-06-11,63.424999237060554,63.424999237060554,63.424999237060554,63.42499923706055,1000,0.0,0.0
2003-06-12,63.424999237060554,63.424999237060554,63.424999237060554,63.42499923706055,0,0.0,0.0
2003-06-13,63.424999237060554,63.424999237060554,63.424999237060554,63.42499923706055,0,0.0,0.0
2003-06-16,63.424999237060554,63.424999237060554,63.424999237060554,63.42499923706055,0,0.0,0.0
2003-06-17,63.424999237060554,63.424999237060554,63.424999237060554,63.42499923706055,0,0.0,0.0
2003-06-18,63.424999237060554,63.424999237060554,63.424999237060554,63.42499923706055,0,0.0,0.0
2003-06-19,63.424999237060554,63.424999237060554,63.424999237060554,63.42499923706055,0,0.0,0.0
2003-06-20,63.424999237060554,63.424999237060554,63.424999237060554,63.42499923706055,0,0.0,0.0
2003-06-23,63.424999237060554,63.424999237060554,63.424999237060554,63.42499923706055,0,0.0,0.0
2003-06-24,63.424999237060554,63.424999237060554,63.424999237060554,63.42499923706055,0,0.0,0.0
2003-06-25,63.424999237060554,63.424999237060554,63.424999237060554,63.42499923706055,0,0.0,0.0
2003-06-26,63.424999237060554,63.424999237060554,63.424999237060554,63.42499923706055,0,0.0,0.0
2003-06-27,63.424999237060554,63.424999237060554,63.424999237060554,63.42499923706055,0,0.0,0.0
2003-06-30,63.424999237060554,63.424999237060554,63.424999237060554,63.42499923706055,0,0.0,0.0
2003-07-01,63.424999237060554,63.424999237060554,63.424999237060554,63.42499923706055,0,0.0,0.0
2003-07-02,63.424999237060554,63.424999237060554,63.424999237060554,63.42499923706055,0,0.0,0.0
2003-07-03,63.424999237060554,63.424999237060554,63.424999237060554,63.42499923706055,0,0.0,0.0
2003-07-04,63.424999237060554,63.424999237060554,63.424999237060554,63.42499923706055,0,0.0,0.0
2003-07-07,63.424999237060554,63.424999237060554,63.424999237060554,63.42499923706055,0,0.0,0.0
2003-07-08,63.424999237060554,63.424999237060554,63.424999237060554,63.42499923706055,0,0.0,0.0
2003-07-09,63.424999237060554,63.424999237060554,63.424999237060554,63.42499923706055,0,0.0,0.0
2003-07-10,63.424999237060554,63.424999237060554,63.424999237060554,63.42499923706055,0,0.0,0.0
2003-07-11,63.424999237060554,63.424999237060554,63.424999237060554,63.42499923706055,0,0.0,0.0
2003-07-14,63.424999237060554,63.424999237060554,63.424999237060554,63.42499923706055,0,0.0,0.0
2003-07-15,63.424999237060554,63.424999237060554,63.424999237060554,63.42499923706055,0,0.0,0.0
2003-07-16,63.424999237060554,63.424999237060554,63.424999237060554,63.42499923706055,0,0.0,0.0
2003-07-17,63.424999237060554,63.424999237060554,63.424999237060554,63.42499923706055,0,0.0,0.0
2003-07-18,63.424999237060554,63.424999237060554,63.424999237060554,63.42499923706055,0,0.0,0.0
2003-07-21,63.916667938232415,63.916667938232415,63.916667938232415,63.91666793823242,0,0.5,0.0
2003-07-22,63.916667938232415,63.916667938232415,63.916667938232415,63.91666793823242,0,0.0,0.0
2003-07-23,63.916667938232415,63.916667938232415,63.916667938232415,63.91666793823242,0,0.0,0.0
2003-07-24,63.916667938232415,63.916667938232415,63.916667938232415,63.91666793823242,0,0.0,0.0
2003-07-25,63.916667938232415,63.916667938232415,63.916667938232415,63.91666793823242,0,0.0,0.0
2003-07-28,63.916667938232415,63.916667938232415,63.916667938232415,63.91666793823242,0,0.0,0.0
2003-07-29,63.916667938232415,63.916667938232415,63.916667938232415,63.91666793823242,0,0.0,0.0
2003-07-30,63.916667938232415,63.916667938232415,63.916667938232415,63.91666793823242,0,0.0,0.0
2003-07-31,63.916667938232415,63.916667938232415,63.916667938232415,63.91666793823242,0,0.0,0.0
2003-08-01,63.916667938232415,63.916667938232415,63.916667938232415,63.91666793823242,0,0.0,0.0
2003-08-04,63.916667938232415,63.916667938232415,63.916667938232415,63.91666793823242,0,0.0,0.0
2003-08-05,63.916667938232415,63.916667938232415,63.916667938232415,63.91666793823242,0,0.0,0.0
2003-08-06,63.916667938232415,63.916667938232415,63.916667938232415,63.91666793823242,0,0.0,0.0
2003-08-07,63.916667938232415,63.916667938232415,63.916667938232415,63.91666793823242,0,0.0,0.0
2003-08-08,63.916667938232415,63.916667938232415,63.916667938232415,63.91666793823242,0,0.0,0.0
2003-08-11,63.916667938232415,63.916667938232415,63.916667938232415,63.91666793823242,0,0.0,0.0
2003-08-12,63.916667938232415,63.916667938232415,63.916667938232415,63.91666793823242,0,0.0,0.0
2003-08-13,63.916667938232415,63.916667938232415,63.916667938232415,63.91666793823242,0,0.0,0.0
2003-08-14,63.916667938232415,63.916667938232415,63.916667938232415,63.91666793823242,0,0.0,0.0
2003-08-15,63.916667938232415,63.916667938232415,63.916667938232415,63.91666793823242,20000,0.0,0.0
2003-08-18,63.916667938232415,63.916667938232415,63.916667938232415,63.91666793823242,0,0.0,0.0
2003-08-19,63.916667938232415,63.916667938232415,63.916667938232415,63.91666793823242,46000,0.0,0.0
2003-08-20,63.916667938232415,63.916667938232415,63.916667938232415,63.91666793823242,0,0.0,0.0
2003-08-21,63.916667938232415,63.916667938232415,63.916667938232415,63.91666793823242,0,0.0,0.0
2003-08-22,63.916667938232415,63.916667938232415,63.916667938232415,63.91666793823242,0,0.0,0.0
2003-08-25,63.916667938232415,63.916667938232415,63.916667938232415,63.91666793823242,0,0.0,0.0
2003-08-26,63.916667938232415,63.916667938232415,63.916667938232415,63.91666793823242,0,0.0,0.0
2003-08-27,63.916667938232415,63.916667938232415,63.916667938232415,63.91666793823242,0,0.0,0.0
2003-08-28,63.916667938232415,63.916667938232415,63.916667938232415,63.91666793823242,0,0.0,0.0
2003-08-29,63.916667938232415,63.916667938232415,63.916667938232415,63.91666793823242,0,0.0,0.0
2003-09-01,63.916667938232415,63.916667938232415,63.916667938232415,63.91666793823242,0,0.0,0.0
2003-09-02,63.916667938232415,63.916667938232415,63.916667938232415,63.91666793823242,0,0.0,0.0
2003-09-03,63.916667938232415,63.916667938232415,63.916667938232415,63.91666793823242,0,0.0,0.0
2003-09-04,63.916667938232415,63.916667938232415,63.916667938232415,63.91666793823242,0,0.0,0.0
2003-09-05,63.91666666666667,66.375,63.91666666666667,66.375,60000,0.0,0.0
2003-09-08,68.83333333333334,68.83333333333334,66.375,66.375,65000,0.0,0.0
2003-09-09,68.83333587646484,68.83333587646484,68.83333587646484,68.83333587646484,5000,0.0,0.0
2003-09-10,66.375,66.375,66.375,66.375,5000,0.0,0.0
2003-09-11,59.0,66.375,59.0,66.375,210000,0.0,0.0
2003-09-12,66.375,66.375,66.375,66.375,2000,0.0,0.0
2003-09-15,66.375,66.375,66.375,66.375,0,0.0,0.0
2003-09-16,73.75,73.75,73.75,73.75,1000,0.0,0.0
2003-09-17,73.75,73.75,73.75,73.75,0,0.0,0.0
2003-09-18,68.83333587646484,68.83333587646484,68.83333587646484,68.83333587646484,10000,0.0,0.0
2003-09-19,68.83333333333334,73.75,68.83333333333334,73.75,185000,0.0,0.0
2003-09-22,73.75,73.75,73.75,73.75,0,0.0,0.0
2003-09-23,61.45833587646484,61.45833587646484,61.45833587646484,61.458335876464844,6000,0.0,0.0
2003-09-24,61.45833587646484,61.45833587646484,61.45833587646484,61.458335876464844,0,0.0,0.0
2003-09-25,63.91666666666667,68.83333333333334,63.91666666666667,66.375,144000,0.0,0.0
2003-09-26,63.91666879961567,86.04166953794417,63.91666879961567,76.20833587646484,739000,0.0,0.0
2003-09-29,78.66666666666667,86.04166666666667,76.20833333333334,81.125,226000,0.0,0.0
2003-09-30,81.12500524520874,86.04167222976685,78.66667175292969,78.66667175292969,85000,0.0,0.0
2003-10-01,78.66667175292969,78.66667175292969,76.20833826065063,78.66667175292969,49000,0.0,0.0
2003-10-02,81.125,81.125,81.125,81.125,15000,0.0,0.0
2003-10-03,83.58333587646484,90.9583361008588,83.58333587646484,83.58333587646484,125000,0.0,0.0
2003-10-06,78.66667175292969,78.66667175292969,78.66667175292969,78.66667175292969,5000,0.0,0.0
2003-10-07,78.66667175292969,78.66667175292969,78.66667175292969,78.66667175292969,0,0.0,0.0
2003-10-08,81.125,83.58333333333334,81.125,81.125,100000,0.0,0.0
2003-10-09,81.12500270720452,81.12500270720452,76.20833587646484,76.20833587646484,98000,0.0,0.0
2003-10-10,81.12500524520874,83.5833387374878,76.20833826065063,78.66667175292969,190000,0.0,0.0
2003-10-13,81.125,88.5,51.625,51.625,18368000,0.0,0.0
2003-10-14,54.083335331508096,59.000002179827014,34.41666793823242,34.41666793823242,18080000,0.0,0.0
2003-10-15,34.41666793823242,36.875001362391885,31.958334514072966,34.41666793823242,20353000,0.0,0.0
2003-10-16,34.41666793823242,34.41666793823242,34.41666793823242,34.41666793823242,18130000,0.0,0.0
2003-10-17,34.41666735135592,34.41666735135592,27.04166720463679,31.95833396911621,25074000,0.0,0.0
2003-10-20,31.958333333333336,36.875,31.958333333333336,36.875,5161000,0.0,0.0
2003-10-21,36.875,36.875,34.41666666666667,36.875,671000,0.0,0.0
2003-10-22,34.41666666666667,36.875,34.41666666666667,36.875,621000,0.0,0.0
2003-10-23,34.41666793823242,34.41666793823242,34.41666793823242,34.41666793823242,1640000,0.0,0.0
2003-10-24,34.41666793823242,34.41666793823242,34.41666793823242,34.41666793823242,150000,0.0,0.0
2003-10-27,34.41666793823242,34.41666793823242,34.41666793823242,34.41666793823242,233000,0.0,0.0
2003-10-28,34.41666793823242,34.41666793823242,34.41666793823242,34.41666793823242,60000,0.0,0.0
2003-10-29,34.41666793823242,34.41666793823242,34.41666793823242,34.41666793823242,0,0.0,0.0
2003-10-30,34.41666793823242,34.41666793823242,34.41666793823242,34.41666793823242,0,0.0,0.0
2003-10-31,29.500001089913507,34.41666793823242,29.500001089913507,34.41666793823242,612000,0.0,0.0
2003-11-03,34.41666793823242,34.41666793823242,31.958334514072966,34.41666793823242,1001000,0.0,0.0
2003-11-04,34.41666889190674,39.333335876464844,34.41666889190674,39.333335876464844,3305000,0.0,0.0
2003-11-05,36.875001362391885,36.875001362391885,34.41666793823242,34.41666793823242,1020000,0.0,0.0
2003-11-06,34.41666793823242,34.41666793823242,34.41666793823242,34.41666793823242,657000,0.0,0.0
2003-11-07,34.41666793823242,36.875001362391885,31.958334514072966,34.41666793823242,561000,0.0,0.0
2003-11-10,31.958334514072966,34.41666793823242,31.958334514072966,34.41666793823242,341000,0.0,0.0
2003-11-11,34.41666793823242,34.41666793823242,34.41666793823242,34.41666793823242,299000,0.0,0.0
2003-11-12,36.875001362391885,36.875001362391885,34.41666793823242,34.41666793823242,165000,0.0,0.0
2003-11-13,31.958333969116207,31.958333969116207,31.958333969116207,31.95833396911621,870000,0.0,0.0
2003-11-14,31.958333969116207,31.958333969116207,31.958333969116207,31.95833396911621,25000,0.0,0.0
2003-11-17,31.958333969116207,31.958333969116207,31.958333969116207,31.95833396911621,20000,0.0,0.0
2003-11-18,31.958334514072966,34.41666793823242,29.500001089913507,34.41666793823242,110000,0.0,0.0
2003-11-19,31.958334514072966,34.41666793823242,31.958334514072966,34.41666793823242,163000,0.0,0.0
2003-11-20,31.958334514072966,34.41666793823242,31.958334514072966,34.41666793823242,151000,0.0,0.0
2003-11-21,34.41666793823242,34.41666793823242,34.41666793823242,34.41666793823242,0,0.0,0.0
2003-11-24,34.41666793823242,34.41666793823242,34.41666793823242,34.41666793823242,0,0.0,0.0
2003-11-25,34.41666793823242,34.41666793823242,34.41666793823242,34.41666793823242,0,0.0,0.0
2003-11-26,34.41666793823242,34.41666793823242,34.41666793823242,34.41666793823242,0,0.0,0.0
2003-11-27,34.41666793823242,34.41666793823242,34.41666793823242,34.41666793823242,0,0.0,0.0
2003-11-28,34.41666793823242,34.41666793823242,34.41666793823242,34.41666793823242,0,0.0,0.0
2003-12-01,31.958334514072966,36.875001362391885,31.958334514072966,34.41666793823242,1311000,0.0,0.0
2003-12-02,36.875001362391885,36.875001362391885,34.41666793823242,34.41666793823242,282000,0.0,0.0
2003-12-03,34.41666793823242,34.41666793823242,34.41666793823242,34.41666793823242,348000,0.0,0.0
2003-12-04,34.41666793823242,34.41666793823242,34.41666793823242,34.41666793823242,215000,0.0,0.0
2003-12-05,36.875001362391885,36.875001362391885,34.41666793823242,34.41666793823242,272000,0.0,0.0
2003-12-08,36.875,36.875,34.41666666666667,36.875,517000,0.0,0.0
2003-12-09,34.41666793823242,34.41666793823242,34.41666793823242,34.41666793823242,459000,0.0,0.0
2003-12-10,36.875,39.333333333333336,36.875,36.875,898000,0.0,0.0
2003-12-11,39.333333333333336,39.333333333333336,36.875,36.875,783000,0.0,0.0
2003-12-12,36.875,36.875,36.875,36.875,9000,0.0,0.0
2003-12-15,34.41666793823242,34.41666793823242,34.41666793823242,34.41666793823242,2000,0.0,0.0
2003-12-16,36.875001362391885,36.875001362391885,34.41666793823242,34.41666793823242,170000,0.0,0.0
2003-12-17,34.41666793823242,34.41666793823242,34.41666793823242,34.41666793823242,580000,0.0,0.0
2003-12-18,34.41666793823242,34.41666793823242,34.41666793823242,34.41666793823242,0,0.0,0.0
2003-12-19,34.41666793823242,34.41666793823242,34.41666793823242,34.41666793823242,0,0.0,0.0
2003-12-22,36.875,36.875,36.875,36.875,4000,0.0,0.0
2003-12-23,34.41666793823242,34.41666793823242,34.41666793823242,34.41666793823242,50000,0.0,0.0
2003-12-24,34.41666793823242,34.41666793823242,34.41666793823242,34.41666793823242,0,0.0,0.0
2003-12-25,34.41666793823242,34.41666793823242,34.41666793823242,34.41666793823242,0,0.0,0.0
2003-12-26,34.41666793823242,34.41666793823242,34.41666793823242,34.41666793823242,0,0.0,0.0
2003-12-29,36.875001362391885,36.875001362391885,34.41666793823242,34.41666793823242,129000,0.0,0.0
2003-12-30,36.87500238418579,39.333335876464844,36.87500238418579,39.333335876464844,2000000,0.0,0.0
2003-12-31,39.333335876464844,39.333335876464844,39.333335876464844,39.333335876464844,0,0.0,0.0
2004-01-01,39.333335876464844,39.333335876464844,39.333335876464844,39.333335876464844,0,0.0,0.0
2004-01-02,36.87500238418579,39.333335876464844,36.87500238418579,39.333335876464844,1765000,0.0,0.0
2004-01-05,39.333335876464844,41.7916693687439,39.333335876464844,39.333335876464844,2740000,0.0,0.0
2004-01-06,39.333334530101105,46.70833475449506,39.333334530101105,41.79166793823242,5583000,0.0,0.0
2004-01-07,41.79166793823242,41.79166793823242,39.333334530101105,41.79166793823242,3921000,0.0,0.0
2004-01-08,41.79166666666667,44.25,41.79166666666667,44.25,6045000,0.0,0.0
2004-01-09,44.25,44.25,41.79166666666667,44.25,2661000,0.0,0.0
2004-01-12,41.7916693687439,41.7916693687439,39.333335876464844,39.333335876464844,701000,0.0,0.0
2004-01-13,41.79166793823242,44.250001346363746,41.79166793823242,41.79166793823242,305000,0.0,0.0
2004-01-14,41.79166793823242,41.79166793823242,41.79166793823242,41.79166793823242,394000,0.0,0.0
2004-01-15,41.79166793823242,41.79166793823242,41.79166793823242,41.79166793823242,205000,0.0,0.0
2004-01-16,39.333334530101105,41.79166793823242,39.333334530101105,41.79166793823242,56000,0.0,0.0
2004-01-19,41.79166793823242,44.250001346363746,41.79166793823242,41.79166793823242,986000,0.0,0.0
2004-01-20,41.79166793823242,41.79166793823242,39.333334530101105,41.79166793823242,598000,0.0,0.0
2004-01-21,41.79166793823242,41.79166793823242,41.79166793823242,41.79166793823242,167000,0.0,0.0
2004-01-22,41.79166793823242,41.79166793823242,41.79166793823242,41.79166793823242,0,0.0,0.0
2004-01-23,41.79166793823242,41.79166793823242,41.79166793823242,41.79166793823242,425000,0.0,0.0
2004-01-26,41.7916693687439,41.7916693687439,39.333335876464844,39.333335876464844,715000,0.0,0.0
2004-01-27,39.333335876464844,41.7916693687439,39.333335876464844,39.333335876464844,322000,0.0,0.0
2004-01-28,39.333335876464844,41.7916693687439,39.333335876464844,39.333335876464844,186000,0.0,0.0
2004-01-29,39.333335876464844,41.7916693687439,39.333335876464844,39.333335876464844,1201000,0.0,0.0
2004-01-30,39.333335876464844,39.333335876464844,39.333335876464844,39.333335876464844,289000,0.0,0.0
2004-02-02,39.333335876464844,39.333335876464844,39.333335876464844,39.333335876464844,0,0.0,0.0
2004-02-03,39.333335876464844,39.333335876464844,39.333335876464844,39.333335876464844,500000,0.0,0.0
2004-02-04,39.333335876464844,39.333335876464844,39.333335876464844,39.333335876464844,60000,0.0,0.0
2004-02-05,36.875,36.875,36.875,36.875,2000,0.0,0.0
2004-02-06,39.333335876464844,39.333335876464844,39.333335876464844,39.333335876464844,20000,0.0,0.0
2004-02-09,39.333335876464844,39.333335876464844,39.333335876464844,39.333335876464844,50000,0.0,0.0
2004-02-10,36.87500238418579,39.333335876464844,36.87500238418579,39.333335876464844,50000,0.0,0.0
2004-02-11,39.333333333333336,39.333333333333336,36.875,36.875,580000,0.0,0.0
2004-02-12,36.875,36.875,36.875,36.875,400000,0.0,0.0
2004-02-13,39.333335876464844,39.333335876464844,39.333335876464844,39.333335876464844,50000,0.0,0.0
2004-02-16,36.875,36.875,36.875,36.875,50000,0.0,0.0
2004-02-17,36.875,39.333333333333336,36.875,36.875,1598000,0.0,0.0
2004-02-18,39.333334530101105,41.79166793823242,39.333334530101105,41.79166793823242,5383000,0.0,0.0
2004-02-19,39.333334530101105,41.79166793823242,39.333334530101105,41.79166793823242,260000,0.0,0.0
2004-02-20,39.333335876464844,39.333335876464844,39.333335876464844,39.333335876464844,10000,0.0,0.0
2004-02-23,39.333335876464844,39.333335876464844,39.333335876464844,39.333335876464844,0,0.0,0.0
2004-02-24,39.333334530101105,41.79166793823242,39.333334530101105,41.79166793823242,2733000,0.0,0.0
2004-02-25,39.333334530101105,41.79166793823242,39.333334530101105,41.79166793823242,2495000,0.0,0.0
2004-02-26,41.79166793823242,41.79166793823242,41.79166793823242,41.79166793823242,677000,0.0,0.0
2004-02-27,41.7916693687439,41.7916693687439,39.333335876464844,39.333335876464844,207000,0.0,0.0
2004-03-01,36.87500238418579,39.333335876464844,36.87500238418579,39.333335876464844,102000,0.0,0.0
2004-03-02,39.333334530101105,41.79166793823242,39.333334530101105,41.79166793823242,2340000,0.0,0.0
2004-03-03,41.79166793823242,41.79166793823242,41.79166793823242,41.79166793823242,100000,0.0,0.0
2004-03-04,41.79166793823242,44.250001346363746,41.79166793823242,41.79166793823242,15000,0.0,0.0
2004-03-05,41.79166793823242,41.79166793823242,39.333334530101105,41.79166793823242,485000,0.0,0.0
2004-03-08,39.333334530101105,41.79166793823242,39.333334530101105,41.79166793823242,15000,0.0,0.0
2004-03-09,39.333334530101105,41.79166793823242,39.333334530101105,41.79166793823242,164000,0.0,0.0
2004-03-10,39.333334530101105,41.79166793823242,39.333334530101105,41.79166793823242,21000,0.0,0.0
2004-03-11,41.79166793823242,41.79166793823242,41.79166793823242,41.79166793823242,1530000,0.0,0.0
2004-03-12,41.79166793823242,41.79166793823242,39.333334530101105,41.79166793823242,243000,0.0,0.0
2004-03-15,41.79166793823242,41.79166793823242,39.333334530101105,41.79166793823242,87000,0.0,0.0
2004-03-16,39.333334530101105,41.79166793823242,39.333334530101105,41.79166793823242,206000,0.0,0.0
2004-03-17,41.79166793823242,41.79166793823242,41.79166793823242,41.79166793823242,358000,0.0,0.0
2004-03-18,44.250001346363746,44.250001346363746,41.79166793823242,41.79166793823242,232000,0.0,0.0
2004-03-19,41.79166793823242,41.79166793823242,41.79166793823242,41.79166793823242,0,0.0,0.0
2004-03-22,41.79166793823242,41.79166793823242,41.79166793823242,41.79166793823242,0,0.0,0.0
2004-03-23,41.79166793823242,41.79166793823242,41.79166793823242,41.79166793823242,0,0.0,0.0
2004-03-24,39.333335876464844,39.333335876464844,39.333335876464844,39.333335876464844,20000,0.0,0.0
2004-03-25,41.79166793823242,41.79166793823242,41.79166793823242,41.79166793823242,350000,0.0,0.0
2004-03-26,39.333334530101105,41.79166793823242,39.333334530101105,41.79166793823242,301000,0.0,0.0
2004-03-29,39.333335876464844,39.333335876464844,39.333335876464844,39.333335876464844,240000,0.0,0.0
2004-03-30,41.79166793823242,41.79166793823242,41.79166793823242,41.79166793823242,1000,0.0,0.0
2004-03-31,41.79166793823242,41.79166793823242,41.79166793823242,41.79166793823242,0,0.0,0.0
2004-04-01,36.87500112196979,41.79166793823242,36.87500112196979,41.79166793823242,211000,0.0,0.0
2004-04-02,41.79166793823242,41.79166793823242,41.79166793823242,41.79166793823242,0,0.0,0.0
2004-04-05,41.79166793823242,41.79166793823242,41.79166793823242,41.79166793823242,0,0.0,0.0
2004-04-06,39.333334530101105,41.79166793823242,39.333334530101105,41.79166793823242,5000,0.0,0.0
2004-04-07,39.333334530101105,41.79166793823242,39.333334530101105,41.79166793823242,547000,0.0,0.0
2004-04-08,41.79166793823242,41.79166793823242,41.79166793823242,41.79166793823242,0,0.0,0.0
2004-04-09,41.79166793823242,41.79166793823242,41.79166793823242,41.79166793823242,0,0.0,0.0
2004-04-12,41.79166793823242,41.79166793823242,41.79166793823242,41.79166793823242,0,0.0,0.0
2004-04-13,41.79166793823242,41.79166793823242,41.79166793823242,41.79166793823242,0,0.0,0.0
2004-04-14,39.333334530101105,41.79166793823242,39.333334530101105,41.79166793823242,517000,0.0,0.0
2004-04-15,41.79166793823242,41.79166793823242,41.79166793823242,41.79166793823242,300000,0.0,0.0
2004-04-16,41.79166793823242,41.79166793823242,41.79166793823242,41.79166793823242,0,0.0,0.0
2004-04-19,41.79166793823242,41.79166793823242,39.333334530101105,41.79166793823242,750000,0.0,0.0
2004-04-20,41.79166793823242,41.79166793823242,41.79166793823242,41.79166793823242,0,0.0,0.0
2004-04-21,41.79166793823242,41.79166793823242,41.79166793823242,41.79166793823242,150000,0.0,0.0
2004-04-22,41.79166793823242,41.79166793823242,41.79166793823242,41.79166793823242,0,0.0,0.0
2004-04-23,41.79166793823242,41.79166793823242,41.79166793823242,41.79166793823242,0,0.0,0.0
2004-04-26,41.79166793823242,41.79166793823242,41.79166793823242,41.79166793823242,0,0.0,0.0
2004-04-27,39.333334530101105,41.79166793823242,39.333334530101105,41.79166793823242,250000,0.0,0.0
2004-04-28,41.79166793823242,41.79166793823242,41.79166793823242,41.79166793823242,0,0.0,0.0
2004-04-29,41.79166793823242,41.79166793823242,41.79166793823242,41.79166793823242,0,0.0,0.0
2004-04-30,41.79166793823242,41.79166793823242,41.79166793823242,41.79166793823242,0,0.0,0.0
2004-05-03,41.79166793823242,41.79166793823242,41.79166793823242,41.79166793823242,0,0.0,0.0
2004-05-04,41.79166793823242,41.79166793823242,41.79166793823242,41.79166793823242,0,0.0,0.0
2004-05-05,41.79166793823242,41.79166793823242,41.79166793823242,41.79166793823242,0,0.0,0.0
2004-05-06,39.333334530101105,41.79166793823242,39.333334530101105,41.79166793823242,2400000,0.0,0.0
2004-05-07,39.333335876464844,39.333335876464844,39.333335876464844,39.333335876464844,25000,0.0,0.0
2004-05-10,39.333333333333336,39.333333333333336,36.875,36.875,450000,0.0,0.0
2004-05-11,39.333335876464844,39.333335876464844,39.333335876464844,39.333335876464844,250000,0.0,0.0
2004-05-12,39.333335876464844,39.333335876464844,39.333335876464844,39.333335876464844,800000,0.0,0.0
2004-05-13,36.87500238418579,41.7916693687439,36.87500238418579,39.333335876464844,840000,0.0,0.0
2004-05-14,39.333335876464844,39.333335876464844,39.333335876464844,39.333335876464844,200000,0.0,0.0
2004-05-17,34.41666889190674,39.333335876464844,34.41666889190674,39.333335876464844,1403000,0.0,0.0
2004-05-18,36.875001362391885,36.875001362391885,34.41666793823242,34.41666793823242,583000,0.0,0.0
2004-05-19,36.875,36.875,36.875,36.875,451000,0.0,0.0
2004-05-20,36.875,36.875,36.875,36.875,0,0.0,0.0
2004-05-21,36.875,36.875,36.875,36.875,0,0.0,0.0
2004-05-24,36.875,36.875,36.875,36.875,0,0.0,0.0
2004-05-25,36.875,36.875,36.875,36.875,0,0.0,0.0
2004-05-26,36.875,36.875,36.875,36.875,0,0.0,0.0
2004-05-27,39.333333333333336,39.333333333333336,36.875,36.875,101000,0.0,0.0
2004-05-28,36.875,36.875,36.875,36.875,0,0.0,0.0
2004-05-31,36.875,36.875,36.875,36.875,0,0.0,0.0
2004-06-01,36.875,36.875,36.875,36.875,0,0.0,0.0
2004-06-02,36.875,36.875,36.875,36.875,0,0.0,0.0
2004-06-03,36.875,36.875,36.875,36.875,0,0.0,0.0
2004-06-04,36.875,36.875,36.875,36.875,0,0.0,0.0
2004-06-07,36.875,36.875,36.875,36.875,0,0.0,0.0
2004-06-08,36.875,36.875,36.875,36.875,100000,0.0,0.0
2004-06-09,36.875,36.875,36.875,36.875,0,0.0,0.0
2004-06-10,36.875,36.875,36.875,36.875,95000,0.0,0.0
2004-06-11,36.875,36.875,36.875,36.875,200000,0.0,0.0
2004-06-14,34.41666666666667,36.875,34.41666666666667,36.875,120000,0.0,0.0
2004-06-15,36.875,36.875,36.875,36.875,0,0.0,0.0
2004-06-16,39.333335876464844,39.333335876464844,39.333335876464844,39.333335876464844,185000,0.0,0.0
2004-06-17,39.333335876464844,39.333335876464844,39.333335876464844,39.333335876464844,0,0.0,0.0
2004-06-18,39.333335876464844,39.333335876464844,39.333335876464844,39.333335876464844,0,0.0,0.0
2004-06-21,39.333335876464844,39.333335876464844,39.333335876464844,39.333335876464844,0,0.0,0.0
2004-06-22,39.333335876464844,39.333335876464844,39.333335876464844,39.333335876464844,0,0.0,0.0
2004-06-23,39.333335876464844,39.333335876464844,39.333335876464844,39.333335876464844,0,0.0,0.0
2004-06-24,34.41666793823242,34.41666793823242,34.41666793823242,34.41666793823242,100000,0.0,0.0
2004-06-25,36.875,36.875,36.875,36.875,300000,0.0,0.0
2004-06-28,36.875,36.875,36.875,36.875,0,0.0,0.0
2004-06-29,36.875,36.875,36.875,36.875,0,0.0,0.0
2004-06-30,39.333335876464844,39.333335876464844,39.333335876464844,39.333335876464844,10000,0.0,0.0
2004-07-01,41.79166793823242,41.79166793823242,41.79166793823242,41.79166793823242,7000,0.0,0.0
2004-07-02,41.79166793823242,41.79166793823242,41.79166793823242,41.79166793823242,0,0.0,0.0
2004-07-05,41.79166793823242,41.79166793823242,41.79166793823242,41.79166793823242,0,0.0,0.0
2004-07-06,41.79166793823242,41.79166793823242,41.79166793823242,41.79166793823242,0,0.0,0.0
2004-07-07,41.79166793823242,41.79166793823242,41.79166793823242,41.79166793823242,0,0.0,0.0
2004-07-08,41.79166793823242,41.79166793823242,41.79166793823242,41.79166793823242,0,0.0,0.0
2004-07-09,44.25,44.25,44.25,44.25,5000,0.0,0.0
2004-07-12,44.25,44.25,44.25,44.25,0,0.0,0.0
2004-07-13,44.25,44.25,44.25,44.25,0,0.0,0.0
2004-07-14,44.25,44.25,44.25,44.25,0,0.0,0.0
2004-07-15,44.25,44.25,44.25,44.25,0,0.0,0.0
2004-07-16,44.25,44.25,44.25,44.25,0,0.0,0.0
2004-07-19,45.0,45.0,45.0,45.0,0,0.75,0.0
2004-07-20,35.0,37.5,32.5,37.5,43000,0.0,0.0
2004-07-21,37.5,37.5,37.5,37.5,0,0.0,0.0
2004-07-22,37.5,37.5,37.5,37.5,0,0.0,0.0
2004-07-23,35.0,40.0,35.0,40.0,200000,0.0,0.0
2004-07-26,37.5,42.5,37.5,42.5,231000,0.0,0.0
2004-07-27,42.5,42.5,42.5,42.5,0,0.0,0.0
2004-07-28,42.5,42.5,42.5,42.5,0,0.0,0.0
2004-07-29,42.5,42.5,42.5,42.5,130000,0.0,0.0
2004-07-30,40.0,40.0,40.0,40.0,201000,0.0,0.0
2004-08-02,40.0,40.0,40.0,40.0,0,0.0,0.0
2004-08-03,40.0,40.0,40.0,40.0,200000,0.0,0.0
2004-08-04,40.0,40.0,40.0,40.0,0,0.0,0.0
2004-08-05,40.0,40.0,40.0,40.0,50000,0.0,0.0
2004-08-06,40.0,40.0,40.0,40.0,46000,0.0,0.0
2004-08-09,40.0,40.0,40.0,40.0,208000,0.0,0.0
2004-08-10,40.0,40.0,40.0,40.0,0,0.0,0.0
2004-08-11,40.0,42.5,40.0,42.5,100000,0.0,0.0
2004-08-12,42.5,42.5,40.0,40.0,400000,0.0,0.0
2004-08-13,45.0,47.5,40.0,40.0,995000,0.0,0.0
2004-08-16,40.0,40.0,40.0,40.0,0,0.0,0.0
2004-08-17,40.0,40.0,40.0,40.0,0,0.0,0.0
2004-08-18,40.0,40.0,40.0,40.0,0,0.0,0.0
2004-08-19,40.0,40.0,40.0,40.0,0,0.0,0.0
2004-08-20,40.0,40.0,40.0,40.0,0,0.0,0.0
2004-08-23,40.0,40.0,40.0,40.0,0,0.0,0.0
2004-08-24,40.0,40.0,40.0,40.0,0,0.0,0.0
2004-08-25,40.0,40.0,40.0,40.0,380000,0.0,0.0
2004-08-26,40.0,40.0,40.0,40.0,0,0.0,0.0
2004-08-27,40.0,42.5,40.0,40.0,115000,0.0,0.0
2004-08-30,40.0,40.0,40.0,40.0,10000,0.0,0.0
2004-08-31,42.5,45.0,42.5,45.0,10000,0.0,0.0
2004-09-01,40.0,40.0,40.0,40.0,40000,0.0,0.0
2004-09-02,42.5,42.5,42.5,42.5,50000,0.0,0.0
2004-09-03,40.0,40.0,40.0,40.0,20000,0.0,0.0
2004-09-06,40.0,40.0,40.0,40.0,0,0.0,0.0
2004-09-07,40.0,40.0,40.0,40.0,0,0.0,0.0
2004-09-08,42.5,42.5,42.5,42.5,5000,0.0,0.0
2004-09-09,37.5,42.5,37.5,42.5,32000,0.0,0.0
2004-09-10,42.5,45.0,42.5,45.0,648000,0.0,0.0
2004-09-13,45.0,45.0,45.0,45.0,0,0.0,0.0
2004-09-14,42.5,42.5,42.5,42.5,270000,0.0,0.0
2004-09-15,42.5,42.5,42.5,42.5,0,0.0,0.0
2004-09-16,42.5,42.5,40.0,42.5,203000,0.0,0.0
2004-09-17,42.5,42.5,42.5,42.5,1020000,0.0,0.0
2004-09-20,42.5,42.5,42.5,42.5,0,0.0,0.0
2004-09-21,42.5,50.0,42.5,50.0,2742000,0.0,0.0
2004-09-22,50.0,52.5,50.0,52.5,2502000,0.0,0.0
2004-09-23,52.5,55.0,52.5,55.0,2886000,0.0,0.0
2004-09-24,55.0,72.5,55.0,70.0,6209000,0.0,0.0
2004-09-27,75.0,87.5,72.5,85.0,13637000,0.0,0.0
2004-09-28,85.0,85.0,85.0,85.0,0,0.0,0.0
2004-09-29,85.0,85.0,85.0,85.0,0,0.0,0.0
2004-09-30,85.0,85.0,85.0,85.0,0,0.0,0.0
2004-10-01,90.0,92.5,75.0,75.0,11166000,0.0,0.0
2004-10-04,70.0,70.0,70.0,70.0,660000,0.0,0.0
2004-10-05,70.0,75.0,70.0,75.0,1020000,0.0,0.0
2004-10-06,77.5,97.5,77.5,97.5,14600000,0.0,0.0
2004-10-07,100.0,100.0,92.5,97.5,7771000,0.0,0.0
2004-10-08,97.5,97.5,92.5,97.5,604000,0.0,0.0
2004-10-11,97.5,105.0,95.0,97.5,4474000,0.0,0.0
2004-10-12,100.0,100.0,95.0,95.0,923000,0.0,0.0
2004-10-13,100.0,102.5,95.0,97.5,185000,0.0,0.0
2004-10-14,97.5,100.0,97.5,97.5,1070000,0.0,0.0
2004-10-15,97.5,97.5,92.5,92.5,414000,0.0,0.0
2004-10-18,92.5,92.5,85.0,87.5,668000,0.0,0.0
2004-10-19,90.0,90.0,80.0,80.0,307000,0.0,0.0
2004-10-20,80.0,87.5,75.0,77.5,1132000,0.0,0.0
2004-10-21,75.0,75.0,70.0,70.0,158000,0.0,0.0
2004-10-22,72.5,72.5,72.5,72.5,20000,0.0,0.0
2004-10-25,70.0,70.0,70.0,70.0,1000,0.0,0.0
2004-10-26,72.5,72.5,67.5,72.5,47000,0.0,0.0
2004-10-27,72.5,77.5,72.5,77.5,266000,0.0,0.0
2004-10-28,75.0,75.0,72.5,72.5,84000,0.0,0.0
2004-10-29,75.0,75.0,75.0,75.0,10000,0.0,0.0
2004-11-01,67.5,67.5,67.5,67.5,20000,0.0,0.0
2004-11-02,67.5,67.5,67.5,67.5,0,0.0,0.0
2004-11-03,70.0,70.0,70.0,70.0,30000,0.0,0.0
2004-11-04,72.5,82.5,72.5,80.0,713000,0.0,0.0
2004-11-05,85.0,85.0,80.0,80.0,264000,0.0,0.0
2004-11-08,80.0,80.0,80.0,80.0,0,0.0,0.0
2004-11-09,80.0,80.0,80.0,80.0,0,0.0,0.0
2004-11-10,80.0,80.0,80.0,80.0,0,0.0,0.0
2004-11-11,80.0,80.0,75.0,75.0,80000,0.0,0.0
2004-11-12,72.5,75.0,72.5,75.0,40000,0.0,0.0
2004-11-15,75.0,75.0,75.0,75.0,0,0.0,0.0
2004-11-16,75.0,75.0,75.0,75.0,0,0.0,0.0
2004-11-17,75.0,75.0,75.0,75.0,0,0.0,0.0
2004-11-18,75.0,75.0,75.0,75.0,0,0.0,0.0
2004-11-19,75.0,75.0,75.0,75.0,0,0.0,0.0
2004-11-22,75.0,75.0,75.0,75.0,0,0.0,0.0
2004-11-23,77.5,80.0,77.5,80.0,91000,0.0,0.0
2004-11-24,77.5,80.0,77.5,80.0,105000,0.0,0.0
2004-11-25,77.5,85.0,77.5,85.0,212000,0.0,0.0
2004-11-26,80.0,87.5,80.0,87.5,827000,0.0,0.0
2004-11-29,90.0,90.0,87.5,87.5,280000,0.0,0.0
2004-11-30,85.0,90.0,85.0,85.0,41000,0.0,0.0
2004-12-01,90.0,90.0,87.5,87.5,87000,0.0,0.0
2004-12-02,87.5,87.5,87.5,87.5,0,0.0,0.0
2004-12-03,87.5,87.5,87.5,87.5,0,0.0,0.0
2004-12-06,87.5,87.5,87.5,87.5,0,0.0,0.0
2004-12-07,90.0,90.0,85.0,85.0,182000,0.0,0.0
2004-12-08,85.0,85.0,85.0,85.0,1000,0.0,0.0
2004-12-09,77.5,77.5,77.5,77.5,101000,0.0,0.0
2004-12-10,77.5,77.5,77.5,77.5,0,0.0,0.0
2004-12-13,77.5,77.5,77.5,77.5,0,0.0,0.0
2004-12-14,77.5,77.5,77.5,77.5,20000,0.0,0.0
2004-12-15,72.5,72.5,72.5,72.5,100000,0.0,0.0
2004-12-16,72.5,72.5,72.5,72.5,200000,0.0,0.0
2004-12-17,72.5,72.5,72.5,72.5,0,0.0,0.0
2004-12-20,72.5,72.5,72.5,72.5,0,0.0,0.0
2004-12-21,72.5,72.5,72.5,72.5,0,0.0,0.0
2004-12-22,67.5,77.5,67.5,77.5,144000,0.0,0.0
2004-12-23,77.5,77.5,77.5,77.5,0,0.0,0.0
2004-12-24,77.5,77.5,77.5,77.5,0,0.0,0.0
2004-12-27,70.0,70.0,70.0,70.0,3000,0.0,0.0
2004-12-28,70.0,70.0,70.0,70.0,0,0.0,0.0
2004-12-29,85.0,85.0,85.0,85.0,1000,0.0,0.0
2004-12-30,82.5,90.0,82.5,90.0,569000,0.0,0.0
2004-12-31,90.0,90.0,90.0,90.0,0,0.0,0.0
2005-01-03,90.0,90.0,90.0,90.0,0,0.0,0.0
2005-01-04,90.0,90.0,90.0,90.0,0,0.0,0.0
2005-01-05,82.5,82.5,75.0,75.0,105000,0.0,0.0
2005-01-06,75.0,75.0,75.0,75.0,0,0.0,0.0
2005-01-07,75.0,75.0,75.0,75.0,0,0.0,0.0
2005-01-10,72.5,72.5,72.5,72.5,93000,0.0,0.0
2005-01-11,72.5,72.5,72.5,72.5,0,0.0,0.0
2005-01-12,72.5,72.5,72.5,72.5,0,0.0,0.0
2005-01-13,80.0,80.0,80.0,80.0,1000,0.0,0.0
2005-01-14,80.0,80.0,80.0,80.0,0,0.0,0.0
2005-01-17,80.0,80.0,80.0,80.0,0,0.0,0.0
2005-01-18,72.5,72.5,70.0,70.0,34000,0.0,0.0
2005-01-19,72.5,75.0,72.5,75.0,125000,0.0,0.0
2005-01-20,77.5,82.5,77.5,82.5,580000,0.0,0.0
2005-01-24,75.0,75.0,75.0,75.0,60000,0.0,0.0
2005-01-25,75.0,77.5,75.0,77.5,243000,0.0,0.0
2005-01-26,80.0,80.0,80.0,80.0,1000,0.0,0.0
2005-01-27,80.0,82.5,80.0,82.5,275000,0.0,0.0
2005-01-28,82.5,82.5,82.5,82.5,0,0.0,0.0
2005-01-31,80.0,82.5,80.0,82.5,175000,0.0,0.0
2005-02-01,90.0,100.0,90.0,97.5,5677000,0.0,0.0
2005-02-02,95.0,95.0,90.0,90.0,666000,0.0,0.0
2005-02-03,87.5,97.5,87.5,95.0,3187000,0.0,0.0
2005-02-04,100.0,127.5,95.0,127.5,15503000,0.0,0.0
2005-02-07,137.5,170.0,125.0,170.0,24768000,0.0,0.0
2005-02-08,170.0,170.0,170.0,170.0,0,0.0,0.0
2005-02-11,177.5,197.5,165.0,187.5,14457000,0.0,0.0
2005-02-14,182.5,190.0,157.5,162.5,5633000,0.0,0.0
2005-02-15,162.5,165.0,150.0,155.0,3540000,0.0,0.0
2005-02-16,140.0,155.0,140.0,145.0,286000,0.0,0.0
2005-02-17,150.0,150.0,142.5,145.0,461000,0.0,0.0
2005-02-18,145.0,185.0,145.0,180.0,5120000,0.0,0.0
2005-02-21,182.5,190.0,180.0,180.0,3033000,0.0,0.0
2005-02-22,180.0,217.5,180.0,205.0,10260000,0.0,0.0
2005-02-23,205.0,217.5,200.0,215.0,5122000,0.0,0.0
2005-02-24,212.5,212.5,202.5,205.0,660000,0.0,0.0
2005-02-25,205.0,205.0,190.0,197.5,902000,0.0,0.0
2005-02-28,190.0,210.0,190.0,197.5,698000,0.0,0.0
2005-03-01,210.0,210.0,200.0,205.0,319000,0.0,0.0
2005-03-02,205.0,215.0,205.0,207.5,1254000,0.0,0.0
2005-03-03,205.0,205.0,200.0,202.5,251000,0.0,0.0
2005-03-04,180.0,205.0,180.0,190.0,431000,0.0,0.0
2005-03-07,182.5,190.0,182.5,185.0,267000,0.0,0.0
2005-03-08,182.5,197.5,182.5,187.5,1238000,0.0,0.0
2005-03-09,185.0,190.0,180.0,185.0,870000,0.0,0.0
2005-03-10,187.5,190.0,185.0,185.0,90000,0.0,0.0
2005-03-14,187.5,187.5,187.5,187.5,1000,0.0,0.0
2005-03-15,185.0,187.5,185.0,187.5,345000,0.0,0.0
2005-03-16,185.0,190.0,185.0,185.0,1977000,0.0,0.0
2005-03-17,180.0,185.0,180.0,182.5,319000,0.0,0.0
2005-03-18,182.5,182.5,182.5,182.5,0,0.0,0.0
2005-03-21,180.0,180.0,175.0,175.0,110000,0.0,0.0
2005-03-22,175.0,175.0,175.0,175.0,0,0.0,0.0
2005-03-23,175.0,175.0,170.0,172.5,177000,0.0,0.0
2005-03-24,170.0,180.0,170.0,175.0,652000,0.0,0.0
2005-03-28,182.5,182.5,170.0,170.0,163000,0.0,0.0
2005-03-29,170.0,170.0,170.0,170.0,70000,0.0,0.0
2005-03-30,150.0,170.0,150.0,170.0,3000,0.0,0.0
2005-03-31,170.0,170.0,170.0,170.0,0,0.0,0.0
2005-04-01,170.0,170.0,170.0,170.0,0,0.0,0.0
2005-04-04,165.0,165.0,160.0,160.0,125000,0.0,0.0
2005-04-05,160.0,160.0,160.0,160.0,1000,0.0,0.0
2005-04-06,150.0,155.0,150.0,155.0,91000,0.0,0.0
2005-04-07,162.5,167.5,157.5,162.5,536000,0.0,0.0
2005-04-08,167.5,167.5,160.0,160.0,21000,0.0,0.0
2005-04-11,150.0,150.0,150.0,150.0,1000,0.0,0.0
2005-04-12,152.5,155.0,152.5,155.0,110000,0.0,0.0
2005-04-13,157.5,167.5,145.0,167.5,428000,0.0,0.0
2005-04-14,147.5,162.5,147.5,162.5,27000,0.0,0.0
2005-04-15,162.5,162.5,162.5,162.5,0,0.0,0.0
2005-04-18,162.5,162.5,162.5,162.5,0,0.0,0.0
2005-04-19,162.5,162.5,162.5,162.5,0,0.0,0.0
2005-04-20,162.5,162.5,162.5,162.5,0,0.0,0.0
2005-04-21,125.0,125.0,120.0,120.0,21000,0.0,0.0
2005-04-25,125.0,130.0,125.0,130.0,12000,0.0,0.0
2005-04-26,115.0,137.5,115.0,137.5,145000,0.0,0.0
2005-04-27,137.5,137.5,137.5,137.5,0,0.0,0.0
2005-04-28,137.5,137.5,137.5,137.5,0,0.0,0.0
2005-04-29,137.5,137.5,137.5,137.5,0,0.0,0.0
2005-05-02,137.5,137.5,137.5,137.5,0,0.0,0.0
2005-05-03,137.5,137.5,137.5,137.5,0,0.0,0.0
2005-05-04,137.5,137.5,137.5,137.5,0,0.0,0.0
2005-05-06,132.5,137.5,132.5,137.5,19000,0.0,0.0
2005-05-09,137.5,162.5,137.5,162.5,40000,0.0,0.0
2005-05-10,162.5,162.5,162.5,162.5,0,0.0,0.0
2005-05-11,160.0,160.0,150.0,150.0,1098000,0.0,0.0
2005-05-12,155.0,155.0,150.0,150.0,185000,0.0,0.0
2005-05-13,150.0,150.0,150.0,150.0,0,0.0,0.0
2005-05-16,150.0,150.0,150.0,150.0,0,0.0,0.0
2005-05-17,120.0,120.0,115.0,115.0,6000,0.0,0.0
2005-05-18,117.5,127.5,117.5,127.5,42000,0.0,0.0
2005-05-19,115.0,140.0,110.0,140.0,19000,0.0,0.0
2005-05-20,140.0,140.0,140.0,140.0,0,0.0,0.0
2005-05-23,125.0,125.0,125.0,125.0,2000,0.0,0.0
2005-05-25,117.5,120.0,117.5,120.0,29000,0.0,0.0
2005-05-26,120.0,120.0,120.0,120.0,0,0.0,0.0
2005-05-27,115.0,115.0,115.0,115.0,10000,0.0,0.0
2005-05-30,115.0,120.0,115.0,115.0,140000,0.0,0.0
2005-05-31,115.0,140.0,110.0,140.0,204000,0.0,0.0
2005-06-01,140.0,140.0,140.0,140.0,0,0.0,0.0
2005-06-02,140.0,140.0,140.0,140.0,0,0.0,0.0
2005-06-03,140.0,140.0,140.0,140.0,0,0.0,0.0
2005-06-06,125.0,140.0,125.0,140.0,14000,0.0,0.0
2005-06-07,130.0,140.0,130.0,140.0,35000,0.0,0.0
2005-06-08,140.0,140.0,140.0,140.0,0,0.0,0.0
2005-06-09,122.5,122.5,120.0,120.0,50000,0.0,0.0
2005-06-10,120.0,120.0,115.0,120.0,157000,0.0,0.0
2005-06-13,120.0,120.0,115.0,117.5,148000,0.0,0.0
2005-06-14,117.5,117.5,105.0,117.5,183000,0.0,0.0
2005-06-15,115.0,115.0,112.5,112.5,70000,0.0,0.0
2005-06-16,112.5,112.5,112.5,112.5,0,0.0,0.0
2005-06-17,105.0,110.0,105.0,107.5,300000,0.0,0.0
2005-06-20,112.5,115.0,112.5,112.5,85000,0.0,0.0
2005-06-21,105.0,105.0,100.0,100.0,120000,0.0,0.0
2005-06-22,107.5,107.5,107.5,107.5,10000,0.0,0.0
2005-06-23,102.5,102.5,100.0,102.5,182000,0.0,0.0
2005-06-24,102.5,102.5,102.5,102.5,16000,0.0,0.0
2005-06-27,100.0,100.0,100.0,100.0,50000,0.0,0.0
2005-06-28,97.5,100.0,95.0,100.0,10000,0.0,0.0
2005-06-29,100.0,100.0,100.0,100.0,0,0.0,0.0
2005-06-30,100.0,107.5,100.0,107.5,201000,0.0,0.0
2005-07-01,110.0,110.0,100.0,102.5,211000,0.0,0.0
2005-07-04,102.5,102.5,102.5,102.5,0,0.0,0.0
2005-07-05,100.0,100.0,95.0,95.0,109000,0.0,0.0
2005-07-06,95.0,95.0,95.0,95.0,153000,0.0,0.0
2005-07-07,95.0,95.0,95.0,95.0,0,0.0,0.0
2005-07-08,92.5,92.5,92.5,92.5,10000,0.0,0.0
2005-07-11,92.5,92.5,92.5,92.5,0,0.0,0.0
2005-07-12,92.5,92.5,92.5,92.5,0,0.0,0.0
2005-07-13,105.0,112.5,105.0,112.5,370000,0.0,0.0
2005-07-14,115.0,150.0,115.0,150.0,2653000,0.0,0.0
2005-07-15,165.0,185.0,150.0,150.0,4924000,0.0,0.0
2005-07-18,145.0,145.0,132.5,132.5,344000,0.0,0.0
2005-07-19,132.5,155.0,132.5,152.5,233000,0.0,0.0
2005-07-20,145.0,145.0,132.5,132.5,715000,0.0,0.0
2005-07-21,132.5,132.5,127.5,132.5,364000,0.0,0.0
2005-07-22,132.5,132.5,127.5,130.0,398000,0.0,0.0
2005-07-25,132.5,132.5,122.5,122.5,121000,0.0,0.0
2005-07-26,122.5,122.5,115.0,122.5,154000,0.0,0.0
2005-07-27,115.0,115.0,115.0,115.0,216000,0.0,0.0
2005-07-28,105.0,117.5,100.0,112.5,433000,0.0,0.0
2005-07-29,102.5,115.0,102.5,115.0,253000,0.0,0.0
2005-08-01,125.0,125.0,102.5,107.5,391000,0.0,0.0
2005-08-02,117.5,137.5,117.5,127.5,3117000,0.0,0.0
2005-08-03,132.5,155.0,130.0,142.5,5185000,0.0,0.0
2005-08-04,147.5,172.5,147.5,167.5,10259000,0.0,0.0
2005-08-05,167.5,180.0,162.5,175.0,5799000,0.0,0.0
2005-08-08,175.0,175.0,157.5,160.0,1935000,0.0,0.0
2005-08-09,165.0,167.5,152.5,160.0,2174000,0.0,0.0
2005-08-10,160.0,160.0,150.0,155.0,635000,0.0,0.0
2005-08-11,152.5,152.5,147.5,152.5,100000,0.0,0.0
2005-08-12,152.5,152.5,150.0,150.0,180000,0.0,0.0
2005-08-15,152.5,152.5,145.0,145.0,99000,0.0,0.0
2005-08-16,147.5,147.5,140.0,140.0,175000,0.0,0.0
2005-08-18,140.0,140.0,140.0,140.0,0,0.0,0.0
2005-08-19,130.0,135.0,127.5,127.5,115000,0.0,0.0
2005-08-22,127.5,127.5,127.5,127.5,0,0.0,0.0
2005-08-23,127.5,127.5,127.5,127.5,27000,0.0,0.0
2005-08-24,125.0,125.0,125.0,125.0,40000,0.0,0.0
2005-08-25,125.0,125.0,120.0,120.0,106000,0.0,0.0
2005-08-26,127.5,130.0,115.0,120.0,436000,0.0,0.0
2005-08-29,120.0,120.0,100.0,100.0,357000,0.0,0.0
2005-08-30,90.0,125.0,90.0,122.5,868000,0.0,0.0
2005-08-31,122.5,122.5,122.5,122.5,0,0.0,0.0
2005-09-01,102.5,102.5,102.5,102.5,30000,0.0,0.0
2005-09-05,107.5,107.5,107.5,107.5,20000,0.0,0.0
2005-09-06,107.5,107.5,107.5,107.5,0,0.0,0.0
2005-09-07,105.0,105.0,105.0,105.0,50000,0.0,0.0
2005-09-08,105.0,115.0,105.0,115.0,22000,0.0,0.0
2005-09-09,115.0,115.0,115.0,115.0,0,0.0,0.0
2005-09-12,115.0,115.0,115.0,115.0,0,0.0,0.0
2005-09-13,112.5,112.5,112.5,112.5,50000,0.0,0.0
2005-09-14,92.5,92.5,92.5,92.5,70000,0.0,0.0
2005-09-15,110.0,110.0,110.0,110.0,1000,0.0,0.0
2005-09-16,110.0,110.0,110.0,110.0,0,0.0,0.0
2005-09-19,120.0,120.0,117.5,120.0,220000,0.0,0.0
2005-09-20,120.0,120.0,120.0,120.0,0,0.0,0.0
2005-09-21,102.5,107.5,102.5,107.5,260000,0.0,0.0
2005-09-22,100.0,102.5,100.0,102.5,140000,0.0,0.0
2005-09-23,105.0,110.0,105.0,107.5,70000,0.0,0.0
2005-09-26,112.5,112.5,112.5,112.5,70000,0.0,0.0
2005-09-27,112.5,112.5,112.5,112.5,0,0.0,0.0
2005-09-28,135.0,135.0,100.0,102.5,34000,0.0,0.0
2005-09-29,95.0,102.5,95.0,95.0,52000,0.0,0.0
2005-09-30,110.0,110.0,100.0,110.0,93000,0.0,0.0
2005-10-03,110.0,110.0,110.0,110.0,0,0.0,0.0
2005-10-04,110.0,110.0,110.0,110.0,4,0.0,0.0
2005-10-05,102.5,102.5,100.0,102.5,183000,0.0,0.0
2005-10-06,102.5,102.5,102.5,102.5,9000,0.0,0.0
2005-10-07,100.0,100.0,100.0,100.0,20000,0.0,0.0
2005-10-10,100.0,100.0,100.0,100.0,4,0.0,0.0
2005-10-11,100.0,100.0,100.0,100.0,0,0.0,0.0
2005-10-12,100.0,100.0,100.0,100.0,0,0.0,0.0
2005-10-13,92.5,97.5,92.5,97.5,190000,0.0,0.0
2005-10-14,97.5,97.5,97.5,97.5,210000,0.0,0.0
2005-10-17,95.0,97.5,95.0,97.5,180000,0.0,0.0
2005-10-18,95.0,100.0,95.0,95.0,250000,0.0,0.0
2005-10-19,95.0,95.0,95.0,95.0,0,0.0,0.0
2005-10-20,95.0,100.0,95.0,100.0,15000,0.0,0.0
2005-10-21,100.0,100.0,100.0,100.0,80000,0.0,0.0
2005-10-24,100.0,100.0,100.0,100.0,4,0.0,0.0
2005-10-25,100.0,100.0,100.0,100.0,0,0.0,0.0
2005-10-26,100.0,100.0,100.0,100.0,4,0.0,0.0
2005-10-27,100.0,100.0,100.0,100.0,20000,0.0,0.0
2005-10-28,97.5,97.5,97.5,97.5,144000,0.0,0.0
2005-10-31,100.0,100.0,100.0,100.0,3000,0.0,0.0
2005-11-01,100.0,100.0,100.0,100.0,185000,0.0,0.0
2005-11-07,100.0,100.0,100.0,100.0,0,0.0,0.0
2005-11-08,100.0,100.0,100.0,100.0,0,0.0,0.0
2005-11-09,100.0,100.0,100.0,100.0,0,0.0,0.0
2005-11-10,100.0,100.0,100.0,100.0,500000,0.0,0.0
2005-11-11,65.0,97.5,65.0,92.5,90000,0.0,0.0
2005-11-14,92.5,92.5,92.5,92.5,0,0.0,0.0
2005-11-15,92.5,92.5,92.5,92.5,0,0.0,0.0
2005-11-16,92.5,92.5,92.5,92.5,0,0.0,0.0
2005-11-17,100.0,100.0,92.5,92.5,250000,0.0,0.0
2005-11-18,100.0,110.0,100.0,110.0,548000,0.0,0.0
2005-11-21,100.0,100.0,100.0,100.0,60000,0.0,0.0
2005-11-22,100.0,100.0,100.0,100.0,4,0.0,0.0
2005-11-23,100.0,100.0,100.0,100.0,125000,0.0,0.0
2005-11-24,100.0,100.0,100.0,100.0,40000,0.0,0.0
2005-11-25,105.0,105.0,100.0,105.0,210000,0.0,0.0
2005-11-28,95.0,100.0,95.0,95.0,275000,0.0,0.0
2005-11-29,95.0,95.0,95.0,95.0,2,0.0,0.0
2005-11-30,95.0,95.0,95.0,95.0,6,0.0,0.0
2005-12-01,95.0,95.0,95.0,95.0,0,0.0,0.0
2005-12-02,100.0,100.0,100.0,100.0,40000,0.0,0.0
2005-12-05,100.0,100.0,100.0,100.0,0,0.0,0.0
2005-12-06,100.0,100.0,100.0,100.0,4,0.0,0.0
2005-12-07,92.5,110.0,92.5,102.5,211000,0.0,0.0
2005-12-08,95.0,95.0,95.0,95.0,1000,0.0,0.0
2005-12-09,95.0,95.0,95.0,95.0,2,0.0,0.0
2005-12-12,105.0,105.0,105.0,105.0,10000,0.0,0.0
2005-12-13,102.5,102.5,102.5,102.5,200000,0.0,0.0
2005-12-14,102.5,107.5,102.5,102.5,234000,0.0,0.0
2005-12-15,102.5,102.5,102.5,102.5,67000,0.0,0.0
2005-12-16,100.0,102.5,100.0,100.0,120000,0.0,0.0
2005-12-19,100.0,102.5,100.0,100.0,201000,0.0,0.0
2005-12-20,100.0,100.0,100.0,100.0,28000,0.0,0.0
2005-12-21,100.0,100.0,95.0,100.0,480000,0.0,0.0
2005-12-22,100.0,100.0,100.0,100.0,4,0.0,0.0
2005-12-23,95.0,95.0,95.0,95.0,30000,0.0,0.0
2005-12-26,95.0,95.0,95.0,95.0,0,0.0,0.0
2005-12-27,92.5,92.5,92.5,92.5,1000,0.0,0.0
2005-12-28,92.5,92.5,92.5,92.5,4,0.0,0.0
2005-12-29,85.0,85.0,85.0,85.0,1000,0.0,0.0
2005-12-30,85.0,85.0,85.0,85.0,0,0.0,0.0
2006-01-02,85.0,85.0,85.0,85.0,0,0.0,0.0
2006-01-03,97.5,100.0,97.5,97.5,151000,0.0,0.0
2006-01-04,95.0,95.0,95.0,95.0,50000,0.0,0.0
2006-01-05,97.5,100.0,95.0,97.5,200000,0.0,0.0
2006-01-06,95.0,95.0,95.0,95.0,46000,0.0,0.0
2006-01-09,97.5,97.5,95.0,97.5,52000,0.0,0.0
2006-01-10,97.5,97.5,97.5,97.5,0,0.0,0.0
2006-01-11,97.5,97.5,97.5,97.5,6,0.0,0.0
2006-01-12,97.5,97.5,97.5,97.5,6,0.0,0.0
2006-01-13,95.0,95.0,95.0,95.0,20000,0.0,0.0
2006-01-16,95.0,95.0,95.0,95.0,10000,0.0,0.0
2006-01-17,95.0,95.0,95.0,95.0,10000,0.0,0.0
2006-01-18,95.0,95.0,95.0,95.0,0,0.0,0.0
2006-01-19,92.5,92.5,92.5,92.5,2000,0.0,0.0
2006-01-20,92.5,92.5,92.5,92.5,2,0.0,0.0
2006-01-23,92.5,95.0,92.5,92.5,250000,0.0,0.0
2006-01-24,92.5,92.5,92.5,92.5,25000,0.0,0.0
2006-01-25,92.5,92.5,92.5,92.5,316000,0.0,0.0
2006-01-26,92.5,92.5,92.5,92.5,291000,0.0,0.0
2006-01-27,90.0,90.0,90.0,90.0,1000,0.0,0.0
2006-01-30,90.0,90.0,90.0,90.0,2,0.0,0.0
2006-01-31,90.0,90.0,90.0,90.0,0,0.0,0.0
2006-02-01,90.0,90.0,90.0,90.0,2,0.0,0.0
2006-02-02,95.0,95.0,95.0,95.0,1000,0.0,0.0
2006-02-03,95.0,95.0,95.0,95.0,4,0.0,0.0
2006-02-06,95.0,95.0,95.0,95.0,4,0.0,0.0
2006-02-07,95.0,95.0,95.0,95.0,4,0.0,0.0
2006-02-08,95.0,95.0,95.0,95.0,4,0.0,0.0
2006-02-09,90.0,90.0,90.0,90.0,40000,0.0,0.0
2006-02-10,90.0,90.0,90.0,90.0,0,0.0,0.0
2006-02-13,105.0,105.0,95.0,95.0,51000,0.0,0.0
2006-02-14,95.0,95.0,95.0,95.0,4,0.0,0.0
2006-02-15,95.0,95.0,95.0,95.0,4,0.0,0.0
2006-02-16,95.0,95.0,95.0,95.0,4,0.0,0.0
2006-02-17,95.0,95.0,95.0,95.0,4,0.0,0.0
2006-02-20,85.0,87.5,85.0,85.0,301000,0.0,0.0
2006-02-21,82.5,85.0,82.5,82.5,115000,0.0,0.0
2006-02-22,80.0,80.0,80.0,80.0,10000,0.0,0.0
2006-02-23,80.0,80.0,80.0,80.0,10000,0.0,0.0
2006-02-24,80.0,80.0,80.0,80.0,4,0.0,0.0
2006-02-27,80.0,80.0,80.0,80.0,4,0.0,0.0
2006-02-28,80.0,80.0,80.0,80.0,0,0.0,0.0
2006-03-01,80.0,80.0,80.0,80.0,6,0.0,0.0
2006-03-02,80.0,80.0,77.5,80.0,61000,0.0,0.0
2006-03-03,77.5,80.0,77.5,77.5,50000,0.0,0.0
2006-03-06,80.0,80.0,80.0,80.0,4,0.0,0.0
2006-03-07,77.5,77.5,77.5,77.5,4,0.0,0.0
2006-03-08,77.5,77.5,77.5,77.5,0,0.0,0.0
2006-03-09,77.5,77.5,77.5,77.5,25000,0.0,0.0
2006-03-10,75.0,77.5,75.0,75.0,120000,0.0,0.0
2006-03-13,75.0,75.0,75.0,75.0,30000,0.0,0.0
2006-03-14,70.0,70.0,70.0,70.0,8000,0.0,0.0
2006-03-15,70.0,67.5,67.5,67.5,240000,0.0,0.0
2006-03-16,67.5,67.5,67.5,67.5,0,0.0,0.0
2006-03-17,65.0,65.0,62.5,65.0,52000,0.0,0.0
2006-03-20,67.5,75.0,67.5,75.0,240000,0.0,0.0
2006-03-21,75.0,72.5,72.5,72.5,5000,0.0,0.0
2006-03-22,72.5,75.0,72.5,72.5,247000,0.0,0.0
2006-03-23,72.5,72.5,72.5,72.5,6,0.0,0.0
2006-03-24,72.5,72.5,72.5,72.5,4,0.0,0.0
2006-03-27,72.5,72.5,72.5,72.5,4,0.0,0.0
2006-03-28,67.5,67.5,67.5,67.5,100000,0.0,0.0
2006-03-29,67.5,67.5,67.5,67.5,140000,0.0,0.0
2006-03-30,67.5,67.5,67.5,67.5,0,0.0,0.0
2006-03-31,67.5,67.5,67.5,67.5,0,0.0,0.0
2006-04-03,67.5,67.5,67.5,67.5,25000,0.0,0.0
2006-04-04,67.5,67.5,67.5,67.5,22000,0.0,0.0
2006-04-05,67.5,67.5,65.0,67.5,76000,0.0,0.0
2006-04-06,65.0,67.5,65.0,65.0,84000,0.0,0.0
2006-04-07,65.0,75.0,65.0,75.0,78000,0.0,0.0
2006-04-10,75.0,75.0,75.0,75.0,0,0.0,0.0
2006-04-11,75.0,75.0,75.0,75.0,4,0.0,0.0
2006-04-12,75.0,75.0,75.0,75.0,0,0.0,0.0
2006-04-13,65.0,67.5,65.0,65.0,70000,0.0,0.0
2006-04-14,65.0,65.0,65.0,65.0,0,0.0,0.0
2006-04-17,65.0,65.0,65.0,65.0,2,0.0,0.0
2006-04-18,67.5,67.5,67.5,67.5,70000,0.0,0.0
2006-04-19,67.5,67.5,67.5,67.5,4,0.0,0.0
2006-04-20,72.5,90.0,72.5,90.0,1853000,0.0,0.0
2006-04-21,100.0,120.0,100.0,120.0,1660000,0.0,0.0
2006-04-24,120.0,145.0,117.5,117.5,1124000,0.0,0.0
2006-04-25,115.0,117.5,115.0,115.0,244000,0.0,0.0
2006-04-26,125.0,125.0,115.0,125.0,174000,0.0,0.0
2006-04-27,117.5,125.0,117.5,117.5,74000,0.0,0.0
2006-04-28,117.5,117.5,117.5,117.5,4,0.0,0.0
2006-05-01,117.5,117.5,117.5,117.5,4,0.0,0.0
2006-05-02,117.5,117.5,117.5,117.5,4,0.0,0.0
2006-05-03,115.0,115.0,115.0,115.0,80000,0.0,0.0
2006-05-04,115.0,115.0,115.0,115.0,4,0.0,0.0
2006-05-05,115.0,115.0,115.0,115.0,0,0.0,0.0
2006-05-08,100.0,112.5,85.0,112.5,102000,0.0,0.0
2006-05-09,87.5,100.0,87.5,100.0,51000,0.0,0.0
2006-05-10,85.0,85.0,85.0,85.0,1000,0.0,0.0
2006-05-11,85.0,85.0,85.0,85.0,148000,0.0,0.0
2006-05-12,85.0,85.0,85.0,85.0,4,0.0,0.0
2006-05-15,75.0,75.0,75.0,75.0,50000,0.0,0.0
2006-05-16,70.0,70.0,70.0,70.0,23000,0.0,0.0
2006-05-17,92.5,92.5,92.5,92.5,2000,0.0,0.0
2006-05-18,92.5,92.5,92.5,92.5,0,0.0,0.0
2006-05-19,92.5,92.5,92.5,92.5,0,0.0,0.0
2006-05-22,80.0,80.0,80.0,80.0,200000,0.0,0.0
2006-05-23,80.0,80.0,80.0,80.0,4,0.0,0.0
2006-05-24,80.0,80.0,80.0,80.0,0,0.0,0.0
2006-05-25,80.0,80.0,80.0,80.0,0,0.0,0.0
2006-05-26,80.0,80.0,80.0,80.0,0,0.0,0.0
2006-05-29,80.0,80.0,80.0,80.0,0,0.0,0.0
2006-05-30,80.0,80.0,80.0,80.0,0,0.0,0.0
2006-05-31,80.0,80.0,80.0,80.0,0,0.0,0.0
2006-06-01,80.0,80.0,80.0,80.0,4,0.0,0.0
2006-06-02,80.0,80.0,80.0,80.0,60000,0.0,0.0
2006-06-05,75.0,75.0,70.0,70.0,40000,0.0,0.0
2006-06-06,70.0,70.0,70.0,70.0,0,0.0,0.0
2006-06-07,70.0,70.0,70.0,70.0,0,0.0,0.0
2006-06-08,92.5,92.5,92.5,92.5,1000,0.0,0.0
2006-06-09,95.0,95.0,92.5,95.0,8000,0.0,0.0
2006-06-12,87.5,87.5,87.5,87.5,20000,0.0,0.0
2006-06-13,87.5,87.5,87.5,87.5,0,0.0,0.0
2006-06-14,97.5,97.5,97.5,97.5,2000,0.0,0.0
2006-06-15,100.0,100.0,100.0,100.0,5000,0.0,0.0
2006-06-16,100.0,100.0,100.0,100.0,0,0.0,0.0
2006-06-19,90.0,90.0,90.0,90.0,2000,0.0,0.0
2006-06-20,95.0,95.0,95.0,95.0,1000,0.0,0.0
2006-06-21,100.0,100.0,100.0,100.0,1000,0.0,0.0
2006-06-22,110.0,110.0,110.0,110.0,1000,0.0,0.0
2006-06-23,120.0,120.0,120.0,120.0,1000,0.0,0.0
2006-06-26,120.0,120.0,120.0,120.0,1000,0.0,0.0
2006-06-27,130.0,130.0,130.0,130.0,1000,0.0,0.0
2006-06-28,130.0,130.0,130.0,130.0,0,0.0,0.0
2006-06-29,130.0,130.0,130.0,130.0,0,0.0,0.0
2006-06-30,130.0,130.0,130.0,130.0,0,0.0,0.0
2006-07-03,110.0,110.0,90.0,90.0,70000,0.0,0.0
2006-07-04,77.5,80.0,77.5,77.5,170000,0.0,0.0
2006-07-05,77.5,77.5,77.5,77.5,2,0.0,0.0
2006-07-06,75.0,75.0,75.0,75.0,40000,0.0,0.0
2006-07-07,75.0,75.0,75.0,75.0,200000,0.0,0.0
2006-07-10,75.0,75.0,75.0,75.0,0,0.0,0.0
2006-07-11,75.0,75.0,75.0,75.0,0,0.0,0.0
2006-07-12,75.0,75.0,75.0,75.0,0,0.0,0.0
2006-07-13,82.5,82.5,82.5,82.5,3000,0.0,0.0
2006-07-14,82.5,82.5,82.5,82.5,4,0.0,0.0
2006-07-17,82.5,82.5,82.5,82.5,4,0.0,0.0
2006-07-18,82.5,82.5,82.5,82.5,4,0.0,0.0
2006-07-19,82.5,82.5,82.5,82.5,0,0.0,0.0
2006-07-20,82.5,82.5,82.5,82.5,0,0.0,0.0
2006-07-21,82.5,82.5,82.5,82.5,4,0.0,0.0
2006-07-24,65.0,65.0,65.0,65.0,140000,0.0,0.0
2006-07-25,62.5,62.5,55.0,55.0,85000,0.0,0.0
2006-07-26,50.0,52.5,50.0,52.5,150000,0.0,0.0
2006-07-27,50.0,50.0,50.0,50.0,550000,0.0,0.0
2006-07-28,50.0,50.0,50.0,50.0,0,0.0,0.0
2006-07-31,55.0,55.0,55.0,55.0,240000,0.0,0.0
2006-08-01,60.0,60.0,57.5,60.0,20000,0.0,0.0
2006-08-02,60.0,60.0,60.0,60.0,4,0.0,0.0
2006-08-03,60.0,62.5,60.0,60.0,90000,0.0,0.0
2006-08-04,60.0,60.0,60.0,60.0,6,0.0,0.0
2006-08-07,60.0,60.0,60.0,60.0,0,0.0,0.0
2006-08-08,52.5,52.5,52.5,52.5,165000,0.0,0.0
2006-08-09,52.5,52.5,52.5,52.5,0,0.0,0.0
2006-08-10,57.5,57.5,55.0,57.5,115000,0.0,0.0
2006-08-11,55.0,62.5,55.0,62.5,107000,0.0,0.0
2006-08-14,62.5,62.5,62.5,62.5,4,0.0,0.0
2006-08-15,65.0,67.5,62.5,65.0,42000,0.0,0.0
2006-08-16,65.0,65.0,65.0,65.0,2,0.0,0.0
2006-08-17,65.0,65.0,65.0,65.0,0,0.0,0.0
2006-08-18,65.0,65.0,65.0,65.0,0,0.0,0.0
2006-08-21,65.0,65.0,65.0,65.0,0,0.0,0.0
2006-08-22,65.0,65.0,65.0,65.0,0,0.0,0.0
2006-08-23,67.5,67.5,65.0,67.5,240000,0.0,0.0
2006-08-24,67.5,67.5,67.5,67.5,4,0.0,0.0
2006-08-25,67.5,67.5,67.5,67.5,4,0.0,0.0
2006-08-28,65.0,65.0,65.0,65.0,55000,0.0,0.0
2006-08-29,62.5,62.5,62.5,62.5,5000,0.0,0.0
2006-08-30,62.5,62.5,62.5,62.5,6,0.0,0.0
2006-08-31,67.5,72.5,65.0,67.5,278000,0.0,0.0
2006-09-01,70.0,70.0,70.0,70.0,10000,0.0,0.0
2006-09-04,70.0,72.5,70.0,70.0,75000,0.0,0.0
2006-09-05,70.0,70.0,70.0,70.0,141000,0.0,0.0
2006-09-06,67.5,67.5,67.5,67.5,20000,0.0,0.0
2006-09-07,67.5,67.5,67.5,67.5,0,0.0,0.0
2006-09-08,67.5,67.5,67.5,67.5,60000,0.0,0.0
2006-09-11,70.0,70.0,70.0,70.0,110000,0.0,0.0
2006-09-12,67.5,70.0,65.0,67.5,56000,0.0,0.0
2006-09-13,70.0,80.0,70.0,77.5,458000,0.0,0.0
2006-09-14,77.5,77.5,75.0,77.5,10000,0.0,0.0
2006-09-15,80.0,82.5,77.5,80.0,130000,0.0,0.0
2006-09-18,80.0,85.0,80.0,85.0,235000,0.0,0.0
2006-09-19,80.0,80.0,80.0,80.0,20000,0.0,0.0
2006-09-20,77.5,80.0,77.5,77.5,245000,0.0,0.0
2006-09-21,75.0,75.0,75.0,75.0,45000,0.0,0.0
2006-09-22,72.5,72.5,72.5,72.5,50000,0.0,0.0
2006-09-25,75.0,80.0,72.5,75.0,103000,0.0,0.0
2006-09-26,72.5,72.5,72.5,72.5,50000,0.0,0.0
2006-09-27,57.5,75.0,57.5,75.0,300000,0.0,0.0
2006-09-28,72.5,77.5,72.5,77.5,5000,0.0,0.0
2006-09-29,77.5,77.5,77.5,77.5,4,0.0,0.0
2006-10-02,75.0,77.5,70.0,75.0,5000,0.0,0.0
2006-10-03,75.0,75.0,72.5,75.0,19000,0.0,0.0
2006-10-04,70.0,77.5,70.0,77.5,2000,0.0,0.0
2006-10-05,72.5,77.5,72.5,77.5,51000,0.0,0.0
2006-10-06,72.5,72.5,70.0,72.5,5000,0.0,0.0
2006-10-09,72.5,72.5,72.5,72.5,50000,0.0,0.0
2006-10-10,72.5,77.5,72.5,77.5,61000,0.0,0.0
2006-10-11,75.0,75.0,72.5,75.0,221000,0.0,0.0
2006-10-12,75.0,75.0,75.0,75.0,4,0.0,0.0
2006-10-13,70.0,70.0,70.0,70.0,100000,0.0,0.0
2006-10-16,72.5,72.5,72.5,72.5,40000,0.0,0.0
2006-10-17,72.5,72.5,72.5,72.5,6,0.0,0.0
2006-10-18,72.5,72.5,72.5,72.5,6,0.0,0.0
2006-10-19,70.0,70.0,70.0,70.0,1000,0.0,0.0
2006-10-20,70.0,70.0,70.0,70.0,2,0.0,0.0
2006-10-23,70.0,70.0,70.0,70.0,0,0.0,0.0
2006-10-24,70.0,70.0,70.0,70.0,0,0.0,0.0
2006-10-25,70.0,70.0,70.0,70.0,0,0.0,0.0
2006-10-26,70.0,70.0,70.0,70.0,0,0.0,0.0
2006-10-27,70.0,70.0,70.0,70.0,0,0.0,0.0
2006-10-30,70.0,70.0,70.0,70.0,2,0.0,0.0
2006-10-31,70.0,70.0,70.0,70.0,6,0.0,0.0
2006-11-01,72.5,72.5,72.5,72.5,50000,0.0,0.0
2006-11-02,72.5,72.5,72.5,72.5,4,0.0,0.0
2006-11-03,72.5,72.5,72.5,72.5,4,0.0,0.0
2006-11-06,67.5,67.5,67.5,67.5,150000,0.0,0.0
2006-11-07,70.0,72.5,70.0,70.0,109000,0.0,0.0
2006-11-08,70.0,70.0,70.0,70.0,50000,0.0,0.0
2006-11-09,70.0,70.0,70.0,70.0,0,0.0,0.0
2006-11-10,70.0,70.0,70.0,70.0,6000,0.0,0.0
2006-11-13,70.0,70.0,70.0,70.0,0,0.0,0.0
2006-11-14,77.5,80.0,77.5,77.5,225000,0.0,0.0
2006-11-15,75.0,75.0,75.0,75.0,80000,0.0,0.0
2006-11-16,50.0,75.0,50.0,75.0,101000,0.0,0.0
2006-11-17,75.0,75.0,75.0,75.0,4,0.0,0.0
2006-11-20,75.0,75.0,75.0,75.0,4,0.0,0.0
2006-11-21,75.0,75.0,75.0,75.0,27000,0.0,0.0
2006-11-22,75.0,75.0,75.0,75.0,11000,0.0,0.0
2006-11-23,75.0,75.0,75.0,75.0,10000,0.0,0.0
2006-11-24,77.5,77.5,75.0,77.5,116000,0.0,0.0
2006-11-27,77.5,77.5,77.5,77.5,6,0.0,0.0
2006-11-28,77.5,77.5,77.5,77.5,4,0.0,0.0
2006-11-29,70.0,70.0,70.0,70.0,250000,0.0,0.0
2006-11-30,70.0,70.0,70.0,70.0,85000,0.0,0.0
2006-12-01,70.0,70.0,70.0,70.0,4,0.0,0.0
2006-12-04,70.0,70.0,70.0,70.0,0,0.0,0.0
2006-12-05,70.0,70.0,70.0,70.0,4,0.0,0.0
2006-12-06,70.0,70.0,70.0,70.0,4,0.0,0.0
2006-12-07,70.0,70.0,70.0,70.0,4,0.0,0.0
2006-12-08,70.0,70.0,70.0,70.0,4,0.0,0.0
2006-12-11,70.0,70.0,70.0,70.0,0,0.0,0.0
2006-12-12,70.0,70.0,70.0,70.0,4,0.0,0.0
2006-12-13,70.0,70.0,70.0,70.0,4,0.0,0.0
2006-12-14,70.0,70.0,70.0,70.0,0,0.0,0.0
2006-12-15,70.0,70.0,70.0,70.0,0,0.0,0.0
2006-12-18,70.0,70.0,70.0,70.0,4,0.0,0.0
2006-12-19,70.0,70.0,70.0,70.0,4,0.0,0.0
2006-12-20,75.0,75.0,75.0,75.0,25000,0.0,0.0
2006-12-21,62.5,67.5,62.5,67.5,45000,0.0,0.0
2006-12-22,67.5,67.5,67.5,67.5,6,0.0,0.0
2006-12-26,67.5,67.5,67.5,67.5,0,0.0,0.0
2006-12-27,67.5,67.5,67.5,67.5,0,0.0,0.0
2006-12-28,72.5,82.5,72.5,82.5,432000,0.0,0.0
2006-12-29,82.5,82.5,72.5,82.5,6,0.0,0.0
2007-01-02,95.0,100.0,95.0,95.0,8000,0.0,0.0
2007-01-03,95.0,95.0,95.0,95.0,0,0.0,0.0
2007-01-04,75.0,75.0,75.0,75.0,5000,0.0,0.0
2007-01-05,75.0,75.0,75.0,75.0,15000,0.0,0.0
2007-01-08,95.0,95.0,95.0,95.0,5000,0.0,0.0
2007-01-09,95.0,95.0,95.0,95.0,4,0.0,0.0
2007-01-10,95.0,95.0,75.0,95.0,4,0.0,0.0
2007-01-11,95.0,95.0,95.0,95.0,0,0.0,0.0
2007-01-12,95.0,95.0,95.0,95.0,0,0.0,0.0
2007-01-15,95.0,95.0,95.0,95.0,0,0.0,0.0
2007-01-16,95.0,95.0,95.0,95.0,4,0.0,0.0
2007-01-17,62.5,63.0,62.5,62.5,350000,0.0,0.0
2007-01-18,62.5,72.5,62.5,72.5,98000,0.0,0.0
2007-01-19,72.5,72.5,72.5,72.5,4,0.0,0.0
2007-01-22,72.5,72.5,72.5,72.5,4,0.0,0.0
2007-01-23,67.5,67.5,67.5,67.5,25000,0.0,0.0
2007-01-24,67.5,67.5,67.5,67.5,2,0.0,0.0
2007-01-25,67.5,67.5,67.5,67.5,2,0.0,0.0
2007-01-26,67.5,67.5,67.5,67.5,4,0.0,0.0
2007-01-29,67.5,67.5,67.5,67.5,4,0.0,0.0
2007-01-30,65.0,65.5,65.0,65.0,211000,0.0,0.0
2007-01-31,65.0,65.0,65.0,65.0,2,0.0,0.0
2007-02-01,65.0,65.0,65.0,65.0,2,0.0,0.0
2007-02-02,65.0,65.0,65.0,65.0,0,0.0,0.0
2007-02-05,67.5,67.5,67.5,67.5,20000,0.0,0.0
2007-02-06,67.5,67.5,67.5,67.5,4,0.0,0.0
2007-02-07,67.5,67.5,67.5,67.5,4,0.0,0.0
2007-02-08,67.5,67.5,67.5,67.5,4,0.0,0.0
2007-02-09,67.5,67.5,67.5,67.5,0,0.0,0.0
2007-02-12,67.0,70.0,67.0,67.0,142000,0.0,0.0
2007-02-13,67.0,67.0,67.0,67.0,0,0.0,0.0
2007-02-14,66.5,66.5,65.0,66.5,30000,0.0,0.0
2007-02-15,65.0,65.0,65.0,65.0,5000,0.0,0.0
2007-02-16,69.0,69.0,65.5,69.0,105000,0.0,0.0
2007-02-19,69.0,69.0,69.0,69.0,4,0.0,0.0
2007-02-20,69.0,69.0,69.0,69.0,4,0.0,0.0
2007-02-21,67.5,72.0,65.5,67.5,307000,0.0,0.0
2007-02-22,66.5,68.0,65.0,66.5,182000,0.0,0.0
2007-02-23,66.5,66.5,66.5,66.5,6,0.0,0.0
2007-02-26,66.5,66.5,66.5,66.5,4,0.0,0.0
2007-02-27,65.5,65.5,65.0,65.5,75000,0.0,0.0
2007-02-28,67.0,67.0,67.0,67.0,2000,0.0,0.0
2007-03-01,67.0,67.0,67.0,67.0,6,0.0,0.0
2007-03-02,64.5,64.5,64.5,64.5,42000,0.0,0.0
2007-03-05,64.5,64.5,64.5,64.5,4,0.0,0.0
2007-03-06,64.5,64.5,64.5,64.5,2,0.0,0.0
2007-03-07,67.5,70.0,65.0,67.5,164000,0.0,0.0
2007-03-08,66.5,66.5,66.5,66.5,1000,0.0,0.0
2007-03-09,65.0,65.0,65.0,65.0,3000,0.0,0.0
2007-03-12,65.0,65.0,65.0,65.0,2,0.0,0.0
2007-03-13,65.0,65.0,65.0,65.0,2,0.0,0.0
2007-03-14,65.0,65.0,65.0,65.0,20000,0.0,0.0
2007-03-15,65.0,65.0,65.0,65.0,40000,0.0,0.0
2007-03-16,65.0,65.0,65.0,65.0,6,0.0,0.0
2007-03-20,65.0,65.0,65.0,65.0,10000,0.0,0.0
2007-03-21,65.0,65.0,65.0,65.0,0,0.0,0.0
2007-03-22,65.5,65.5,65.5,65.5,20000,0.0,0.0
2007-03-23,65.5,65.5,65.5,65.5,0,0.0,0.0
2007-03-26,63.5,65.0,63.5,63.5,70000,0.0,0.0
2007-03-27,63.5,63.5,63.5,63.5,0,0.0,0.0
2007-03-28,63.5,63.5,63.5,63.5,10000,0.0,0.0
2007-03-29,64.0,64.5,64.0,64.0,46000,0.0,0.0
2007-03-30,64.0,64.0,64.0,64.0,6,0.0,0.0
2007-04-02,64.0,64.0,64.0,64.0,6,0.0,0.0
2007-04-03,67.5,67.5,67.5,67.5,115000,0.0,0.0
2007-04-04,67.5,67.5,67.5,67.5,6,0.0,0.0
2007-04-05,67.5,67.5,67.5,67.5,50000,0.0,0.0
2007-04-09,67.5,67.5,67.5,67.5,4,0.0,0.0
2007-04-10,67.5,67.5,67.5,67.5,4,0.0,0.0
2007-04-11,67.5,67.5,67.5,67.5,6,0.0,0.0
2007-04-12,67.5,67.5,67.5,67.5,0,0.0,0.0
2007-04-13,67.5,67.5,67.5,67.5,6,0.0,0.0
2007-04-16,65.0,65.0,62.5,65.0,26000,0.0,0.0
2007-04-17,63.5,65.0,63.5,63.5,33000,0.0,0.0
2007-04-18,63.5,63.5,63.5,63.5,2,0.0,0.0
2007-04-19,64.0,64.0,63.5,64.0,30000,0.0,0.0
2007-04-20,64.0,64.0,64.0,64.0,0,0.0,0.0
2007-04-23,66.0,67.0,64.0,66.0,166000,0.0,0.0
2007-04-24,66.0,66.0,64.0,66.0,25000,0.0,0.0
2007-04-25,66.0,69.5,64.0,66.0,986000,0.0,0.0
2007-04-26,65.5,67.5,65.5,65.5,44000,0.0,0.0
2007-04-27,65.0,65.0,65.0,65.0,31000,0.0,0.0
2007-04-30,65.5,65.5,65.5,65.5,4000,0.0,0.0
2007-05-01,65.5,65.5,65.5,65.5,6,0.0,0.0
2007-05-02,66.5,68.0,64.5,66.5,68000,0.0,0.0
2007-05-03,66.5,66.5,66.5,66.5,6,0.0,0.0
2007-05-04,65.5,65.5,65.5,65.5,3000,0.0,0.0
2007-05-07,65.5,65.5,65.5,65.5,6,0.0,0.0
2007-05-08,67.5,67.5,67.0,67.5,139000,0.0,0.0
2007-05-09,68.5,70.0,66.0,68.5,386000,0.0,0.0
2007-05-10,67.0,67.5,67.0,67.0,400000,0.0,0.0
2007-05-11,66.0,66.0,66.0,66.0,60000,0.0,0.0
2007-05-14,65.0,71.0,65.0,70.0,257000,0.0,0.0
2007-05-15,72.5,72.5,70.5,71.5,532000,0.0,0.0
2007-05-16,69.0,69.0,69.0,69.0,2000,0.0,0.0
2007-05-21,67.5,67.5,67.5,67.5,2000,0.0,0.0
2007-05-22,67.5,72.5,67.5,72.5,44000,0.0,0.0
2007-05-23,72.5,72.5,72.5,72.5,4,0.0,0.0
2007-05-24,69.0,69.0,69.0,69.0,100000,0.0,0.0
2007-05-25,69.0,75.0,69.0,75.0,93000,0.0,0.0
2007-05-28,77.5,82.5,76.0,77.5,425000,0.0,0.0
2007-05-29,79.0,82.5,73.5,73.5,529000,0.0,0.0
2007-05-30,73.5,73.5,73.5,73.5,2,0.0,0.0
2007-05-31,70.5,82.0,70.5,82.0,13000,0.0,0.0
2007-06-04,82.0,82.0,82.0,82.0,4,0.0,0.0
2007-06-05,79.0,86.0,76.0,86.0,607000,0.0,0.0
2007-06-06,84.5,85.0,84.5,84.5,30000,0.0,0.0
2007-06-07,84.5,84.5,84.5,84.5,4,0.0,0.0
2007-06-08,84.5,84.5,84.5,84.5,4,0.0,0.0
2007-06-11,87.5,87.5,87.5,87.5,1000,0.0,0.0
2007-06-12,90.0,90.0,90.0,90.0,1000,0.0,0.0
2007-06-13,70.5,71.0,67.5,70.5,46000,0.0,0.0
2007-06-14,70.5,70.5,70.5,70.5,0,0.0,0.0
2007-06-15,70.5,70.5,70.5,70.5,6,0.0,0.0
2007-06-18,80.0,80.0,80.0,80.0,5000,0.0,0.0
2007-06-19,80.0,80.0,80.0,80.0,0,0.0,0.0
2007-06-20,80.0,80.0,80.0,80.0,4,0.0,0.0
2007-06-21,80.0,80.0,80.0,80.0,0,0.0,0.0
2007-06-22,75.0,75.5,75.0,75.0,155000,0.0,0.0
2007-06-25,80.0,80.0,80.0,80.0,5000,0.0,0.0
2007-06-26,80.0,80.0,80.0,80.0,0,0.0,0.0
2007-06-27,80.0,80.0,80.0,80.0,0,0.0,0.0
2007-06-28,81.5,81.5,81.5,81.5,2000,0.0,0.0
2007-06-29,75.0,77.5,72.0,73.0,149000,0.0,0.0
2007-07-02,75.0,75.0,75.0,75.0,10000,0.0,0.0
2007-07-03,79.0,79.0,79.0,79.0,7000,0.0,0.0
2007-07-04,79.0,79.0,79.0,79.0,8000,0.0,0.0
2007-07-05,79.0,79.0,79.0,79.0,0,0.0,0.0
2007-07-06,80.0,80.0,80.0,80.0,3000,0.0,0.0
2007-07-09,80.0,80.0,80.0,80.0,4,0.0,0.0
2007-07-10,75.5,75.5,75.5,75.5,10000,0.0,0.0
2007-07-11,79.5,95.0,79.5,95.0,175000,0.0,0.0
2007-07-12,95.0,95.0,95.0,95.0,4,0.0,0.0
2007-07-13,95.0,95.0,95.0,95.0,4,0.0,0.0
2007-07-16,95.0,95.0,95.0,95.0,4,0.0,0.0
2007-07-17,95.0,95.0,95.0,95.0,4,0.0,0.0
2007-07-18,95.0,95.0,95.0,95.0,4,0.0,0.0
2007-07-19,83.0,83.0,82.5,83.0,25000,0.0,0.0
2007-07-20,83.0,83.0,83.0,83.0,2,0.0,0.0
2007-07-23,83.0,83.0,83.0,83.0,0,0.0,0.0
2007-07-24,83.0,83.0,83.0,83.0,0,0.0,0.0
2007-07-25,80.0,82.0,80.0,82.0,75000,0.0,0.0
2007-07-26,82.0,82.0,82.0,82.0,0,0.0,0.0
2007-07-27,82.0,82.0,82.0,82.0,0,0.0,0.0
2007-07-30,82.0,82.0,82.0,82.0,0,0.0,0.0
2007-07-31,82.5,92.5,80.0,80.0,650000,0.0,0.0
2007-08-01,75.0,77.0,65.0,68.0,32000,0.0,0.0
2007-08-02,65.0,77.5,65.0,77.5,53000,0.0,0.0
2007-08-03,77.5,77.5,77.5,77.5,2,0.0,0.0
2007-08-06,75.0,75.0,75.0,75.0,20000,0.0,0.0
2007-08-07,75.0,75.5,75.0,75.0,109000,0.0,0.0
2007-08-08,75.0,75.0,75.0,75.0,0,0.0,0.0
2007-08-09,87.5,87.5,87.5,87.5,5000,0.0,0.0
2007-08-10,87.5,87.5,87.5,87.5,2000,0.0,0.0
2007-08-13,87.5,87.5,87.5,87.5,0,0.0,0.0
2007-08-14,87.5,87.5,87.5,87.5,4,0.0,0.0
2007-08-15,87.5,87.5,87.5,87.5,4,0.0,0.0
2007-08-16,70.5,70.5,70.0,70.5,55000,0.0,0.0
2007-08-20,70.5,70.5,70.5,70.5,0,0.0,0.0
2007-08-21,70.5,70.5,70.5,70.5,6,0.0,0.0
2007-08-22,77.0,77.0,76.5,77.0,20000,0.0,0.0
2007-08-23,75.0,76.5,75.0,76.5,96000,0.0,0.0
2007-08-24,76.5,76.5,76.5,76.5,4,0.0,0.0
2007-08-27,76.5,76.5,76.5,76.5,0,0.0,0.0
2007-08-28,76.5,76.5,76.5,76.5,6,0.0,0.0
2007-08-29,75.0,75.0,75.0,75.0,25000,0.0,0.0
2007-08-30,77.5,77.5,76.5,77.5,59000,0.0,0.0
2007-08-31,77.5,77.5,77.5,77.5,4,0.0,0.0
2007-09-03,70.0,75.0,67.5,75.0,260000,0.0,0.0
2007-09-04,75.0,75.0,75.0,75.0,4,0.0,0.0
2007-09-05,80.0,80.0,80.0,80.0,40000,0.0,0.0
2007-09-06,80.0,80.0,80.0,80.0,4,0.0,0.0
2007-09-07,80.0,80.0,80.0,80.0,4,0.0,0.0
2007-09-10,72.0,72.0,71.5,71.5,100000,0.0,0.0
2007-09-11,71.5,71.5,71.5,71.5,0,0.0,0.0
2007-09-12,71.5,71.5,71.5,71.5,0,0.0,0.0
2007-09-13,64.5,64.5,64.5,64.5,50000,0.0,0.0
2007-09-14,70.5,70.5,68.5,70.5,235000,0.0,0.0
2007-09-17,70.5,70.5,70.5,70.5,0,0.0,0.0
2007-09-18,70.0,74.0,67.5,70.0,87000,0.0,0.0
2007-09-19,68.0,68.0,68.0,68.0,2000,0.0,0.0
2007-09-20,68.0,68.0,68.0,68.0,2,0.0,0.0
2007-09-21,68.0,68.0,68.0,68.0,6,0.0,0.0
2007-09-24,68.0,68.0,68.0,68.0,0,0.0,0.0
2007-09-25,68.0,68.0,68.0,68.0,2,0.0,0.0
2007-09-26,68.0,68.0,68.0,68.0,4,0.0,0.0
2007-09-27,68.0,72.5,68.0,72.5,167000,0.0,0.0
2007-09-28,70.0,70.0,68.0,70.0,104000,0.0,0.0
2007-10-01,70.0,70.0,70.0,70.0,6,0.0,0.0
2007-10-02,70.0,70.0,70.0,70.0,30000,0.0,0.0
2007-10-03,70.0,70.0,70.0,70.0,2,0.0,0.0
2007-10-04,70.0,70.0,70.0,70.0,2,0.0,0.0
2007-10-05,70.0,70.0,70.0,70.0,20000,0.0,0.0
2007-10-08,70.0,70.0,70.0,70.0,0,0.0,0.0
2007-10-09,70.0,70.0,70.0,70.0,0,0.0,0.0
2007-10-10,70.0,70.0,70.0,70.0,6,0.0,0.0
2007-10-11,70.0,70.0,70.0,70.0,400000,0.0,0.0
2007-10-17,70.0,70.0,70.0,70.0,4,0.0,0.0
2007-10-18,65.0,65.0,65.0,65.0,20000,0.0,0.0
2007-10-19,65.0,65.0,65.0,65.0,0,0.0,0.0
2007-10-22,65.0,65.0,65.0,65.0,0,0.0,0.0
2007-10-23,65.0,65.0,65.0,65.0,0,0.0,0.0
2007-10-24,65.0,65.0,65.0,65.0,2,0.0,0.0
2007-10-25,65.0,65.0,65.0,65.0,0,0.0,0.0
2007-10-26,65.0,65.0,65.0,65.0,0,0.0,0.0
2007-10-29,65.0,65.0,65.0,65.0,0,0.0,0.0
2007-10-30,65.0,65.0,65.0,65.0,2,0.0,0.0
2007-10-31,65.0,65.0,65.0,65.0,35000,0.0,0.0
2007-11-01,65.0,65.0,65.0,65.0,0,0.0,0.0
2007-11-02,65.0,65.0,65.0,65.0,2,0.0,0.0
2007-11-05,65.0,65.0,65.0,65.0,0,0.0,0.0
2007-11-06,65.0,65.0,65.0,65.0,0,0.0,0.0
2007-11-07,65.0,65.0,65.0,65.0,0,0.0,0.0
2007-11-08,65.0,65.0,65.0,65.0,0,0.0,0.0
2007-11-09,65.0,65.0,65.0,65.0,0,0.0,0.0
2007-11-12,65.0,65.0,65.0,65.0,0,0.0,0.0
2007-11-13,60.5,60.5,60.5,60.5,25000,0.0,0.0
2007-11-14,60.5,60.5,60.5,60.5,20000,0.0,0.0
2007-11-15,60.5,60.5,60.5,60.5,2,0.0,0.0
2007-11-16,62.5,62.5,62.5,62.5,20000,0.0,0.0
2007-11-19,62.5,62.5,62.5,62.5,2,0.0,0.0
2007-11-20,62.5,62.5,62.5,62.5,0,0.0,0.0
2007-11-21,62.5,62.5,62.5,62.5,0,0.0,0.0
2007-11-22,62.5,62.5,62.5,62.5,0,0.0,0.0
2007-11-23,62.5,62.5,62.5,62.5,0,0.0,0.0
2007-11-26,62.5,62.5,62.5,62.5,0,0.0,0.0
2007-11-27,62.5,62.5,62.5,62.5,2,0.0,0.0
2007-11-28,62.5,62.5,62.5,62.5,2,0.0,0.0
2007-11-29,62.5,62.5,62.5,62.5,2,0.0,0.0
2007-11-30,62.5,62.5,62.5,62.5,0,0.0,0.0
2007-12-03,65.5,65.5,65.5,65.5,10000,0.0,0.0
2007-12-04,65.5,65.5,65.5,65.5,2,0.0,0.0
2007-12-05,65.5,65.5,65.5,65.5,2,0.0,0.0
2007-12-06,69.0,69.0,68.5,69.0,2000,0.0,0.0
2007-12-07,68.0,68.5,68.0,68.0,100000,0.0,0.0
2007-12-10,68.0,68.0,68.0,68.0,2000,0.0,0.0
2007-12-11,68.0,68.0,68.0,68.0,2,0.0,0.0
2007-12-12,68.0,68.0,68.0,68.0,2,0.0,0.0
2007-12-13,68.0,68.0,68.0,68.0,0,0.0,0.0
2007-12-14,67.5,67.5,67.5,67.5,408000,0.0,0.0
2007-12-17,63.0,63.0,63.0,63.0,30000,0.0,0.0
2007-12-18,63.0,63.0,63.0,63.0,0,0.0,0.0
2007-12-19,63.0,63.0,63.0,63.0,2,0.0,0.0
2007-12-26,63.0,63.0,63.0,63.0,0,0.0,0.0
2007-12-27,63.0,63.0,63.0,63.0,0,0.0,0.0
2007-12-28,67.5,67.5,67.5,67.5,25000,0.0,0.0
2007-12-31,67.5,67.5,67.5,67.5,0,0.0,0.0
2008-01-02,67.5,67.5,67.5,67.5,0,0.0,0.0
2008-01-03,67.5,67.5,67.5,67.5,500000,0.0,0.0
2008-01-04,65.0,65.0,65.0,65.0,4000,0.0,0.0
2008-01-07,65.0,65.0,65.0,65.0,2,0.0,0.0
2008-01-08,65.0,65.0,65.0,65.0,2,0.0,0.0
2008-01-09,65.0,65.0,65.0,65.0,2,0.0,0.0
2008-01-14,62.5,62.5,62.5,62.5,135000,0.0,0.0
2008-01-15,62.5,62.5,62.5,62.5,0,0.0,0.0
2008-01-16,62.5,62.5,62.5,62.5,0,0.0,0.0
2008-01-17,62.5,62.5,62.5,62.5,2,0.0,0.0
2008-01-18,62.5,62.5,62.5,62.5,0,0.0,0.0
2008-01-21,62.5,62.5,62.5,62.5,0,0.0,0.0
2008-01-22,62.5,62.5,62.5,62.5,0,0.0,0.0
2008-01-23,62.5,62.5,62.5,62.5,0,0.0,0.0
2008-01-24,62.5,62.5,62.5,62.5,0,0.0,0.0
2008-01-25,62.5,62.5,62.5,62.5,0,0.0,0.0
2008-01-28,62.5,62.5,62.5,62.5,0,0.0,0.0
2008-01-29,62.5,62.5,62.5,62.5,0,0.0,0.0
2008-01-30,62.5,62.5,62.5,62.5,0,0.0,0.0
2008-01-31,62.5,62.5,62.5,62.5,0,0.0,0.0
2008-02-01,62.5,62.5,62.5,62.5,0,0.0,0.0
2008-02-04,62.5,62.5,62.5,62.5,0,0.0,0.0
2008-02-05,62.5,62.5,62.5,62.5,0,0.0,0.0
2008-02-06,62.5,62.5,62.5,62.5,0,0.0,0.0
2008-02-11,62.5,62.5,62.5,62.5,0,0.0,0.0
2008-02-12,62.5,62.5,62.5,62.5,0,0.0,0.0
2008-02-13,62.5,62.5,62.5,62.5,0,0.0,0.0
2008-02-14,62.5,62.5,62.5,62.5,0,0.0,0.0
2008-02-15,62.5,62.5,62.5,62.5,0,0.0,0.0
2008-02-18,62.5,62.5,62.5,62.5,0,0.0,0.0
2008-02-19,55.5,55.5,55.5,55.5,12000,0.0,0.0
2008-02-20,55.5,55.5,55.5,55.5,0,0.0,0.0
2008-02-21,55.5,55.5,55.5,55.5,0,0.0,0.0
2008-02-22,55.5,55.5,55.5,55.5,0,0.0,0.0
2008-02-25,55.5,55.5,55.5,55.5,0,0.0,0.0
2008-02-26,55.5,55.5,55.5,55.5,0,0.0,0.0
2008-02-27,55.5,55.5,55.5,55.5,0,0.0,0.0
2008-02-28,55.5,55.5,55.5,55.5,0,0.0,0.0
2008-02-29,55.5,55.5,55.5,55.5,0,0.0,0.0
2008-03-03,55.5,55.5,55.5,55.5,0,0.0,0.0
2008-03-04,55.5,55.5,55.5,55.5,0,0.0,0.0
2008-03-05,55.5,55.5,55.5,55.5,4,0.0,0.0
2008-03-06,55.5,55.5,55.5,55.5,0,0.0,0.0
2008-03-10,55.5,55.5,55.5,55.5,0,0.0,0.0
2008-03-11,55.5,55.5,55.5,55.5,0,0.0,0.0
2008-03-12,55.5,55.5,55.5,55.5,0,0.0,0.0
2008-03-13,55.5,55.5,55.5,55.5,0,0.0,0.0
2008-03-14,55.5,55.5,55.5,55.5,0,0.0,0.0
2008-03-17,55.5,55.5,55.5,55.5,0,0.0,0.0
2008-03-18,55.5,55.5,55.5,55.5,0,0.0,0.0
2008-03-19,55.5,55.5,55.5,55.5,0,0.0,0.0
2008-03-24,55.5,55.5,55.5,55.5,0,0.0,0.0
2008-03-25,55.5,55.5,55.5,55.5,0,0.0,0.0
2008-03-26,55.5,55.5,55.5,55.5,0,0.0,0.0
2008-03-27,55.5,55.5,55.5,55.5,0,0.0,0.0
2008-03-28,55.5,55.5,55.5,55.5,0,0.0,0.0
2008-03-31,55.5,55.5,55.5,55.5,4,0.0,0.0
2008-04-01,55.5,55.5,55.5,55.5,0,0.0,0.0
2008-04-02,55.5,55.5,55.5,55.5,0,0.0,0.0
2008-04-03,55.5,55.5,55.5,55.5,0,0.0,0.0
2008-04-04,55.5,55.5,55.5,55.5,0,0.0,0.0
2008-04-07,55.5,55.5,55.5,55.5,0,0.0,0.0
2008-04-08,55.5,55.5,55.5,55.5,0,0.0,0.0
2008-04-09,55.0,55.0,55.0,55.0,364000,0.0,0.0
2008-04-10,55.0,55.0,55.0,55.0,4,0.0,0.0
2008-04-11,55.0,55.0,55.0,55.0,4,0.0,0.0
2008-04-14,55.0,55.0,55.0,55.0,4,0.0,0.0
2008-04-15,55.0,55.0,55.0,55.0,0,0.0,0.0
2008-04-16,55.0,55.0,55.0,55.0,0,0.0,0.0
2008-04-17,50.0,50.0,50.0,50.0,23000,0.0,0.0
2008-04-18,50.0,50.0,50.0,50.0,0,0.0,0.0
2008-04-21,50.0,50.0,50.0,50.0,0,0.0,0.0
2008-04-22,50.0,50.0,50.0,50.0,0,0.0,0.0
2008-04-23,50.0,50.0,50.0,50.0,0,0.0,0.0
2008-04-24,50.0,50.0,50.0,50.0,0,0.0,0.0
2008-04-25,50.0,50.0,50.0,50.0,0,0.0,0.0
2008-04-28,49.5,49.5,49.5,49.5,40000,0.0,0.0
2008-04-29,49.5,49.5,49.5,49.5,0,0.0,0.0
2008-04-30,49.5,49.5,49.5,49.5,0,0.0,0.0
2008-05-05,49.5,49.5,49.5,49.5,0,0.0,0.0
2008-05-06,49.5,49.5,49.5,49.5,0,0.0,0.0
2008-05-07,49.5,49.5,49.5,49.5,0,0.0,0.0
2008-05-08,49.5,49.5,49.5,49.5,0,0.0,0.0
2008-05-09,49.5,49.5,49.5,49.5,0,0.0,0.0
2008-05-12,49.5,49.5,49.5,49.5,0,0.0,0.0
2008-05-13,49.5,49.5,49.5,49.5,0,0.0,0.0
2008-05-14,49.5,49.5,49.5,49.5,0,0.0,0.0
2008-05-15,49.5,49.5,49.5,49.5,0,0.0,0.0
2008-05-16,49.5,49.5,49.5,49.5,0,0.0,0.0
2008-05-21,50.0,50.0,50.0,50.0,200000,0.0,0.0
2008-05-22,55.0,55.0,55.0,55.0,250000,0.0,0.0
2008-05-23,55.0,55.0,55.0,55.0,0,0.0,0.0
2008-05-26,55.0,55.0,55.0,55.0,0,0.0,0.0
2008-05-27,55.0,55.0,55.0,55.0,0,0.0,0.0
2008-05-28,55.0,55.0,55.0,55.0,0,0.0,0.0
2008-05-29,55.0,55.0,55.0,55.0,0,0.0,0.0
2008-05-30,55.0,55.0,55.0,55.0,0,0.0,0.0
2008-06-02,55.0,55.0,55.0,55.0,0,0.0,0.0
2008-06-03,55.0,55.0,55.0,55.0,100000,0.0,0.0
2008-06-04,55.0,55.0,55.0,55.0,4,0.0,0.0
2008-06-05,55.0,55.0,55.0,55.0,4,0.0,0.0
2008-06-06,55.0,55.0,55.0,55.0,4,0.0,0.0
2008-06-09,55.0,55.0,55.0,55.0,4,0.0,0.0
2008-06-10,55.0,55.0,55.0,55.0,0,0.0,0.0
2008-06-11,55.0,55.0,55.0,55.0,4,0.0,0.0
2008-06-12,55.0,55.0,55.0,55.0,4,0.0,0.0
2008-06-13,55.0,55.0,55.0,55.0,4,0.0,0.0
2008-06-16,55.0,55.0,55.0,55.0,4,0.0,0.0
2008-06-17,55.0,55.0,55.0,55.0,4,0.0,0.0
2008-06-18,55.0,55.0,55.0,55.0,4,0.0,0.0
2008-06-19,55.0,55.0,55.0,55.0,4,0.0,0.0
2008-06-20,55.0,55.0,55.0,55.0,4,0.0,0.0
2008-06-23,55.0,55.0,55.0,55.0,4,0.0,0.0
2008-06-24,55.0,55.0,55.0,55.0,1000000,0.0,0.0
2008-06-25,64.5,64.5,50.0,50.0,7000,0.0,0.0
2008-06-26,50.0,50.0,50.0,50.0,2,0.0,0.0
2008-06-27,50.0,50.0,50.0,50.0,2,0.0,0.0
2008-06-30,55.0,55.0,54.5,55.0,73000,0.0,0.0
2008-07-01,55.0,55.0,55.0,55.0,0,0.0,0.0
2008-07-02,55.0,55.0,55.0,55.0,0,0.0,0.0
2008-07-03,55.0,55.0,55.0,55.0,0,0.0,0.0
2008-07-04,55.0,55.0,55.0,55.0,0,0.0,0.0
2008-07-07,55.0,55.0,55.0,55.0,0,0.0,0.0
2008-07-08,55.0,55.0,55.0,55.0,0,0.0,0.0
2008-07-09,55.0,55.0,55.0,55.0,0,0.0,0.0
2008-07-10,74.0,74.0,74.0,74.0,2000,0.0,0.0
2008-07-11,74.0,74.0,74.0,74.0,4,0.0,0.0
2008-07-14,74.0,74.0,74.0,74.0,4,0.0,0.0
2008-07-15,74.0,74.0,74.0,74.0,4,0.0,0.0
2008-07-16,55.0,55.5,55.0,55.0,42000,0.0,0.0
2008-07-17,55.0,55.0,55.0,55.0,0,0.0,0.0
2008-07-18,55.0,55.0,55.0,55.0,0,0.0,0.0
2008-07-21,55.0,55.0,55.0,55.0,0,0.0,0.0
2008-07-22,55.0,55.0,55.0,55.0,0,0.0,0.0
2008-07-23,55.0,55.0,55.0,55.0,0,0.0,0.0
2008-07-24,55.0,55.0,55.0,55.0,0,0.0,0.0
2008-07-25,55.0,55.0,55.0,55.0,0,0.0,0.0
2008-07-28,55.0,55.0,55.0,55.0,0,0.0,0.0
2008-07-29,55.0,55.0,55.0,55.0,0,0.0,0.0
2008-07-31,55.0,55.0,55.0,55.0,4,0.0,0.0
2008-08-01,55.0,55.0,55.0,55.0,0,0.0,0.0
2008-08-04,55.0,55.0,55.0,55.0,0,0.0,0.0
2008-08-05,55.0,55.0,55.0,55.0,0,0.0,0.0
2008-08-06,55.0,55.0,55.0,55.0,0,0.0,0.0
2008-08-07,55.0,55.0,55.0,55.0,0,0.0,0.0
2008-08-08,55.0,55.0,55.0,55.0,0,0.0,0.0
2008-08-11,55.0,55.0,55.0,55.0,0,0.0,0.0
2008-08-12,55.0,55.0,55.0,55.0,0,0.0,0.0
2008-08-13,55.0,55.0,55.0,55.0,0,0.0,0.0
2008-08-14,55.0,55.0,55.0,55.0,0,0.0,0.0
2008-08-15,55.0,55.0,55.0,55.0,0,0.0,0.0
2008-08-19,55.0,55.0,55.0,55.0,0,0.0,0.0
2008-08-20,55.0,55.0,55.0,55.0,0,0.0,0.0
2008-08-21,55.0,55.0,55.0,55.0,6,0.0,0.0
2008-08-22,55.0,55.0,55.0,55.0,0,0.0,0.0
2008-08-25,55.0,55.0,55.0,55.0,0,0.0,0.0
2008-08-26,55.0,55.0,55.0,55.0,0,0.0,0.0
2008-08-27,55.0,55.0,55.0,55.0,0,0.0,0.0
2008-08-28,55.0,55.0,55.0,55.0,300000,0.0,0.0
2008-08-29,55.0,55.0,55.0,55.0,0,0.0,0.0
2008-09-01,55.0,55.0,55.0,55.0,0,0.0,0.0
2008-09-02,55.0,55.0,55.0,55.0,0,0.0,0.0
2008-09-03,55.0,55.0,55.0,55.0,0,0.0,0.0
2008-09-04,55.0,55.0,55.0,55.0,0,0.0,0.0
2008-09-05,55.0,55.0,55.0,55.0,0,0.0,0.0
2008-09-08,55.0,55.0,55.0,55.0,0,0.0,0.0
2008-09-09,55.0,55.0,55.0,55.0,300000,0.0,0.0
2008-09-10,55.0,55.0,55.0,55.0,0,0.0,0.0
2008-09-11,55.0,55.0,55.0,55.0,0,0.0,0.0
2008-09-12,55.0,55.0,55.0,55.0,0,0.0,0.0
2008-09-15,55.0,55.0,55.0,55.0,0,0.0,0.0
2008-09-16,55.0,55.0,55.0,55.0,0,0.0,0.0
2008-09-17,55.0,55.0,55.0,55.0,0,0.0,0.0
2008-09-18,55.0,55.0,55.0,55.0,0,0.0,0.0
2008-09-19,55.0,55.0,55.0,55.0,0,0.0,0.0
2008-09-22,55.0,55.0,55.0,55.0,0,0.0,0.0
2008-09-23,55.0,55.0,55.0,55.0,0,0.0,0.0
2008-09-24,55.0,55.0,55.0,55.0,0,0.0,0.0
2008-09-25,73.5,73.5,73.5,73.5,2000,0.0,0.0
2008-09-26,73.5,73.5,73.5,73.5,4,0.0,0.0
2008-10-06,73.5,73.5,73.5,73.5,6,0.0,0.0
2008-10-07,73.5,73.5,73.5,73.5,0,0.0,0.0
2008-10-08,73.5,73.5,73.5,73.5,6,0.0,0.0
2008-10-09,73.5,73.5,73.5,73.5,0,0.0,0.0
2008-10-10,73.5,73.5,73.5,73.5,0,0.0,0.0
2008-10-13,73.5,73.5,73.5,73.5,6,0.0,0.0
2008-10-14,73.5,73.5,73.5,73.5,6,0.0,0.0
2008-10-15,73.5,73.5,73.5,73.5,0,0.0,0.0
2008-10-16,73.5,73.5,73.5,73.5,6,0.0,0.0
2008-10-17,73.5,73.5,73.5,73.5,6,0.0,0.0
2008-10-20,73.5,73.5,73.5,73.5,6,0.0,0.0
2008-10-21,73.5,73.5,73.5,73.5,0,0.0,0.0
2008-10-22,73.5,73.5,73.5,73.5,6,0.0,0.0
2008-10-23,73.5,73.5,73.5,73.5,6,0.0,0.0
2008-10-24,73.5,73.5,73.5,73.5,0,0.0,0.0
2008-10-27,73.5,73.5,73.5,73.5,0,0.0,0.0
2008-10-28,73.5,73.5,73.5,73.5,0,0.0,0.0
2008-10-29,73.5,73.5,73.5,73.5,6,0.0,0.0
2008-10-30,73.5,73.5,73.5,73.5,0,0.0,0.0
2008-10-31,73.5,73.5,73.5,73.5,0,0.0,0.0
2008-11-03,73.5,73.5,73.5,73.5,6,0.0,0.0
2008-11-04,73.5,73.5,73.5,73.5,0,0.0,0.0
2008-11-05,73.5,73.5,73.5,73.5,0,0.0,0.0
2008-11-06,73.5,73.5,73.5,73.5,6,0.0,0.0
2008-11-07,73.5,73.5,73.5,73.5,6,0.0,0.0
2008-11-10,73.5,73.5,73.5,73.5,6,0.0,0.0
2008-11-11,73.5,73.5,73.5,73.5,6,0.0,0.0
2008-11-12,73.5,73.5,73.5,73.5,0,0.0,0.0
2008-11-13,73.5,73.5,73.5,73.5,6,0.0,0.0
2008-11-14,73.5,73.5,73.5,73.5,0,0.0,0.0
2008-11-17,73.5,73.5,73.5,73.5,0,0.0,0.0
2008-11-18,73.5,73.5,73.5,73.5,0,0.0,0.0
2008-11-19,73.5,73.5,73.5,73.5,6,0.0,0.0
2008-11-20,73.5,73.5,73.5,73.5,0,0.0,0.0
2008-11-21,73.5,73.5,73.5,73.5,0,0.0,0.0
2008-11-24,73.5,73.5,73.5,73.5,0,0.0,0.0
2008-11-25,73.5,73.5,73.5,73.5,0,0.0,0.0
2008-11-26,73.5,73.5,73.5,73.5,0,0.0,0.0
2008-11-27,73.5,73.5,73.5,73.5,0,0.0,0.0
2008-11-28,73.5,73.5,73.5,73.5,0,0.0,0.0
2008-12-01,73.5,73.5,73.5,73.5,6,0.0,0.0
2008-12-02,73.5,73.5,73.5,73.5,6,0.0,0.0
2008-12-03,68.5,68.5,68.5,68.5,1000,0.0,0.0
2008-12-04,68.5,68.5,68.5,68.5,0,0.0,0.0
2008-12-05,68.5,68.5,68.5,68.5,0,0.0,0.0
2008-12-09,68.5,68.5,68.5,68.5,6,0.0,0.0
2008-12-10,68.5,68.5,68.5,68.5,6,0.0,0.0
2008-12-11,68.5,68.5,68.5,68.5,6,0.0,0.0
2008-12-12,68.5,68.5,68.5,68.5,6,0.0,0.0
2008-12-15,68.5,68.5,68.5,68.5,6,0.0,0.0
2008-12-16,68.5,68.5,68.5,68.5,6,0.0,0.0
2008-12-17,68.5,68.5,68.5,68.5,6,0.0,0.0
2008-12-18,68.5,68.5,68.5,68.5,6,0.0,0.0
2008-12-19,68.5,68.5,68.5,68.5,6,0.0,0.0
2008-12-22,68.5,68.5,68.5,68.5,6,0.0,0.0
2008-12-23,68.5,68.5,68.5,68.5,6,0.0,0.0
2008-12-24,68.5,68.5,68.5,68.5,6,0.0,0.0
2008-12-30,68.5,68.5,68.5,68.5,6,0.0,0.0
2008-12-31,68.5,68.5,68.5,68.5,0,0.0,0.0
2009-01-05,68.5,68.5,68.5,68.5,6,0.0,0.0
2009-01-06,68.5,68.5,68.5,68.5,0,0.0,0.0
2009-01-07,68.5,68.5,68.5,68.5,6,0.0,0.0
2009-01-08,68.5,68.5,68.5,68.5,6,0.0,0.0
2009-01-09,68.5,68.5,68.5,68.5,6,0.0,0.0
2009-01-12,68.5,68.5,68.5,68.5,6,0.0,0.0
2009-01-13,68.5,68.5,68.5,68.5,6,0.0,0.0
2009-01-14,68.5,68.5,68.5,68.5,6,0.0,0.0
2009-01-15,68.5,68.5,68.5,68.5,6,0.0,0.0
2009-01-16,68.5,68.5,68.5,68.5,6,0.0,0.0
2009-01-19,68.5,68.5,68.5,68.5,6,0.0,0.0
2009-01-20,68.5,68.5,68.5,68.5,6,0.0,0.0
2009-01-21,68.5,68.5,68.5,68.5,6,0.0,0.0
2009-01-22,68.5,68.5,68.5,68.5,6,0.0,0.0
2009-01-23,68.5,68.5,68.5,68.5,6,0.0,0.0
2009-01-27,68.5,68.5,68.5,68.5,6,0.0,0.0
2009-01-28,68.5,68.5,68.5,68.5,6,0.0,0.0
2009-01-29,68.5,68.5,68.5,68.5,0,0.0,0.0
2009-01-30,68.5,68.5,68.5,68.5,6,0.0,0.0
2009-02-02,68.5,68.5,68.5,68.5,6,0.0,0.0
2009-02-03,68.5,68.5,68.5,68.5,6,0.0,0.0
2009-02-04,68.5,68.5,68.5,68.5,0,0.0,0.0
2009-02-05,68.5,68.5,68.5,68.5,6,0.0,0.0
2009-02-06,68.5,68.5,68.5,68.5,6,0.0,0.0
2009-02-09,68.5,68.5,68.5,68.5,6,0.0,0.0
2009-02-10,68.5,68.5,68.5,68.5,6,0.0,0.0
2009-02-11,68.5,68.5,68.5,68.5,6,0.0,0.0
2009-02-12,68.5,68.5,68.5,68.5,6,0.0,0.0
2009-02-13,68.5,68.5,68.5,68.5,0,0.0,0.0
2009-02-16,68.5,68.5,68.5,68.5,6,0.0,0.0
2009-02-17,68.5,68.5,68.5,68.5,6,0.0,0.0
2009-02-18,68.5,68.5,68.5,68.5,6,0.0,0.0
2009-02-19,68.5,68.5,68.5,68.5,6,0.0,0.0
2009-02-20,68.5,68.5,68.5,68.5,6,0.0,0.0
2009-02-23,68.5,68.5,68.5,68.5,6,0.0,0.0
2009-02-24,68.5,68.5,68.5,68.5,6,0.0,0.0
2009-02-25,68.5,68.5,68.5,68.5,0,0.0,0.0
2009-02-26,68.5,68.5,68.5,68.5,6,0.0,0.0
2009-02-27,68.5,68.5,68.5,68.5,6,0.0,0.0
2009-03-02,68.5,68.5,68.5,68.5,6,0.0,0.0
2009-03-03,68.5,68.5,68.5,68.5,6,0.0,0.0
2009-03-04,68.5,68.5,68.5,68.5,6,0.0,0.0
2009-03-05,68.5,68.5,68.5,68.5,6,0.0,0.0
2009-03-06,68.5,68.5,68.5,68.5,6,0.0,0.0
2009-03-10,68.5,68.5,68.5,68.5,6,0.0,0.0
2009-03-11,68.5,68.5,68.5,68.5,6,0.0,0.0
2009-03-12,68.5,68.5,68.5,68.5,6,0.0,0.0
2009-03-13,68.5,68.5,68.5,68.5,6,0.0,0.0
2009-03-16,68.5,68.5,68.5,68.5,6,0.0,0.0
2009-03-17,68.5,68.5,68.5,68.5,6,0.0,0.0
2009-03-18,68.5,68.5,68.5,68.5,6,0.0,0.0
2009-03-19,69.5,69.5,69.5,69.5,44000,0.0,0.0
2009-03-20,69.5,69.5,69.5,69.5,4,0.0,0.0
2009-03-23,69.5,69.5,69.5,69.5,0,0.0,0.0
2009-03-24,69.5,69.5,69.5,69.5,0,0.0,0.0
2009-03-25,69.5,69.5,69.5,69.5,0,0.0,0.0
2009-03-27,69.5,69.5,69.5,69.5,0,0.0,0.0
2009-03-30,69.5,69.5,69.5,69.5,0,0.0,0.0
2009-03-31,69.5,69.5,69.5,69.5,0,0.0,0.0
2009-04-01,69.5,69.5,69.5,69.5,0,0.0,0.0
2009-04-02,69.5,69.5,69.5,69.5,0,0.0,0.0
2009-04-03,69.5,69.5,69.5,69.5,0,0.0,0.0
2009-04-06,69.5,69.5,69.5,69.5,0,0.0,0.0
2009-04-07,69.5,69.5,69.5,69.5,0,0.0,0.0
2009-04-08,69.5,69.5,69.5,69.5,0,0.0,0.0
2009-04-09,69.5,69.5,69.5,69.5,0,0.0,0.0
2009-04-13,69.5,69.5,69.5,69.5,0,0.0,0.0
2009-04-14,69.5,69.5,69.5,69.5,0,0.0,0.0
2009-04-15,69.5,69.5,69.5,69.5,0,0.0,0.0
2009-04-16,67.5,69.5,67.5,67.5,69000,0.0,0.0
2009-04-17,67.5,67.5,67.5,67.5,0,0.0,0.0
2009-04-20,67.5,67.5,67.5,67.5,4,0.0,0.0
2009-04-22,67.5,67.5,67.5,67.5,0,0.0,0.0
2009-04-23,67.5,67.5,67.5,67.5,0,0.0,0.0
2009-04-24,67.5,67.5,67.5,67.5,0,0.0,0.0
2009-04-27,67.5,67.5,67.5,67.5,0,0.0,0.0
2009-04-28,67.5,67.5,67.5,67.5,4,0.0,0.0
2009-04-29,67.5,67.5,67.5,67.5,0,0.0,0.0
2009-04-30,67.5,67.5,67.5,67.5,0,0.0,0.0
2009-05-01,67.5,67.5,67.5,67.5,0,0.0,0.0
2009-05-04,67.5,67.5,67.5,67.5,0,0.0,0.0
2009-05-05,67.5,67.5,67.5,67.5,0,0.0,0.0
2009-05-06,67.5,67.5,67.5,67.5,0,0.0,0.0
2009-05-07,67.5,67.5,67.5,67.5,0,0.0,0.0
2009-05-08,67.5,67.5,67.5,67.5,0,0.0,0.0
2009-05-11,67.5,67.5,67.5,67.5,0,0.0,0.0
2009-05-12,67.5,67.5,67.5,67.5,0,0.0,0.0
2009-05-13,75.0,77.5,75.0,75.0,26000,0.0,0.0
2009-05-14,80.0,80.0,80.0,80.0,1000,0.0,0.0
2009-05-15,80.0,80.0,80.0,80.0,4,0.0,0.0
2009-05-18,80.0,80.0,80.0,80.0,0,0.0,0.0
2009-05-19,80.0,80.0,80.0,80.0,0,0.0,0.0
2009-05-20,80.0,80.0,80.0,80.0,0,0.0,0.0
2009-05-21,80.0,80.0,80.0,80.0,0,0.0,0.0
2009-05-22,80.0,80.0,80.0,80.0,4,0.0,0.0
2009-05-25,80.0,80.0,80.0,80.0,4,0.0,0.0
2009-05-26,80.0,80.0,80.0,80.0,4,0.0,0.0
2009-05-27,80.0,80.0,80.0,80.0,6,0.0,0.0
2009-05-28,80.0,80.0,80.0,80.0,0,0.0,0.0
2009-05-29,80.0,80.0,80.0,80.0,0,0.0,0.0
2009-06-01,80.0,80.0,80.0,80.0,0,0.0,0.0
2009-06-02,80.0,80.0,80.0,80.0,0,0.0,0.0
2009-06-03,80.0,80.0,80.0,80.0,0,0.0,0.0
2009-06-04,80.0,80.0,80.0,80.0,0,0.0,0.0
2009-06-05,74.0,74.0,52.0,52.0,2000,0.0,0.0
2009-06-08,52.0,53.5,51.0,52.0,615000,0.0,0.0
2009-06-09,48.0,51.0,48.0,48.0,247000,0.0,0.0
2009-06-10,50.0,50.5,49.5,50.0,247000,0.0,0.0
2009-06-11,50.0,50.0,50.0,50.0,50000,0.0,0.0
2009-06-12,49.5,50.0,46.0,49.5,38000,0.0,0.0
2009-06-15,49.0,60.0,49.0,53.5,815000,0.0,0.0
2009-06-16,53.5,53.5,53.5,53.5,4,0.0,0.0
2009-06-17,52.5,52.5,51.5,52.5,536000,0.0,0.0
2009-06-18,52.5,54.0,52.5,52.5,40000,0.0,0.0
2009-06-19,49.0,49.0,48.0,49.0,70000,0.0,0.0
2009-06-22,49.0,49.0,49.0,49.0,4,0.0,0.0
2009-06-23,49.0,49.0,49.0,49.0,4,0.0,0.0
2009-06-24,49.0,49.0,49.0,49.0,4,0.0,0.0
2009-06-25,48.0,48.0,48.0,48.0,20000,0.0,0.0
2009-06-26,54.0,54.0,54.0,54.0,4000,0.0,0.0
2009-06-29,54.0,54.0,54.0,54.0,4,0.0,0.0
2009-06-30,54.0,54.0,54.0,54.0,4,0.0,0.0
2009-07-01,53.5,54.0,50.0,50.5,115000,0.0,0.0
2009-07-02,55.0,55.0,55.0,55.0,123000,0.0,0.0
2009-07-03,55.0,55.0,55.0,55.0,4,0.0,0.0
2009-07-06,55.0,55.0,55.0,55.0,4,0.0,0.0
2009-07-07,47.5,48.5,47.5,47.5,255000,0.0,0.0
2009-07-08,47.5,47.5,47.5,47.5,0,0.0,0.0
2009-07-09,48.0,49.0,48.0,48.0,196000,0.0,0.0
2009-07-10,48.0,48.0,48.0,48.0,0,0.0,0.0
2009-07-13,47.5,48.0,47.5,47.5,120000,0.0,0.0
2009-07-14,47.5,47.5,47.5,47.5,0,0.0,0.0
2009-07-15,47.5,47.5,47.5,47.5,0,0.0,0.0
2009-07-16,47.5,47.5,47.5,47.5,2,0.0,0.0
2009-07-17,47.5,47.5,47.5,47.5,0,0.0,0.0
2009-07-20,47.5,47.5,47.5,47.5,0,0.0,0.0
2009-07-21,47.5,47.5,47.5,47.5,0,0.0,0.0
2009-07-22,47.5,47.5,47.5,47.5,0,0.0,0.0
2009-07-23,34.5,48.5,34.5,45.0,96000,0.0,0.0
2009-07-24,45.0,50.0,45.0,50.0,249000,0.0,0.0
2009-07-27,52.0,67.5,52.0,67.5,1916000,0.0,0.0
2009-07-28,70.0,70.0,62.5,63.5,1085000,0.0,0.0
2009-07-29,50.5,55.0,50.5,55.0,196000,0.0,0.0
2009-07-30,50.0,58.5,50.0,58.5,2000,0.0,0.0
2009-07-31,59.0,59.0,59.0,59.0,8000,0.0,0.0
2009-08-03,52.0,52.5,50.5,52.0,124000,0.0,0.0
2009-08-04,50.0,50.5,50.0,50.0,80000,0.0,0.0
2009-08-05,50.0,59.0,50.0,55.5,1155000,0.0,0.0
2009-08-06,50.5,56.5,50.5,54.0,295000,0.0,0.0
2009-08-07,58.0,58.0,55.0,58.0,69000,0.0,0.0
2009-08-10,60.0,62.5,56.5,56.5,381000,0.0,0.0
2009-08-11,55.0,60.0,55.0,60.0,140000,0.0,0.0
2009-08-12,60.0,60.0,60.0,60.0,0,0.0,0.0
2009-08-13,60.0,60.0,60.0,60.0,4,0.0,0.0
2009-08-14,60.0,60.0,60.0,60.0,4,0.0,0.0
2009-08-18,62.0,62.0,60.0,62.0,29000,0.0,0.0
2009-08-19,62.0,62.0,62.0,62.0,4,0.0,0.0
2009-08-20,65.0,65.0,62.5,65.0,784000,0.0,0.0
2009-08-21,74.5,74.5,74.5,74.5,11000,0.0,0.0
2009-08-24,74.0,74.5,55.5,64.0,34000,0.0,0.0
2009-08-25,64.0,64.0,60.0,64.0,83000,0.0,0.0
2009-08-26,56.5,57.5,56.5,56.5,2000,0.0,0.0
2009-08-27,56.5,56.5,50.5,50.5,21000,0.0,0.0
2009-08-28,50.5,50.5,50.5,50.5,0,0.0,0.0
2009-08-31,50.5,50.5,50.5,50.5,10000,0.0,0.0
2009-09-01,51.0,51.5,51.0,51.0,17000,0.0,0.0
2009-09-02,50.0,50.0,50.0,50.0,45000,0.0,0.0
2009-09-03,50.0,50.0,50.0,50.0,2,0.0,0.0
2009-09-04,50.0,50.0,50.0,50.0,4,0.0,0.0
2009-09-07,59.0,64.5,52.5,53.5,492000,0.0,0.0
2009-09-08,53.5,53.5,53.5,53.5,0,0.0,0.0
2009-09-09,53.5,53.5,53.5,53.5,2,0.0,0.0
2009-09-10,53.5,53.5,53.5,53.5,2,0.0,0.0
2009-09-11,53.5,53.5,53.5,53.5,2,0.0,0.0
2009-09-14,53.5,53.5,53.5,53.5,0,0.0,0.0
2009-09-15,53.5,53.5,53.5,53.5,2,0.0,0.0
2009-09-16,53.5,53.5,53.5,53.5,2,0.0,0.0
2009-09-17,51.5,51.5,51.5,51.5,30000,0.0,0.0
2009-09-24,51.5,51.5,51.5,51.5,4,0.0,0.0
2009-09-25,51.5,51.5,51.5,51.5,4,0.0,0.0
2009-09-28,51.5,51.5,51.5,51.5,4,0.0,0.0
2009-09-29,51.5,51.5,51.5,51.5,4,0.0,0.0
2009-09-30,51.5,51.5,51.5,51.5,4,0.0,0.0
2009-10-01,68.5,69.5,65.0,65.0,242000,0.0,0.0
2009-10-02,65.0,65.0,65.0,65.0,4,0.0,0.0
2009-10-05,65.0,65.0,65.0,65.0,4,0.0,0.0
2009-10-06,62.5,62.5,62.5,62.5,20000,0.0,0.0
2009-10-07,62.5,62.5,62.5,62.5,0,0.0,0.0
2009-10-08,66.5,74.5,66.0,66.5,530000,0.0,0.0
2009-10-09,66.5,66.5,66.5,66.5,0,0.0,0.0
2009-10-12,67.0,72.0,67.0,72.0,2000,0.0,0.0
2009-10-13,77.0,77.0,77.0,77.0,2000,0.0,0.0
2009-10-14,80.0,100.0,75.5,75.5,225000,0.0,0.0
2009-10-15,99.5,100.0,82.5,92.5,6350000,0.0,0.0
2009-10-16,92.5,92.5,92.5,92.5,0,0.0,0.0
2009-10-19,62.5,62.5,62.5,62.5,12000,0.0,0.0
2009-10-20,84.5,84.5,84.5,84.5,1000,0.0,0.0
2009-10-21,84.5,84.5,84.5,84.5,200000,0.0,0.0
2009-10-22,89.5,89.5,75.0,75.0,206000,0.0,0.0
2009-10-23,99.5,99.5,75.0,75.0,41000,0.0,0.0
2009-10-26,97.5,97.5,70.0,70.0,101000,0.0,0.0
2009-10-27,67.5,70.0,67.5,67.5,325000,0.0,0.0
2009-10-28,60.5,62.5,60.5,60.5,305000,0.0,0.0
2009-10-29,54.5,54.5,54.5,54.5,1000,0.0,0.0
2009-10-30,40.0,68.5,40.0,57.0,352000,0.0,0.0
2009-11-02,37.0,37.0,37.0,37.0,1000,0.0,0.0
2009-11-03,37.0,37.0,37.0,37.0,1000,0.0,0.0
2009-11-04,37.0,37.0,37.0,37.0,0,0.0,0.0
2009-11-05,37.0,37.0,37.0,37.0,0,0.0,0.0
2009-11-06,37.0,37.0,37.0,37.0,0,0.0,0.0
2009-11-09,37.0,37.0,37.0,37.0,0,0.0,0.0
2009-11-10,50.0,50.0,50.0,50.0,118000,0.0,0.0
2009-11-11,50.0,50.0,50.0,50.0,0,0.0,0.0
2009-11-12,50.0,50.0,50.0,50.0,6,0.0,0.0
2009-11-13,50.0,50.0,50.0,50.0,6,0.0,0.0
2009-11-16,50.0,50.0,50.0,50.0,0,0.0,0.0
2009-11-17,50.0,50.0,50.0,50.0,2,0.0,0.0
2009-11-18,50.0,50.0,50.0,50.0,6,0.0,0.0
2009-11-19,50.0,50.0,50.0,50.0,0,0.0,0.0
2009-11-20,50.0,50.0,50.0,50.0,1000,0.0,0.0
2009-11-23,50.0,50.0,50.0,50.0,0,0.0,0.0
2009-11-24,50.0,50.0,50.0,50.0,0,0.0,0.0
2009-11-25,50.0,50.0,50.0,50.0,0,0.0,0.0
2009-11-26,52.5,52.5,52.5,52.5,20000,0.0,0.0
2009-11-30,52.5,52.5,52.5,52.5,0,0.0,0.0
2009-12-01,52.5,67.5,52.5,67.5,538000,0.0,0.0
2009-12-02,57.0,57.0,57.0,57.0,10000,0.0,0.0
2009-12-03,57.0,57.0,57.0,57.0,2,0.0,0.0
2009-12-04,57.0,57.0,57.0,57.0,0,0.0,0.0
2009-12-07,57.0,57.0,57.0,57.0,2,0.0,0.0
2009-12-08,57.0,57.0,57.0,57.0,0,0.0,0.0
2009-12-09,57.0,57.0,57.0,57.0,6,0.0,0.0
2009-12-10,57.0,57.0,57.0,57.0,6,0.0,0.0
2009-12-11,57.0,57.0,57.0,57.0,6,0.0,0.0
2009-12-14,57.0,57.0,57.0,57.0,6,0.0,0.0
2009-12-15,57.0,57.0,57.0,57.0,6,0.0,0.0
2009-12-16,57.0,57.0,57.0,57.0,6,0.0,0.0
2009-12-17,57.5,57.5,57.5,57.5,131000,0.0,0.0
2009-12-21,57.5,57.5,57.5,57.5,2,0.0,0.0
2009-12-22,57.5,57.5,57.5,57.5,2,0.0,0.0
2009-12-23,57.5,57.5,57.5,57.5,6,0.0,0.0
2009-12-28,57.5,57.5,57.5,57.5,0,0.0,0.0
2009-12-29,57.5,57.5,57.5,57.5,131000,0.0,0.0
2009-12-30,57.5,57.5,57.5,57.5,5000,0.0,0.0
2010-01-04,57.5,57.5,57.5,57.5,2,0.0,0.0
2010-01-05,57.5,57.5,57.5,57.5,2,0.0,0.0
2010-01-06,57.5,57.5,57.5,57.5,2,0.0,0.0
2010-01-07,57.5,57.5,57.5,57.5,2,0.0,0.0
2010-01-08,57.5,57.5,57.5,57.5,2,0.0,0.0
2010-01-11,57.5,57.5,57.5,57.5,2,0.0,0.0
2010-01-12,57.5,57.5,57.5,57.5,2,0.0,0.0
2010-01-13,57.5,57.5,57.5,57.5,2,0.0,0.0
2010-01-14,57.5,57.5,57.5,57.5,2,0.0,0.0
2010-01-15,60.0,60.0,60.0,60.0,219000,0.0,0.0
2010-01-18,60.0,60.0,60.0,60.0,0,0.0,0.0
2010-01-19,62.5,62.5,62.5,62.5,12000,0.0,0.0
2010-01-20,62.5,62.5,62.5,62.5,4,0.0,0.0
2010-01-21,62.5,62.5,62.5,62.5,4,0.0,0.0
2010-01-22,62.5,62.5,62.5,62.5,4,0.0,0.0
2010-01-25,62.5,62.5,62.5,62.5,4,0.0,0.0
2010-01-26,62.5,62.5,62.5,62.5,0,0.0,0.0
2010-01-27,55.0,62.5,55.0,62.5,201000,0.0,0.0
2010-01-28,62.5,62.5,62.5,62.5,4,0.0,0.0
2010-01-29,62.5,62.5,62.5,62.5,4,0.0,0.0
2010-02-01,62.5,62.5,62.5,62.5,4,0.0,0.0
2010-02-02,62.5,62.5,62.5,62.5,201000,0.0,0.0
2010-02-03,62.5,62.5,62.5,62.5,320000,0.0,0.0
2010-02-04,62.5,62.5,62.5,62.5,320000,0.0,0.0
2010-02-05,62.5,62.5,62.5,62.5,320000,0.0,0.0
2010-02-08,62.5,62.5,62.5,62.5,320000,0.0,0.0
2010-02-09,62.5,62.5,62.5,62.5,320000,0.0,0.0
2010-02-10,62.5,62.5,62.5,62.5,320000,0.0,0.0
2010-02-11,62.5,62.5,62.5,62.5,320000,0.0,0.0
2010-02-12,62.5,62.5,62.5,62.5,320000,0.0,0.0
2010-02-15,62.5,62.5,62.5,62.5,320000,0.0,0.0
2010-02-16,62.5,62.5,62.5,62.5,320000,0.0,0.0
2010-02-17,62.5,62.5,62.5,62.5,320000,0.0,0.0
2010-02-18,62.5,62.5,62.5,62.5,320000,0.0,0.0
2010-02-19,62.5,62.5,62.5,62.5,320000,0.0,0.0
2010-02-22,62.5,62.5,62.5,62.5,320000,0.0,0.0
2010-02-23,62.5,62.5,62.5,62.5,320000,0.0,0.0
2010-02-24,62.5,62.5,62.5,62.5,320000,0.0,0.0
2010-02-25,62.5,62.5,62.5,62.5,200000,0.0,0.0
2010-03-01,57.5,57.5,57.5,57.5,10000,0.0,0.0
2010-03-02,57.5,57.5,57.5,57.5,10000,0.0,0.0
2010-03-03,57.5,57.5,57.5,57.5,10000,0.0,0.0
2010-03-04,57.5,57.5,57.5,57.5,10000,0.0,0.0
2010-03-05,57.5,57.5,57.5,57.5,10000,0.0,0.0
2010-03-08,57.5,57.5,57.5,57.5,10000,0.0,0.0
2010-03-09,51.5,52.5,50.5,51.5,86000,0.0,0.0
2010-03-10,51.5,51.5,51.5,51.5,86000,0.0,0.0
2010-03-11,52.0,52.5,52.0,52.0,15000,0.0,0.0
2010-03-12,52.0,52.0,52.0,52.0,15000,0.0,0.0
2010-03-15,52.0,52.0,52.0,52.0,15000,0.0,0.0
2010-03-17,52.0,52.0,52.0,52.0,15000,0.0,0.0
2010-03-18,62.5,62.5,61.5,62.5,383000,0.0,0.0
2010-03-19,62.5,62.5,62.5,62.5,383000,0.0,0.0
2010-03-22,62.5,62.5,62.5,62.5,383000,0.0,0.0
2010-03-23,62.5,62.5,62.5,62.5,383000,0.0,0.0
2010-03-24,62.5,62.5,62.5,62.5,383000,0.0,0.0
2010-03-25,62.5,62.5,62.5,62.5,383000,0.0,0.0
2010-03-26,62.5,62.5,62.5,62.5,383000,0.0,0.0
2010-03-29,62.5,62.5,62.0,62.5,201000,0.0,0.0
2010-03-30,62.5,62.5,62.5,62.5,201000,0.0,0.0
2010-03-31,62.5,62.5,62.5,62.5,201000,0.0,0.0
2010-04-01,62.5,62.5,62.5,62.5,201000,0.0,0.0
2010-04-05,62.5,62.5,62.5,62.5,201000,0.0,0.0
2010-04-06,62.5,62.5,62.5,62.5,201000,0.0,0.0
2010-04-07,62.5,62.5,62.5,62.5,1000,0.0,0.0
2010-04-08,62.5,62.5,62.5,62.5,1000,0.0,0.0
2010-04-09,62.5,62.5,62.5,62.5,1000,0.0,0.0
2010-04-12,62.5,62.5,62.5,62.5,1000,0.0,0.0
2010-04-13,62.5,62.5,62.5,62.5,1000,0.0,0.0
2010-04-14,62.5,62.5,62.5,62.5,1000,0.0,0.0
2010-04-15,62.5,62.5,62.5,62.5,1000,0.0,0.0
2010-04-16,62.5,62.5,62.5,62.5,1000,0.0,0.0
2010-04-19,62.5,62.5,62.5,62.5,1000,0.0,0.0
2010-04-20,62.5,62.5,62.5,62.5,1000,0.0,0.0
2010-04-21,62.5,62.5,62.5,62.5,1000,0.0,0.0
2010-04-22,62.5,62.5,62.5,62.5,1000,0.0,0.0
2010-04-23,62.5,62.5,62.5,62.5,1000,0.0,0.0
2010-04-26,62.5,62.5,62.5,62.5,1000,0.0,0.0
2010-04-27,57.5,57.5,57.5,57.5,30000,0.0,0.0
2010-04-28,57.5,57.5,57.5,57.5,30000,0.0,0.0
2010-04-29,57.5,57.5,57.5,57.5,30000,0.0,0.0
2010-04-30,57.5,57.5,57.5,57.5,30000,0.0,0.0
2010-05-03,62.5,62.5,62.5,62.5,100000,0.0,0.0
2010-05-04,65.0,65.0,62.5,65.0,3000,0.0,0.0
2010-05-05,65.0,65.0,65.0,65.0,3000,0.0,0.0
2010-05-06,65.0,65.0,65.0,65.0,3000,0.0,0.0
2010-05-07,65.0,65.0,65.0,65.0,3000,0.0,0.0
2010-05-10,65.0,65.0,65.0,65.0,0,0.0,0.0
2010-05-11,65.0,65.0,65.0,65.0,3000,0.0,0.0
2010-05-12,65.0,65.0,65.0,65.0,3000,0.0,0.0
2010-05-14,65.0,65.0,65.0,65.0,3000,0.0,0.0
2010-05-17,65.0,65.0,65.0,65.0,3000,0.0,0.0
2010-05-18,65.0,65.0,65.0,65.0,3000,0.0,0.0
2010-05-19,65.0,65.0,65.0,65.0,3000,0.0,0.0
2010-05-20,65.0,65.0,65.0,65.0,3000,0.0,0.0
2010-05-21,65.0,65.0,65.0,65.0,3000,0.0,0.0
2010-05-24,65.0,65.0,65.0,65.0,3000,0.0,0.0
2010-05-25,65.0,65.0,65.0,65.0,3000,0.0,0.0
2010-05-26,65.0,65.0,65.0,65.0,3000,0.0,0.0
2010-05-27,63.5,63.5,63.5,63.5,10000,0.0,0.0
2010-05-31,63.5,63.5,63.5,63.5,10000,0.0,0.0
2010-06-01,63.5,63.5,63.5,63.5,10000,0.0,0.0
2010-06-02,63.5,63.5,63.5,63.5,10000,0.0,0.0
2010-06-03,63.5,63.5,63.5,63.5,10000,0.0,0.0
2010-06-04,63.5,63.5,63.5,63.5,10000,0.0,0.0
2010-06-07,63.5,63.5,63.5,63.5,10000,0.0,0.0
2010-06-08,63.5,63.5,63.5,63.5,10000,0.0,0.0
2010-06-09,63.5,63.5,63.5,63.5,10000,0.0,0.0
2010-06-10,63.5,63.5,63.5,63.5,10000,0.0,0.0
2010-06-11,63.5,63.5,63.5,63.5,10000,0.0,0.0
2010-06-14,63.5,63.5,63.5,63.5,10000,0.0,0.0
2010-06-15,63.5,63.5,63.5,63.5,10000,0.0,0.0
2010-06-16,63.5,63.5,63.5,63.5,10000,0.0,0.0
2010-06-17,63.5,63.5,63.5,63.5,10000,0.0,0.0
2010-06-18,63.5,63.5,63.5,63.5,10000,0.0,0.0
2010-06-21,63.5,63.5,63.5,63.5,10000,0.0,0.0
2010-06-22,61.5,67.5,44.5,61.5,5000,0.0,0.0
2010-06-23,61.5,61.5,61.5,61.5,5000,0.0,0.0
2010-06-24,61.5,61.5,61.5,61.5,228000,0.0,0.0
2010-06-25,61.5,61.5,61.5,61.5,228000,0.0,0.0
2010-06-28,61.5,61.5,61.5,61.5,228000,0.0,0.0
2010-06-29,61.5,61.5,61.5,61.5,228000,0.0,0.0
2010-06-30,61.5,61.5,61.5,61.5,228000,0.0,0.0
2010-07-01,61.5,61.5,61.5,61.5,228000,0.0,0.0
2010-07-02,61.5,61.5,61.5,61.5,228000,0.0,0.0
2010-07-05,61.5,61.5,61.5,61.5,228000,0.0,0.0
2010-07-06,61.5,61.5,61.5,61.5,228000,0.0,0.0
2010-07-07,67.0,67.0,65.0,67.0,57000,0.0,0.0
2010-07-08,67.0,67.0,67.0,67.0,57000,0.0,0.0
2010-07-09,67.0,67.0,67.0,67.0,57000,0.0,0.0
2010-07-12,67.0,67.0,67.0,67.0,6,0.0,0.0
2010-07-13,67.0,67.0,67.0,67.0,57000,0.0,0.0
2010-07-14,67.0,67.0,67.0,67.0,57000,0.0,0.0
2010-07-15,67.0,67.0,67.0,67.0,60000,0.0,0.0
2010-07-16,67.0,67.0,67.0,67.0,50000,0.0,0.0
2010-07-19,67.0,67.0,67.0,67.0,50000,0.0,0.0
2010-07-20,67.0,67.0,67.0,67.0,50000,0.0,0.0
2010-07-21,67.0,67.0,67.0,67.0,50000,0.0,0.0
2010-07-22,67.0,67.0,67.0,67.0,50000,0.0,0.0
2010-07-23,67.0,67.0,67.0,67.0,50000,0.0,0.0
2010-07-26,67.0,67.0,67.0,67.0,20000,0.0,0.0
2010-07-27,67.0,67.0,67.0,67.0,20000,0.0,0.0
2010-07-28,67.0,67.0,67.0,67.0,20000,0.0,0.0
2010-07-29,67.0,67.0,67.0,67.0,20000,0.0,0.0
2010-07-30,67.0,67.0,67.0,67.0,20000,0.0,0.0
2010-08-02,67.0,67.0,67.0,67.0,20000,0.0,0.0
2010-08-03,67.0,67.0,67.0,67.0,20000,0.0,0.0
2010-08-04,67.0,67.0,67.0,67.0,20000,0.0,0.0
2010-08-05,67.0,67.0,67.0,67.0,20000,0.0,0.0
2010-08-06,67.0,67.0,67.0,67.0,20000,0.0,0.0
2010-08-09,67.0,67.0,67.0,67.0,20000,0.0,0.0
2010-08-10,67.0,67.0,67.0,67.0,20000,0.0,0.0
2010-08-11,67.0,67.0,67.0,67.0,20000,0.0,0.0
2010-08-12,67.0,67.0,67.0,67.0,20000,0.0,0.0
2010-08-13,67.0,67.0,67.0,67.0,20000,0.0,0.0
2010-08-16,67.0,67.0,67.0,67.0,20000,0.0,0.0
2010-08-18,67.0,67.0,67.0,67.0,20000,0.0,0.0
2010-08-19,67.0,67.0,67.0,67.0,20000,0.0,0.0
2010-08-20,67.0,67.0,67.0,67.0,20000,0.0,0.0
2010-08-23,67.0,67.0,67.0,67.0,20000,0.0,0.0
2010-08-24,67.0,67.0,67.0,67.0,20000,0.0,0.0
2010-08-25,67.0,67.0,67.0,67.0,20000,0.0,0.0
2010-08-26,67.0,67.0,67.0,67.0,20000,0.0,0.0
2010-08-27,67.0,67.0,67.0,67.0,20000,0.0,0.0
2010-08-30,67.0,67.0,67.0,67.0,20000,0.0,0.0
2010-08-31,67.0,67.0,67.0,67.0,20000,0.0,0.0
2010-09-01,67.0,67.0,67.0,67.0,20000,0.0,0.0
2010-09-02,67.0,67.0,67.0,67.0,20000,0.0,0.0
2010-09-03,67.0,67.0,67.0,67.0,20000,0.0,0.0
2010-09-06,67.0,67.0,67.0,67.0,20000,0.0,0.0
2010-09-07,67.0,67.0,67.0,67.0,20000,0.0,0.0
2010-09-15,67.0,67.0,67.0,67.0,0,0.0,0.0
2010-09-16,67.0,67.0,67.0,67.0,20000,0.0,0.0
2010-09-17,67.0,67.0,67.0,67.0,20000,0.0,0.0
2010-09-20,67.0,67.0,67.0,67.0,20000,0.0,0.0
2010-09-21,67.0,67.0,67.0,67.0,20000,0.0,0.0
2010-09-22,67.0,67.0,67.0,67.0,20000,0.0,0.0
2010-09-23,67.0,67.0,67.0,67.0,20000,0.0,0.0
2010-09-24,67.0,67.0,67.0,67.0,20000,0.0,0.0
2010-09-27,67.0,67.0,67.0,67.0,20000,0.0,0.0
2010-09-28,67.0,67.0,67.0,67.0,20000,0.0,0.0
2010-09-29,67.0,67.0,67.0,67.0,20000,0.0,0.0
2010-09-30,67.0,67.0,67.0,67.0,20000,0.0,0.0
2010-10-01,67.0,67.0,67.0,67.0,20000,0.0,0.0
2010-10-04,67.0,67.0,67.0,67.0,20000,0.0,0.0
2010-10-05,67.0,67.0,67.0,67.0,20000,0.0,0.0
2010-10-06,67.0,67.0,67.0,67.0,20000,0.0,0.0
2010-10-07,67.0,67.0,67.0,67.0,20000,0.0,0.0
2010-10-08,67.0,67.0,67.0,67.0,20000,0.0,0.0
2010-10-11,67.0,67.0,67.0,67.0,20000,0.0,0.0
2010-10-12,67.0,67.0,67.0,67.0,20000,0.0,0.0
2010-10-13,65.0,65.0,65.0,65.0,51000,0.0,0.0
2010-10-14,65.0,65.0,65.0,65.0,51000,0.0,0.0
2010-10-15,65.0,65.0,65.0,65.0,51000,0.0,0.0
2010-10-18,65.0,65.0,65.0,65.0,51000,0.0,0.0
2010-10-19,65.0,65.0,65.0,65.0,51000,0.0,0.0
2010-10-20,65.0,65.0,65.0,65.0,200000,0.0,0.0
2010-10-21,65.0,65.0,65.0,65.0,200000,0.0,0.0
2010-10-22,65.0,65.0,65.0,65.0,200000,0.0,0.0
2010-10-25,65.0,65.0,65.0,65.0,200000,0.0,0.0
2010-10-26,65.0,65.0,65.0,65.0,200000,0.0,0.0
2010-10-27,65.0,65.0,65.0,65.0,200000,0.0,0.0
2010-10-28,65.0,65.0,65.0,65.0,200000,0.0,0.0
2010-10-29,65.0,65.0,65.0,65.0,200000,0.0,0.0
2010-11-01,65.0,65.0,65.0,65.0,200000,0.0,0.0
2010-11-02,65.0,65.0,65.0,65.0,200000,0.0,0.0
2010-11-03,65.0,65.0,65.0,65.0,200000,0.0,0.0
2010-11-04,65.0,65.0,65.0,65.0,200000,0.0,0.0
2010-11-05,65.0,65.0,65.0,65.0,52000,0.0,0.0
2010-11-08,65.0,65.0,65.0,65.0,52000,0.0,0.0
2010-11-09,65.0,65.0,65.0,65.0,52000,0.0,0.0
2010-11-10,65.0,65.0,65.0,65.0,52000,0.0,0.0
2010-11-11,65.0,65.0,65.0,65.0,21000,0.0,0.0
2010-11-12,65.0,65.0,65.0,65.0,21000,0.0,0.0
2010-11-15,65.0,65.0,65.0,65.0,21000,0.0,0.0
2010-11-16,65.0,65.0,65.0,65.0,21000,0.0,0.0
2010-11-18,65.0,65.0,65.0,65.0,21000,0.0,0.0
2010-11-19,65.0,65.0,65.0,65.0,21000,0.0,0.0
2010-11-22,65.0,65.0,65.0,65.0,29000,0.0,0.0
2010-11-23,65.0,65.0,65.0,65.0,30000,0.0,0.0
2010-11-24,65.0,65.0,65.0,65.0,30000,0.0,0.0
2010-11-25,65.0,65.0,65.0,65.0,30000,0.0,0.0
2010-11-26,65.0,65.0,65.0,65.0,30000,0.0,0.0
2010-11-29,65.0,65.0,65.0,65.0,30000,0.0,0.0
2010-11-30,65.0,65.0,65.0,65.0,30000,0.0,0.0
2010-12-01,65.0,65.0,65.0,65.0,30000,0.0,0.0
2010-12-02,65.0,65.0,65.0,65.0,30000,0.0,0.0
2010-12-03,65.0,65.0,65.0,65.0,30000,0.0,0.0
2010-12-06,65.0,65.0,65.0,65.0,30000,0.0,0.0
2010-12-08,65.0,65.0,65.0,65.0,30000,0.0,0.0
2010-12-09,65.0,65.0,65.0,65.0,30000,0.0,0.0
2010-12-10,65.0,65.0,65.0,65.0,30000,0.0,0.0
2010-12-13,65.0,65.0,65.0,65.0,30000,0.0,0.0
2010-12-14,65.0,65.0,65.0,65.0,30000,0.0,0.0
2010-12-15,65.0,65.0,65.0,65.0,30000,0.0,0.0
2010-12-16,65.0,65.0,65.0,65.0,30000,0.0,0.0
2010-12-17,65.0,65.0,65.0,65.0,30000,0.0,0.0
2010-12-20,65.0,65.0,65.0,65.0,30000,0.0,0.0
2010-12-21,65.0,65.0,65.0,65.0,30000,0.0,0.0
2010-12-22,65.0,65.0,65.0,65.0,30000,0.0,0.0
2010-12-23,65.0,65.0,65.0,65.0,30000,0.0,0.0
2010-12-27,65.0,65.0,65.0,65.0,30000,0.0,0.0
2010-12-28,65.0,65.0,65.0,65.0,50000,0.0,0.0
2010-12-29,68.0,68.0,67.5,68.0,146000,0.0,0.0
2010-12-30,67.5,67.5,67.5,67.5,400000,0.0,0.0
2011-01-03,67.5,67.5,67.5,67.5,400000,0.0,0.0
2011-01-04,67.5,67.5,67.5,67.5,400000,0.0,0.0
2011-01-05,67.5,67.5,67.5,67.5,400000,0.0,0.0
2011-01-06,67.5,67.5,67.5,67.5,400000,0.0,0.0
2011-01-07,67.5,67.5,67.5,67.5,400000,0.0,0.0
2011-01-10,67.5,67.5,67.5,67.5,400000,0.0,0.0
2011-01-11,67.5,67.5,67.5,67.5,400000,0.0,0.0
2011-01-12,67.5,67.5,67.5,67.5,400000,0.0,0.0
2011-01-13,67.5,67.5,67.5,67.5,400000,0.0,0.0
2011-01-14,67.5,67.5,67.5,67.5,400000,0.0,0.0
2011-01-17,67.5,67.5,67.5,67.5,400000,0.0,0.0
2011-01-18,67.5,67.5,67.5,67.5,400000,0.0,0.0
2011-01-19,67.5,67.5,67.5,67.5,400000,0.0,0.0
2011-01-20,67.5,67.5,67.5,67.5,400000,0.0,0.0
2011-01-21,67.5,67.5,67.5,67.5,400000,0.0,0.0
2011-01-24,67.5,67.5,67.5,67.5,400000,0.0,0.0
2011-01-25,67.5,67.5,67.5,67.5,400000,0.0,0.0
2011-01-26,67.5,67.5,67.5,67.5,400000,0.0,0.0
2011-01-27,67.5,67.5,67.5,67.5,400000,0.0,0.0
2011-01-28,67.5,67.5,67.5,67.5,400000,0.0,0.0
2011-01-31,67.5,67.5,67.5,67.5,400000,0.0,0.0
2011-02-01,67.5,67.5,67.5,67.5,400000,0.0,0.0
2011-02-02,67.5,67.5,67.5,67.5,400000,0.0,0.0
2011-02-04,67.5,67.5,67.5,67.5,400000,0.0,0.0
2011-02-07,67.5,67.5,67.5,67.5,400000,0.0,0.0
2011-02-08,67.5,67.5,67.5,67.5,400000,0.0,0.0
2011-02-09,67.5,67.5,67.5,67.5,400000,0.0,0.0
2011-02-10,67.5,67.5,67.5,67.5,400000,0.0,0.0
2011-02-11,67.5,67.5,67.5,67.5,400000,0.0,0.0
2011-02-14,67.5,67.5,67.5,67.5,400000,0.0,0.0
2011-02-16,67.5,67.5,67.5,67.5,400000,0.0,0.0
2011-02-17,67.5,67.5,67.5,67.5,400000,0.0,0.0
2011-02-18,67.5,67.5,67.5,67.5,400000,0.0,0.0
2011-02-21,67.5,67.5,67.5,67.5,400000,0.0,0.0
2011-02-22,67.5,67.5,67.5,67.5,400000,0.0,0.0
2011-02-23,67.5,67.5,67.5,67.5,400000,0.0,0.0
2011-02-24,67.5,67.5,67.5,67.5,400000,0.0,0.0
2011-02-25,67.5,67.5,67.5,67.5,400000,0.0,0.0
2011-02-28,67.5,67.5,67.5,67.5,400000,0.0,0.0
2011-03-01,67.5,67.5,67.5,67.5,400000,0.0,0.0
2011-03-02,67.5,67.5,67.5,67.5,54000,0.0,0.0
2011-03-03,67.5,67.5,67.5,67.5,54000,0.0,0.0
2011-03-04,67.5,67.5,67.5,67.5,54000,0.0,0.0
2011-03-07,67.5,67.5,67.5,67.5,54000,0.0,0.0
2011-03-08,67.5,67.5,67.5,67.5,54000,0.0,0.0
2011-03-09,67.5,67.5,67.5,67.5,54000,0.0,0.0
2011-03-10,67.5,67.5,67.5,67.5,54000,0.0,0.0
2011-03-11,67.5,67.5,67.5,67.5,54000,0.0,0.0
2011-03-14,67.5,67.5,67.5,67.5,54000,0.0,0.0
2011-03-15,67.5,67.5,67.5,67.5,54000,0.0,0.0
2011-03-16,67.5,67.5,67.5,67.5,54000,0.0,0.0
2011-03-17,67.5,67.5,67.5,67.5,54000,0.0,0.0
2011-03-18,67.5,67.5,67.5,67.5,54000,0.0,0.0
2011-03-21,67.5,67.5,67.5,67.5,54000,0.0,0.0
2011-03-22,67.5,67.5,67.5,67.5,54000,0.0,0.0
2011-03-23,67.5,67.5,67.5,67.5,54000,0.0,0.0
2011-03-24,67.5,67.5,67.5,67.5,54000,0.0,0.0
2011-03-25,67.5,67.5,67.5,67.5,54000,0.0,0.0
2011-03-28,67.5,67.5,67.5,67.5,54000,0.0,0.0
2011-03-29,67.5,67.5,67.5,67.5,54000,0.0,0.0
2011-03-30,67.5,67.5,67.5,67.5,54000,0.0,0.0
2011-03-31,67.5,67.5,67.5,67.5,54000,0.0,0.0
2011-04-01,67.5,67.5,67.5,67.5,54000,0.0,0.0
2011-04-04,67.5,67.5,67.5,67.5,54000,0.0,0.0
2011-04-05,67.5,67.5,67.5,67.5,54000,0.0,0.0
2011-04-06,67.5,67.5,67.5,67.5,54000,0.0,0.0
2011-04-07,67.5,67.5,67.5,67.5,54000,0.0,0.0
2011-04-08,67.5,67.5,67.5,67.5,54000,0.0,0.0
2011-04-11,67.5,67.5,67.5,67.5,54000,0.0,0.0
2011-04-12,67.5,67.5,67.5,67.5,54000,0.0,0.0
2011-04-13,67.5,67.5,67.5,67.5,54000,0.0,0.0
2011-04-14,67.5,67.5,67.5,67.5,54000,0.0,0.0
2011-04-15,67.5,67.5,67.5,67.5,54000,0.0,0.0
2011-04-18,67.5,67.5,67.5,67.5,54000,0.0,0.0
2011-04-19,67.5,67.5,67.5,67.5,54000,0.0,0.0
2011-04-20,67.5,67.5,67.5,67.5,54000,0.0,0.0
2011-04-21,67.5,67.5,67.5,67.5,54000,0.0,0.0
2011-04-25,67.5,67.5,67.5,67.5,54000,0.0,0.0
2011-04-26,67.5,67.5,67.5,67.5,54000,0.0,0.0
2011-04-27,67.5,67.5,67.5,67.5,54000,0.0,0.0
2011-04-28,67.5,67.5,67.5,67.5,54000,0.0,0.0
2011-04-29,67.5,67.5,67.5,67.5,54000,0.0,0.0
2011-05-02,67.5,67.5,67.5,67.5,54000,0.0,0.0
2011-05-03,67.5,67.5,67.5,67.5,54000,0.0,0.0
2011-05-04,67.5,67.5,67.5,67.5,200000,0.0,0.0
2011-05-05,67.5,67.5,67.5,67.5,200000,0.0,0.0
2011-05-06,75.0,75.0,67.5,75.0,60000,0.0,0.0
2011-05-09,75.0,75.0,75.0,75.0,60000,0.0,0.0
2011-05-10,77.5,77.5,77.5,77.5,15000,0.0,0.0
2011-05-11,75.0,75.0,75.0,75.0,50000,0.0,0.0
2011-05-12,77.5,77.5,77.5,77.5,50000,0.0,0.0
2011-05-13,77.5,77.5,77.5,77.5,50000,0.0,0.0
2011-05-16,77.5,77.5,77.5,77.5,50000,0.0,0.0
2011-05-18,77.5,77.5,77.5,77.5,50000,0.0,0.0
2011-05-19,77.5,77.5,77.5,77.5,50000,0.0,0.0
2011-05-20,77.5,77.5,77.5,77.5,50000,0.0,0.0
2011-05-23,77.5,77.5,77.5,77.5,50000,0.0,0.0
2011-05-24,77.5,77.5,77.5,77.5,50000,0.0,0.0
2011-05-25,77.5,77.5,77.5,77.5,50000,0.0,0.0
2011-05-26,77.5,77.5,77.5,77.5,50000,0.0,0.0
2011-05-27,77.5,77.5,77.5,77.5,50000,0.0,0.0
2011-05-30,77.5,77.5,77.5,77.5,50000,0.0,0.0
2011-05-31,77.5,77.5,77.5,77.5,50000,0.0,0.0
2011-06-01,77.5,77.5,77.5,77.5,50000,0.0,0.0
2011-06-03,77.5,77.5,77.5,77.5,70000,0.0,0.0
2011-06-06,77.5,77.5,77.5,77.5,5000,0.0,0.0
2011-06-07,77.5,77.5,77.5,77.5,5000,0.0,0.0
2011-06-08,77.5,77.5,77.5,77.5,5000,0.0,0.0
2011-06-09,77.5,77.5,77.5,77.5,5000,0.0,0.0
2011-06-10,77.5,77.5,77.5,77.5,5000,0.0,0.0
2011-06-13,77.5,77.5,77.5,77.5,5000,0.0,0.0
2011-06-14,77.5,77.5,77.5,77.5,5000,0.0,0.0
2011-06-15,77.5,77.5,77.5,77.5,5000,0.0,0.0
2011-06-16,77.5,77.5,77.5,77.5,5000,0.0,0.0
2011-06-17,77.5,77.5,77.5,77.5,5000,0.0,0.0
2011-06-20,77.5,77.5,77.5,77.5,5000,0.0,0.0
2011-06-21,77.5,77.5,77.5,77.5,5000,0.0,0.0
2011-06-22,77.5,77.5,77.5,77.5,5000,0.0,0.0
2011-06-23,77.5,77.5,77.5,77.5,5000,0.0,0.0
2011-06-24,77.5,77.5,77.5,77.5,5000,0.0,0.0
2011-06-27,77.5,77.5,77.5,77.5,5000,0.0,0.0
2011-06-28,77.5,77.5,77.5,77.5,5000,0.0,0.0
2011-06-30,77.5,77.5,77.5,77.5,5000,0.0,0.0
2011-07-01,77.5,77.5,77.5,77.5,5000,0.0,0.0
2011-07-04,77.5,77.5,77.5,77.5,0,0.0,0.0
2011-07-05,77.5,77.5,77.5,77.5,5000,0.0,0.0
2011-07-06,77.5,77.5,77.5,77.5,5000,0.0,0.0
2011-07-07,77.5,77.5,77.5,77.5,5000,0.0,0.0
2011-07-08,77.5,77.5,77.5,77.5,5000,0.0,0.0
2011-07-11,77.5,77.5,77.5,77.5,5000,0.0,0.0
2011-07-12,77.5,77.5,77.5,77.5,5000,0.0,0.0
2011-07-13,77.5,77.5,77.5,77.5,5000,0.0,0.0
2011-07-14,77.5,77.5,77.5,77.5,5000,0.0,0.0
2011-07-15,77.5,77.5,77.5,77.5,5000,0.0,0.0
2011-07-18,77.5,77.5,77.5,77.5,1000,0.0,0.0
2011-07-19,77.5,77.5,77.5,77.5,1000,0.0,0.0
2011-07-20,80.0,80.0,77.5,80.0,1259000,0.0,0.0
2011-07-21,85.0,85.0,82.5,85.0,150000,0.0,0.0
2011-07-22,87.5,87.5,87.5,87.5,1000,0.0,0.0
2011-07-25,87.5,87.5,87.5,87.5,1000,0.0,0.0
2011-07-26,87.5,87.5,87.5,87.5,1000,0.0,0.0
2011-07-27,87.5,87.5,87.5,87.5,1000,0.0,0.0
2011-07-28,87.5,87.5,87.5,87.5,1000,0.0,0.0
2011-07-29,87.5,87.5,87.5,87.5,1000,0.0,0.0
2011-08-01,87.5,87.5,87.5,87.5,1000,0.0,0.0
2011-08-02,87.5,87.5,87.5,87.5,1000,0.0,0.0
2011-08-03,87.5,87.5,87.5,87.5,5000,0.0,0.0
2011-08-04,87.5,87.5,87.5,87.5,5000,0.0,0.0
2011-08-05,87.5,87.5,87.5,87.5,5000,0.0,0.0
2011-08-08,87.5,87.5,87.5,87.5,5000,0.0,0.0
2011-08-09,87.5,87.5,87.5,87.5,5000,0.0,0.0
2011-08-10,87.5,87.5,87.5,87.5,5000,0.0,0.0
2011-08-11,87.5,87.5,87.5,87.5,5000,0.0,0.0
2011-08-12,87.5,87.5,87.5,87.5,5000,0.0,0.0
2011-08-15,87.5,87.5,87.5,87.5,5000,0.0,0.0
2011-08-16,87.5,87.5,87.5,87.5,0,0.0,0.0
2011-08-18,90.0,90.0,87.5,90.0,572000,0.0,0.0
2011-08-19,90.0,90.0,90.0,90.0,1000,0.0,0.0
2011-08-22,90.0,90.0,90.0,90.0,1000,0.0,0.0
2011-08-23,90.0,90.0,90.0,90.0,1000,0.0,0.0
2011-08-24,90.0,90.0,90.0,90.0,1000,0.0,0.0
2011-08-25,90.0,90.0,90.0,90.0,1000,0.0,0.0
2011-08-26,90.0,90.0,90.0,90.0,1000,0.0,0.0
2011-09-05,90.0,90.0,90.0,90.0,0,0.0,0.0
2011-09-06,90.0,90.0,90.0,90.0,0,0.0,0.0
2011-09-07,90.0,90.0,90.0,90.0,0,0.0,0.0
2011-09-08,90.0,90.0,90.0,90.0,0,0.0,0.0
2011-09-09,90.0,90.0,90.0,90.0,0,0.0,0.0
2011-09-12,95.0,95.0,90.0,95.0,300000,0.0,0.0
2011-09-13,97.5,97.5,97.5,97.5,2000,0.0,0.0
2011-09-14,100.0,100.0,100.0,100.0,1000,0.0,0.0
2011-09-15,100.0,100.0,100.0,100.0,1000,0.0,0.0
2011-09-16,100.0,100.0,100.0,100.0,1000,0.0,0.0
2011-09-19,115.0,115.0,100.0,115.0,279000,0.0,0.0
2011-09-20,115.0,115.0,115.0,115.0,279000,0.0,0.0
2011-09-21,135.0,140.0,125.0,135.0,30000,0.0,0.0
2011-09-22,107.5,130.0,107.5,107.5,106000,0.0,0.0
2011-09-23,120.0,120.0,100.0,120.0,101000,0.0,0.0
2011-09-26,102.5,102.5,100.0,102.5,147000,0.0,0.0
2011-09-27,102.5,102.5,102.5,102.5,147000,0.0,0.0
2011-09-28,100.0,125.0,100.0,100.0,101000,0.0,0.0
2011-09-29,95.0,100.0,95.0,95.0,52000,0.0,0.0
2011-09-30,95.0,95.0,95.0,95.0,52000,0.0,0.0
2011-10-03,95.0,95.0,95.0,95.0,52000,0.0,0.0
2011-10-04,100.0,100.0,100.0,100.0,20000,0.0,0.0
2011-10-05,125.0,127.5,125.0,125.0,148000,0.0,0.0
2011-10-06,125.0,125.0,120.0,125.0,709000,0.0,0.0
2011-10-07,120.0,120.0,120.0,120.0,604000,0.0,0.0
2011-10-10,120.0,120.0,120.0,120.0,604000,0.0,0.0
2011-10-11,122.5,122.5,122.5,122.5,1000,0.0,0.0
2011-10-12,122.5,122.5,122.5,122.5,1000,0.0,0.0
2011-10-13,122.5,122.5,122.5,122.5,1000,0.0,0.0
2011-10-14,122.5,122.5,122.5,122.5,1000,0.0,0.0
2011-10-17,122.5,122.5,122.5,122.5,1000,0.0,0.0
2011-10-18,120.0,120.0,120.0,120.0,150000,0.0,0.0
2011-10-19,120.0,120.0,120.0,120.0,450000,0.0,0.0
2011-10-20,120.0,120.0,120.0,120.0,450000,0.0,0.0
2011-10-21,120.0,120.0,120.0,120.0,200000,0.0,0.0
2011-10-24,130.0,130.0,130.0,130.0,2000,0.0,0.0
2011-10-25,130.0,130.0,130.0,130.0,2000,0.0,0.0
2011-10-26,130.0,130.0,130.0,130.0,2000,0.0,0.0
2011-10-27,130.0,130.0,130.0,130.0,2000,0.0,0.0
2011-10-28,130.0,130.0,130.0,130.0,2000,0.0,0.0
2011-10-31,130.0,130.0,130.0,130.0,2000,0.0,0.0
2011-11-01,125.0,125.0,125.0,125.0,150000,0.0,0.0
2011-11-02,120.0,120.0,120.0,120.0,400000,0.0,0.0
2011-11-03,120.0,120.0,120.0,120.0,400000,0.0,0.0
2011-11-04,120.0,120.0,120.0,120.0,400000,0.0,0.0
2011-11-07,120.0,120.0,120.0,120.0,400000,0.0,0.0
2011-11-08,125.0,125.0,125.0,125.0,2000,0.0,0.0
2011-11-09,122.5,125.0,122.5,122.5,239000,0.0,0.0
2011-11-10,120.0,120.0,120.0,120.0,800000,0.0,0.0
2011-11-11,130.0,130.0,130.0,130.0,10000,0.0,0.0
2011-11-14,130.0,130.0,130.0,130.0,10000,0.0,0.0
2011-11-15,130.0,130.0,130.0,130.0,10000,0.0,0.0
2011-11-16,120.0,120.0,120.0,120.0,400000,0.0,0.0
2011-11-17,120.0,120.0,120.0,120.0,400000,0.0,0.0
2011-11-18,120.0,120.0,120.0,120.0,400000,0.0,0.0
2011-11-21,120.0,120.0,120.0,120.0,400000,0.0,0.0
2011-11-22,135.0,135.0,135.0,135.0,2000,0.0,0.0
2011-11-23,132.5,132.5,120.0,132.5,702000,0.0,0.0
2011-11-24,132.5,132.5,132.5,132.5,702000,0.0,0.0
2011-11-25,132.5,132.5,132.5,132.5,702000,0.0,0.0
2011-11-28,132.5,132.5,120.0,132.5,502000,0.0,0.0
2011-11-29,132.5,132.5,132.5,132.5,502000,0.0,0.0
2011-11-30,120.0,120.0,120.0,120.0,2785000,0.0,0.0
2011-12-01,120.0,120.0,120.0,120.0,0,0.0,0.0
2011-12-02,120.0,120.0,120.0,120.0,2785000,0.0,0.0
2011-12-05,120.0,120.0,120.0,120.0,2785000,0.0,0.0
2011-12-06,140.0,140.0,140.0,140.0,2000,0.0,0.0
2011-12-07,140.0,140.0,140.0,140.0,2000,0.0,0.0
2011-12-08,140.0,140.0,140.0,140.0,2000,0.0,0.0
2011-12-09,140.0,140.0,140.0,140.0,2000,0.0,0.0
2011-12-12,127.5,127.5,127.5,127.5,4000,0.0,0.0
2011-12-13,127.5,127.5,127.5,127.5,4000,0.0,0.0
2011-12-14,127.5,127.5,127.5,127.5,4000,0.0,0.0
2011-12-15,127.5,127.5,127.5,127.5,4000,0.0,0.0
2011-12-16,127.5,127.5,127.5,127.5,4000,0.0,0.0
2011-12-19,127.5,127.5,127.5,127.5,0,0.0,0.0
2011-12-20,127.5,127.5,127.5,127.5,4000,0.0,0.0
2011-12-21,127.5,127.5,127.5,127.5,4000,0.0,0.0
2011-12-22,127.5,127.5,127.5,127.5,4000,0.0,0.0
2011-12-23,127.5,127.5,127.5,127.5,4000,0.0,0.0
2011-12-27,127.5,127.5,127.5,127.5,4000,0.0,0.0
2011-12-28,127.5,127.5,127.5,127.5,4000,0.0,0.0
2011-12-29,127.5,127.5,127.5,127.5,4000,0.0,0.0
2011-12-30,127.5,127.5,127.5,127.5,4000,0.0,0.0
2012-01-02,127.5,127.5,127.5,127.5,4000,0.0,0.0
2012-01-03,127.5,127.5,127.5,127.5,4000,0.0,0.0
2012-01-04,127.5,127.5,127.5,127.5,4000,0.0,0.0
2012-01-05,127.5,127.5,127.5,127.5,4000,0.0,0.0
2012-01-06,127.5,127.5,127.5,127.5,4000,0.0,0.0
2012-01-09,127.5,127.5,127.5,127.5,4000,0.0,0.0
2012-01-10,127.5,127.5,127.5,127.5,4000,0.0,0.0
2012-01-11,127.5,127.5,127.5,127.5,4000,0.0,0.0
2012-01-12,127.5,127.5,127.5,127.5,4000,0.0,0.0
2012-01-13,127.5,127.5,127.5,127.5,0,0.0,0.0
2012-01-16,127.5,127.5,127.5,127.5,4000,0.0,0.0
2012-01-17,127.5,127.5,127.5,127.5,4000,0.0,0.0
2012-01-18,127.5,127.5,127.5,127.5,4000,0.0,0.0
2012-01-19,127.5,127.5,127.5,127.5,4000,0.0,0.0
2012-01-20,127.5,127.5,127.5,127.5,4000,0.0,0.0
2012-01-24,127.5,127.5,127.5,127.5,4000,0.0,0.0
2012-01-25,127.5,127.5,127.5,127.5,4000,0.0,0.0
2012-01-26,127.5,127.5,127.5,127.5,4000,0.0,0.0
2012-01-27,127.5,127.5,127.5,127.5,4000,0.0,0.0
2012-01-30,127.5,127.5,127.5,127.5,4000,0.0,0.0
2012-01-31,127.5,127.5,127.5,127.5,4000,0.0,0.0
2012-02-01,127.5,127.5,127.5,127.5,4000,0.0,0.0
2012-02-02,127.5,127.5,127.5,127.5,4000,0.0,0.0
2012-02-03,127.5,127.5,127.5,127.5,4000,0.0,0.0
2012-02-06,127.5,127.5,127.5,127.5,4000,0.0,0.0
2012-02-07,127.5,127.5,127.5,127.5,4000,0.0,0.0
2012-02-08,127.5,127.5,127.5,127.5,4000,0.0,0.0
2012-02-09,127.5,127.5,127.5,127.5,4000,0.0,0.0
2012-02-10,127.5,127.5,127.5,127.5,4000,0.0,0.0
2012-02-13,127.5,127.5,127.5,127.5,4000,0.0,0.0
2012-02-14,127.5,127.5,127.5,127.5,4000,0.0,0.0
2012-02-15,127.5,127.5,127.5,127.5,4000,0.0,0.0
2012-02-16,127.5,127.5,127.5,127.5,4000,0.0,0.0
2012-02-17,127.5,127.5,127.5,127.5,4000,0.0,0.0
2012-02-20,127.5,127.5,127.5,127.5,4000,0.0,0.0
2012-02-21,127.5,127.5,127.5,127.5,4000,0.0,0.0
2012-02-22,127.5,127.5,127.5,127.5,4000,0.0,0.0
2012-02-23,127.5,127.5,127.5,127.5,4000,0.0,0.0
2012-02-24,127.5,127.5,127.5,127.5,4000,0.0,0.0
2012-02-27,127.5,127.5,127.5,127.5,4000,0.0,0.0
2012-02-28,127.5,127.5,127.5,127.5,4000,0.0,0.0
2012-02-29,127.5,127.5,127.5,127.5,4000,0.0,0.0
2012-03-01,127.5,127.5,127.5,127.5,4000,0.0,0.0
2012-03-02,127.5,127.5,127.5,127.5,4000,0.0,0.0
2012-03-05,127.5,127.5,127.5,127.5,4000,0.0,0.0
2012-03-06,127.5,127.5,127.5,127.5,0,0.0,0.0
2012-03-07,127.5,127.5,127.5,127.5,0,0.0,0.0
2012-03-08,127.5,127.5,127.5,127.5,4000,0.0,0.0
2012-03-09,127.5,127.5,127.5,127.5,2,0.0,0.0
2012-03-12,127.5,127.5,127.5,127.5,4000,0.0,0.0
2012-03-13,127.5,127.5,127.5,127.5,4000,0.0,0.0
2012-03-14,127.5,127.5,127.5,127.5,4000,0.0,0.0
2012-03-15,127.5,127.5,127.5,127.5,4000,0.0,0.0
2012-03-16,127.5,127.5,127.5,127.5,4000,0.0,0.0
2012-03-19,127.5,127.5,127.5,127.5,4000,0.0,0.0
2012-03-20,127.5,127.5,127.5,127.5,4000,0.0,0.0
2012-03-21,127.5,127.5,127.5,127.5,4000,0.0,0.0
2012-03-22,127.5,127.5,127.5,127.5,4000,0.0,0.0
2012-03-26,127.5,127.5,127.5,127.5,4000,0.0,0.0
2012-03-27,127.5,127.5,127.5,127.5,4000,0.0,0.0
2012-03-28,127.5,127.5,127.5,127.5,4000,0.0,0.0
2012-03-29,127.5,127.5,127.5,127.5,4000,0.0,0.0
2012-03-30,127.5,127.5,127.5,127.5,1000,0.0,0.0
2012-04-02,127.5,127.5,127.5,127.5,1000,0.0,0.0
2012-04-03,127.5,127.5,127.5,127.5,0,0.0,0.0
2012-04-04,127.5,127.5,127.5,127.5,1000,0.0,0.0
2012-04-05,127.5,127.5,127.5,127.5,1000,0.0,0.0
2012-04-09,127.5,127.5,127.5,127.5,1000,0.0,0.0
2012-04-10,127.5,127.5,127.5,127.5,1000,0.0,0.0
2012-04-11,127.5,127.5,127.5,127.5,1000,0.0,0.0
2012-04-12,127.5,127.5,127.5,127.5,1000,0.0,0.0
2012-04-13,127.5,127.5,127.5,127.5,1000,0.0,0.0
2012-04-16,127.5,127.5,127.5,127.5,1000,0.0,0.0
2012-04-17,127.5,127.5,127.5,127.5,1000,0.0,0.0
2012-04-18,127.5,127.5,127.5,127.5,1000,0.0,0.0
2012-04-19,127.5,127.5,127.5,127.5,1000,0.0,0.0
2012-04-20,127.5,127.5,127.5,127.5,1000,0.0,0.0
2012-04-23,127.5,127.5,127.5,127.5,1000,0.0,0.0
2012-04-24,127.5,127.5,127.5,127.5,1000,0.0,0.0
2012-04-25,127.5,127.5,127.5,127.5,1000,0.0,0.0
2012-04-26,127.5,127.5,127.5,127.5,1000,0.0,0.0
2012-04-27,127.5,127.5,127.5,127.5,1000,0.0,0.0
2012-04-30,127.5,127.5,127.5,127.5,1000,0.0,0.0
2012-05-01,127.5,127.5,127.5,127.5,1000,0.0,0.0
2012-05-02,127.5,127.5,127.5,127.5,1000,0.0,0.0
2012-05-03,127.5,127.5,127.5,127.5,1000,0.0,0.0
2012-05-04,127.5,127.5,127.5,127.5,1000,0.0,0.0
2012-05-07,127.5,127.5,127.5,127.5,3000,0.0,0.0
2012-05-08,127.5,127.5,127.5,127.5,3000,0.0,0.0
2012-05-09,127.5,127.5,127.5,127.5,3000,0.0,0.0
2012-05-10,127.5,127.5,127.5,127.5,3000,0.0,0.0
2012-05-11,127.5,127.5,127.5,127.5,3000,0.0,0.0
2012-05-14,127.5,127.5,127.5,127.5,3000,0.0,0.0
2012-05-15,127.5,127.5,127.5,127.5,3000,0.0,0.0
2012-05-16,127.5,127.5,127.5,127.5,3000,0.0,0.0
2012-05-21,127.5,127.5,127.5,127.5,3000,0.0,0.0
2012-05-22,127.5,127.5,127.5,127.5,3000,0.0,0.0
2012-05-23,127.5,127.5,127.5,127.5,3000,0.0,0.0
2012-05-24,127.5,127.5,127.5,127.5,3000,0.0,0.0
2012-05-25,127.5,127.5,127.5,127.5,3000,0.0,0.0
2012-05-28,127.5,127.5,127.5,127.5,3000,0.0,0.0
2012-05-29,127.5,127.5,127.5,127.5,3000,0.0,0.0
2012-05-30,127.5,127.5,127.5,127.5,3000,0.0,0.0
2012-05-31,127.5,127.5,127.5,127.5,3000,0.0,0.0
2012-06-01,127.5,127.5,127.5,127.5,3000,0.0,0.0
2012-06-04,127.5,127.5,127.5,127.5,3000,0.0,0.0
2012-06-05,127.5,127.5,127.5,127.5,3000,0.0,0.0
2012-06-06,127.5,127.5,127.5,127.5,3000,0.0,0.0
2012-06-07,127.5,127.5,127.5,127.5,3000,0.0,0.0
2012-06-08,127.5,127.5,127.5,127.5,3000,0.0,0.0
2012-06-11,127.5,127.5,127.5,127.5,3000,0.0,0.0
2012-06-12,127.5,127.5,127.5,127.5,3000,0.0,0.0
2012-06-13,127.5,127.5,127.5,127.5,3000,0.0,0.0
2012-06-14,127.5,127.5,127.5,127.5,3000,0.0,0.0
2012-06-15,127.5,127.5,127.5,127.5,3000,0.0,0.0
2012-06-18,127.5,127.5,127.5,127.5,3000,0.0,0.0
2012-06-19,127.5,127.5,127.5,127.5,3000,0.0,0.0
2012-06-20,127.5,127.5,127.5,127.5,3000,0.0,0.0
2012-06-21,127.5,127.5,127.5,127.5,3000,0.0,0.0
2012-06-22,127.5,127.5,127.5,127.5,3000,0.0,0.0
2012-06-25,127.5,127.5,127.5,127.5,3000,0.0,0.0
2012-06-26,127.5,127.5,127.5,127.5,3000,0.0,0.0
2012-06-27,127.5,127.5,127.5,127.5,3000,0.0,0.0
2012-06-28,127.5,127.5,127.5,127.5,3000,0.0,0.0
2012-06-29,127.5,127.5,127.5,127.5,3000,0.0,0.0
2012-07-02,127.5,127.5,127.5,127.5,3000,0.0,0.0
2012-07-03,127.5,127.5,127.5,127.5,3000,0.0,0.0
2012-07-04,127.5,127.5,127.5,127.5,3000,0.0,0.0
2012-07-05,127.5,127.5,127.5,127.5,3000,0.0,0.0
2012-07-06,127.5,127.5,127.5,127.5,3000,0.0,0.0
2012-07-09,127.5,127.5,127.5,127.5,3000,0.0,0.0
2012-07-10,127.5,127.5,127.5,127.5,3000,0.0,0.0
2012-07-11,127.5,127.5,127.5,127.5,3000,0.0,0.0
2012-07-12,127.5,127.5,127.5,127.5,3000,0.0,0.0
2012-07-13,127.5,127.5,127.5,127.5,3000,0.0,0.0
2012-07-16,127.5,127.5,127.5,127.5,3000,0.0,0.0
2012-07-17,127.5,127.5,127.5,127.5,3000,0.0,0.0
2012-07-18,127.5,127.5,127.5,127.5,3000,0.0,0.0
2012-07-19,127.5,127.5,127.5,127.5,3000,0.0,0.0
2012-07-20,127.5,127.5,127.5,127.5,3000,0.0,0.0
2012-07-23,127.5,127.5,127.5,127.5,3000,0.0,0.0
2012-07-24,127.5,127.5,127.5,127.5,3000,0.0,0.0
2012-07-25,127.5,127.5,127.5,127.5,3000,0.0,0.0
2012-07-26,127.5,127.5,127.5,127.5,3000,0.0,0.0
2012-07-27,127.5,127.5,127.5,127.5,3000,0.0,0.0
2012-07-30,127.5,127.5,127.5,127.5,3000,0.0,0.0
2012-07-31,127.5,127.5,127.5,127.5,3000,0.0,0.0
2012-08-01,127.5,127.5,127.5,127.5,3000,0.0,0.0
2012-08-02,127.5,127.5,127.5,127.5,3000,0.0,0.0
2012-08-03,127.5,127.5,127.5,127.5,3000,0.0,0.0
2012-08-06,127.5,127.5,127.5,127.5,3000,0.0,0.0
2012-08-07,127.5,127.5,127.5,127.5,3000,0.0,0.0
2012-08-08,127.5,127.5,127.5,127.5,3000,0.0,0.0
2012-08-09,127.5,127.5,127.5,127.5,3000,0.0,0.0
2012-08-10,127.5,127.5,127.5,127.5,3000,0.0,0.0
2012-08-13,127.5,127.5,127.5,127.5,3000,0.0,0.0
2012-08-14,127.5,127.5,127.5,127.5,3000,0.0,0.0
2012-08-15,127.5,127.5,127.5,127.5,3000,0.0,0.0
2012-08-16,127.5,127.5,127.5,127.5,3000,0.0,0.0
2012-08-23,127.5,127.5,127.5,127.5,3000,0.0,0.0
2012-08-24,127.5,127.5,127.5,127.5,3000,0.0,0.0
2012-08-27,127.5,127.5,127.5,127.5,3000,0.0,0.0
2012-08-28,127.5,127.5,127.5,127.5,3000,0.0,0.0
2012-08-29,127.5,127.5,127.5,127.5,3000,0.0,0.0
2012-08-30,127.5,127.5,127.5,127.5,3000,0.0,0.0
2012-08-31,127.5,127.5,127.5,127.5,3000,0.0,0.0
2012-09-03,127.5,127.5,127.5,127.5,3000,0.0,0.0
2012-09-04,127.5,127.5,127.5,127.5,3000,0.0,0.0
2012-09-05,127.5,127.5,127.5,127.5,3000,0.0,0.0
2012-09-06,127.5,127.5,127.5,127.5,3000,0.0,0.0
2012-09-07,127.5,127.5,127.5,127.5,3000,0.0,0.0
2012-09-10,127.5,127.5,127.5,127.5,3000,0.0,0.0
2012-09-11,127.5,127.5,127.5,127.5,3000,0.0,0.0
2012-09-12,127.5,127.5,127.5,127.5,3000,0.0,0.0
2012-09-13,127.5,127.5,127.5,127.5,3000,0.0,0.0
2012-09-14,127.5,127.5,127.5,127.5,3000,0.0,0.0
2012-09-17,127.5,127.5,127.5,127.5,3000,0.0,0.0
2012-09-18,127.5,127.5,127.5,127.5,3000,0.0,0.0
2012-09-19,127.5,127.5,127.5,127.5,3000,0.0,0.0
2012-09-20,127.5,127.5,127.5,127.5,3000,0.0,0.0
2012-09-21,127.5,127.5,127.5,127.5,3000,0.0,0.0
2012-09-24,127.5,127.5,127.5,127.5,3000,0.0,0.0
2012-09-25,127.5,127.5,127.5,127.5,3000,0.0,0.0
2012-09-26,127.5,127.5,127.5,127.5,3000,0.0,0.0
2012-09-27,127.5,127.5,127.5,127.5,3000,0.0,0.0
2012-09-28,127.5,127.5,127.5,127.5,3000,0.0,0.0
2012-10-01,127.5,127.5,127.5,127.5,3000,0.0,0.0
2012-10-02,127.5,127.5,127.5,127.5,3000,0.0,0.0
2012-10-03,127.5,127.5,127.5,127.5,3000,0.0,0.0
2012-10-04,127.5,127.5,127.5,127.5,3000,0.0,0.0
2012-10-05,127.5,127.5,127.5,127.5,3000,0.0,0.0
2012-10-08,127.5,127.5,127.5,127.5,3000,0.0,0.0
2012-10-09,127.5,127.5,127.5,127.5,3000,0.0,0.0
2012-10-10,127.5,127.5,127.5,127.5,3000,0.0,0.0
2012-10-11,127.5,127.5,127.5,127.5,3000,0.0,0.0
2012-10-12,127.5,127.5,127.5,127.5,3000,0.0,0.0
2012-10-15,127.5,127.5,127.5,127.5,3000,0.0,0.0
2012-10-16,127.5,127.5,127.5,127.5,3000,0.0,0.0
2012-10-17,127.5,127.5,127.5,127.5,3000,0.0,0.0
2012-10-18,127.5,127.5,127.5,127.5,3000,0.0,0.0
2012-10-19,127.5,127.5,127.5,127.5,3000,0.0,0.0
2012-10-22,127.5,127.5,127.5,127.5,3000,0.0,0.0
2012-10-23,127.5,127.5,127.5,127.5,3000,0.0,0.0
2012-10-24,127.5,127.5,127.5,127.5,3000,0.0,0.0
2012-10-25,127.5,127.5,127.5,127.5,3000,0.0,0.0
2012-10-29,127.5,127.5,127.5,127.5,3000,0.0,0.0
2012-10-30,127.5,127.5,127.5,127.5,3000,0.0,0.0
2012-10-31,127.5,127.5,127.5,127.5,3000,0.0,0.0
2012-11-01,127.5,127.5,127.5,127.5,3000,0.0,0.0
2012-11-02,127.5,127.5,125.0,127.5,925000,0.0,0.0
2012-11-05,127.5,127.5,127.5,127.5,925000,0.0,0.0
2012-11-06,125.0,127.5,125.0,125.0,141000,0.0,0.0
2012-11-07,125.0,125.0,125.0,125.0,100000,0.0,0.0
2012-11-08,125.0,125.0,125.0,125.0,100000,0.0,0.0
2012-11-09,125.0,125.0,125.0,125.0,100000,0.0,0.0
2012-11-12,125.0,125.0,125.0,125.0,100000,0.0,0.0
2012-11-13,125.0,125.0,125.0,125.0,100000,0.0,0.0
2012-11-14,120.0,120.0,120.0,120.0,4000,0.0,0.0
2012-11-19,120.0,120.0,120.0,120.0,2000,0.0,0.0
2012-11-20,120.0,120.0,120.0,120.0,2000,0.0,0.0
2012-11-21,120.0,120.0,120.0,120.0,2000,0.0,0.0
2012-11-22,120.0,120.0,120.0,120.0,2000,0.0,0.0
2012-11-23,120.0,120.0,120.0,120.0,2000,0.0,0.0
2012-11-26,120.0,120.0,120.0,120.0,2000,0.0,0.0
2012-11-27,120.0,120.0,120.0,120.0,2000,0.0,0.0
2012-11-28,120.0,120.0,120.0,120.0,2000,0.0,0.0
2012-11-29,120.0,120.0,120.0,120.0,2000,0.0,0.0
2012-11-30,120.0,120.0,120.0,120.0,2000,0.0,0.0
2012-12-03,120.0,120.0,120.0,120.0,2000,0.0,0.0
2012-12-04,120.0,120.0,120.0,120.0,2000,0.0,0.0
2012-12-05,120.0,120.0,120.0,120.0,2000,0.0,0.0
2012-12-06,120.0,120.0,120.0,120.0,2000,0.0,0.0
2012-12-07,120.0,120.0,120.0,120.0,2000,0.0,0.0
2012-12-10,120.0,120.0,120.0,120.0,0,0.0,0.0
2012-12-11,120.0,120.0,120.0,120.0,0,0.0,0.0
2012-12-12,120.0,120.0,120.0,120.0,0,0.0,0.0
2012-12-13,120.0,120.0,120.0,120.0,2000,0.0,0.0
2012-12-14,120.0,120.0,120.0,120.0,0,0.0,0.0
2012-12-17,115.0,115.0,115.0,115.0,3000,0.0,0.0
2012-12-18,115.0,115.0,115.0,115.0,0,0.0,0.0
2012-12-19,115.0,115.0,115.0,115.0,3000,0.0,0.0
2012-12-20,115.0,115.0,115.0,115.0,3000,0.0,0.0
2012-12-21,115.0,115.0,115.0,115.0,3000,0.0,0.0
2012-12-26,115.0,115.0,115.0,115.0,0,0.0,0.0
2012-12-27,120.0,120.0,120.0,120.0,3000,0.0,0.0
2012-12-28,120.0,120.0,120.0,120.0,0,0.0,0.0
2013-01-02,120.0,120.0,120.0,120.0,3000,0.0,0.0
2013-01-03,120.0,120.0,120.0,120.0,3000,0.0,0.0
2013-01-04,120.0,120.0,120.0,120.0,3000,0.0,0.0
2013-01-07,120.0,120.0,120.0,120.0,3000,0.0,0.0
2013-01-08,120.0,120.0,120.0,120.0,3000,0.0,0.0
2013-01-09,120.0,120.0,120.0,120.0,3000,0.0,0.0
2013-01-10,120.0,120.0,120.0,120.0,3000,0.0,0.0
2013-01-11,120.0,120.0,120.0,120.0,3000,0.0,0.0
2013-01-14,120.0,120.0,120.0,120.0,3000,0.0,0.0
2013-01-15,120.0,120.0,120.0,120.0,3000,0.0,0.0
2013-01-16,120.0,120.0,120.0,120.0,3000,0.0,0.0
2013-01-17,120.0,120.0,120.0,120.0,3000,0.0,0.0
2013-01-18,120.0,120.0,120.0,120.0,3000,0.0,0.0
2013-01-21,120.0,120.0,120.0,120.0,3000,0.0,0.0
2013-01-22,122.5,122.5,122.5,122.5,3000,0.0,0.0
2013-01-23,122.5,122.5,122.5,122.5,3000,0.0,0.0
2013-01-25,122.5,122.5,122.5,122.5,3000,0.0,0.0
2013-01-28,122.5,122.5,122.5,122.5,3000,0.0,0.0
2013-01-29,122.5,122.5,122.5,122.5,3000,0.0,0.0
2013-01-30,122.5,122.5,122.5,122.5,3000,0.0,0.0
2013-01-31,122.5,122.5,122.5,122.5,3000,0.0,0.0
2013-02-01,122.5,122.5,122.5,122.5,3000,0.0,0.0
2013-02-04,122.5,122.5,122.5,122.5,3000,0.0,0.0
2013-02-05,122.5,122.5,122.5,122.5,0,0.0,0.0
2013-02-06,122.5,122.5,122.5,122.5,3000,0.0,0.0
2013-02-07,122.5,122.5,122.5,122.5,3000,0.0,0.0
2013-02-08,122.5,122.5,122.5,122.5,3000,0.0,0.0
2013-02-11,122.5,122.5,122.5,122.5,3000,0.0,0.0
2013-02-12,122.5,122.5,122.5,122.5,3000,0.0,0.0
2013-02-13,122.5,122.5,122.5,122.5,3000,0.0,0.0
2013-02-14,122.5,122.5,122.5,122.5,3000,0.0,0.0
2013-02-15,122.5,122.5,122.5,122.5,3000,0.0,0.0
2013-02-18,122.5,122.5,122.5,122.5,3000,0.0,0.0
2013-02-19,122.5,122.5,122.5,122.5,3000,0.0,0.0
2013-02-20,122.5,122.5,122.5,122.5,3000,0.0,0.0
2013-02-21,122.5,122.5,122.5,122.5,3000,0.0,0.0
2013-02-22,122.5,122.5,122.5,122.5,0,0.0,0.0
2013-02-25,122.5,122.5,122.5,122.5,3000,0.0,0.0
2013-02-26,122.5,122.5,122.5,122.5,3000,0.0,0.0
2013-02-27,122.5,122.5,122.5,122.5,3000,0.0,0.0
2013-02-28,122.5,122.5,122.5,122.5,3000,0.0,0.0
2013-03-01,122.5,122.5,122.5,122.5,3000,0.0,0.0
2013-03-04,122.5,122.5,122.5,122.5,0,0.0,0.0
2013-03-05,122.5,122.5,122.5,122.5,3000,0.0,0.0
2013-03-06,122.5,122.5,122.5,122.5,3000,0.0,0.0
2013-03-07,122.5,122.5,122.5,122.5,3000,0.0,0.0
2013-03-08,122.5,122.5,122.5,122.5,3000,0.0,0.0
2013-03-11,122.5,122.5,122.5,122.5,3000,0.0,0.0
2013-03-13,122.5,122.5,122.5,122.5,3000,0.0,0.0
2013-03-14,122.5,122.5,122.5,122.5,3000,0.0,0.0
2013-03-15,122.5,122.5,122.5,122.5,10000,0.0,0.0
2013-03-18,115.0,115.0,115.0,115.0,10000,0.0,0.0
2013-03-19,115.0,115.0,115.0,115.0,10000,0.0,0.0
2013-03-20,110.0,110.0,110.0,110.0,160000,0.0,0.0
2013-03-21,110.0,110.0,110.0,110.0,160000,0.0,0.0
2013-03-22,110.0,110.0,110.0,110.0,160000,0.0,0.0
2013-03-25,110.0,110.0,110.0,110.0,160000,0.0,0.0
2013-03-26,100.0,100.0,100.0,100.0,11000,0.0,0.0
2013-03-27,100.0,100.0,100.0,100.0,11000,0.0,0.0
2013-03-28,100.0,100.0,100.0,100.0,11000,0.0,0.0
2013-04-01,100.0,100.0,100.0,100.0,11000,0.0,0.0
2013-04-02,100.0,100.0,100.0,100.0,11000,0.0,0.0
2013-04-03,100.0,100.0,100.0,100.0,11000,0.0,0.0
2013-04-04,100.0,100.0,100.0,100.0,11000,0.0,0.0
2013-04-05,100.0,100.0,100.0,100.0,11000,0.0,0.0
2013-04-08,100.0,100.0,100.0,100.0,11000,0.0,0.0
2013-04-09,100.0,100.0,100.0,100.0,11000,0.0,0.0
2013-04-10,100.0,100.0,100.0,100.0,11000,0.0,0.0
2013-04-11,100.0,100.0,100.0,100.0,11000,0.0,0.0
2013-04-12,100.0,100.0,100.0,100.0,11000,0.0,0.0
2013-04-15,100.0,100.0,100.0,100.0,11000,0.0,0.0
2013-04-16,100.0,100.0,100.0,100.0,11000,0.0,0.0
2013-04-17,100.0,100.0,100.0,100.0,11000,0.0,0.0
2013-04-18,100.0,100.0,100.0,100.0,10000,0.0,0.0
2013-04-19,100.0,100.0,100.0,100.0,10000,0.0,0.0
2013-04-22,100.0,100.0,100.0,100.0,10000,0.0,0.0
2013-04-23,100.0,100.0,100.0,100.0,0,0.0,0.0
2013-04-24,100.0,100.0,100.0,100.0,10000,0.0,0.0
2013-04-25,100.0,100.0,100.0,100.0,10000,0.0,0.0
2013-04-26,100.0,100.0,100.0,100.0,10000,0.0,0.0
2013-04-29,100.0,100.0,100.0,100.0,10000,0.0,0.0
2013-04-30,100.0,100.0,100.0,100.0,10000,0.0,0.0
2013-05-01,100.0,100.0,100.0,100.0,10000,0.0,0.0
2013-05-02,100.0,100.0,100.0,100.0,10000,0.0,0.0
2013-05-03,100.0,100.0,100.0,100.0,10000,0.0,0.0
2013-05-06,100.0,100.0,100.0,100.0,10000,0.0,0.0
2013-05-07,100.0,100.0,100.0,100.0,10000,0.0,0.0
2013-05-08,100.0,100.0,100.0,100.0,10000,0.0,0.0
2013-05-10,100.0,100.0,100.0,100.0,10000,0.0,0.0
2013-05-13,100.0,100.0,100.0,100.0,10000,0.0,0.0
2013-05-14,100.0,100.0,100.0,100.0,10000,0.0,0.0
2013-05-15,100.0,100.0,100.0,100.0,10000,0.0,0.0
2013-05-16,100.0,100.0,100.0,100.0,10000,0.0,0.0
2013-05-17,100.0,100.0,100.0,100.0,10000,0.0,0.0
2013-05-20,100.0,100.0,100.0,100.0,10000,0.0,0.0
2013-05-21,100.0,100.0,100.0,100.0,10000,0.0,0.0
2013-05-22,100.0,100.0,100.0,100.0,10000,0.0,0.0
2013-05-23,100.0,100.0,100.0,100.0,10000,0.0,0.0
2013-05-24,100.0,100.0,100.0,100.0,10000,0.0,0.0
2013-05-27,100.0,100.0,100.0,100.0,10000,0.0,0.0
2013-05-28,100.0,100.0,100.0,100.0,10000,0.0,0.0
2013-05-29,100.0,100.0,100.0,100.0,10000,0.0,0.0
2013-05-30,100.0,100.0,92.5,92.5,6,0.0,0.0
2013-05-31,92.5,92.5,92.5,92.5,656000,0.0,0.0
2013-06-03,100.0,100.0,80.0,80.0,6,0.0,0.0
2013-06-04,82.5,82.5,67.5,67.5,6,0.0,0.0
2013-06-05,66.5,66.5,57.5,61.5,6,0.0,0.0
2013-06-07,58.5,58.5,58.5,58.5,1000,0.0,0.0
2013-06-10,54.5,54.5,54.5,54.5,1000,0.0,0.0
2013-06-11,54.0,54.0,54.0,54.0,1000,0.0,0.0
2013-06-12,57.0,57.0,57.0,57.0,2000,0.0,0.0
2013-06-13,56.0,56.0,52.5,52.5,6,0.0,0.0
2013-06-14,60.5,70.0,60.5,60.5,6000,0.0,0.0
2013-06-17,57.5,81.5,56.0,80.5,6,0.0,0.0
2013-06-18,80.5,80.5,80.5,80.5,28000,0.0,0.0
2013-06-19,82.5,82.5,82.5,82.5,2000,0.0,0.0
2013-06-20,82.5,82.5,82.5,82.5,2000,0.0,0.0
2013-06-21,82.5,82.5,82.5,82.5,2000,0.0,0.0
2013-06-24,82.5,82.5,82.5,82.5,2000,0.0,0.0
2013-06-25,82.5,82.5,82.5,82.5,2000,0.0,0.0
2013-06-26,100.0,110.0,83.5,98.0,56000,0.0,0.0
2013-06-27,112.5,117.5,71.5,115.0,25000,0.0,0.0
2013-06-28,117.5,130.0,112.5,112.5,306000,0.0,0.0
2013-07-01,112.5,112.5,110.0,110.0,7000,0.0,0.0
2013-07-02,110.0,110.0,110.0,110.0,7000,0.0,0.0
2013-07-03,117.5,130.0,117.5,117.5,31000,0.0,0.0
2013-07-04,120.0,120.0,112.5,112.5,9000,0.0,0.0
2013-07-05,112.5,112.5,112.5,112.5,4000,0.0,0.0
2013-07-08,112.5,112.5,112.5,112.5,5000,0.0,0.0
2013-07-09,120.0,135.0,112.5,112.5,18000,0.0,0.0
2013-07-10,112.5,112.5,112.5,112.5,18000,0.0,0.0
2013-07-11,112.5,112.5,100.0,112.5,255000,0.0,0.0
2013-07-12,115.0,122.5,110.0,122.5,228000,0.0,0.0
2013-07-15,115.0,140.0,115.0,115.0,57000,0.0,0.0
2013-07-16,115.0,115.0,115.0,115.0,50000,0.0,0.0
2013-07-17,115.0,115.0,115.0,115.0,50000,0.0,0.0
2013-07-18,115.0,115.0,115.0,115.0,50000,0.0,0.0
2013-07-19,115.0,115.0,115.0,115.0,50000,0.0,0.0
2013-07-22,115.0,115.0,115.0,115.0,6000,0.0,0.0
2013-07-23,115.0,115.0,115.0,115.0,6000,0.0,0.0
2013-07-24,115.0,115.0,115.0,115.0,6000,0.0,0.0
2013-07-25,115.0,115.0,115.0,115.0,6000,0.0,0.0
2013-07-26,115.0,115.0,115.0,115.0,6000,0.0,0.0
2013-07-29,117.5,125.0,117.5,125.0,350000,0.0,0.0
2013-07-30,125.0,125.0,125.0,125.0,590000,0.0,0.0
2013-07-31,125.0,125.0,125.0,125.0,590000,0.0,0.0
2013-08-01,125.0,125.0,125.0,125.0,590000,0.0,0.0
2013-08-02,125.0,125.0,125.0,125.0,200000,0.0,0.0
2013-08-12,125.0,125.0,125.0,125.0,200000,0.0,0.0
2013-08-13,125.0,125.0,125.0,125.0,200000,0.0,0.0
2013-08-14,125.0,125.0,125.0,125.0,169000,0.0,0.0
2013-08-15,125.0,125.0,125.0,125.0,169000,0.0,0.0
2013-08-16,125.0,125.0,125.0,125.0,212000,0.0,0.0
2013-08-19,125.0,125.0,125.0,125.0,212000,0.0,0.0
2013-08-20,125.0,125.0,125.0,125.0,212000,0.0,0.0
2013-08-21,125.0,125.0,125.0,125.0,225000,0.0,0.0
2013-08-22,125.0,125.0,125.0,125.0,225000,0.0,0.0
2013-08-23,125.0,125.0,125.0,125.0,225000,0.0,0.0
2013-08-26,125.0,125.0,125.0,125.0,225000,0.0,0.0
2013-08-27,140.0,140.0,130.0,130.0,426000,0.0,0.0
2013-08-28,130.0,130.0,125.0,125.0,550000,0.0,0.0
2013-08-29,125.0,125.0,125.0,125.0,550000,0.0,0.0
2013-08-30,125.0,125.0,125.0,125.0,550000,0.0,0.0
2013-09-02,125.0,125.0,125.0,125.0,550000,0.0,0.0
2013-09-03,125.0,125.0,125.0,125.0,550000,0.0,0.0
2013-09-04,125.0,125.0,125.0,125.0,550000,0.0,0.0
2013-09-05,140.0,140.0,140.0,140.0,75000,0.0,0.0
2013-09-06,140.0,140.0,140.0,140.0,75000,0.0,0.0
2013-09-09,140.0,140.0,140.0,140.0,75000,0.0,0.0
2013-09-10,140.0,140.0,140.0,140.0,230000,0.0,0.0
2013-09-11,140.0,140.0,140.0,140.0,300000,0.0,0.0
2013-09-12,140.0,140.0,140.0,140.0,300000,0.0,0.0
2013-09-13,140.0,140.0,140.0,140.0,300000,0.0,0.0
2013-09-16,150.0,150.0,150.0,150.0,200000,0.0,0.0
2013-09-17,150.0,150.0,150.0,150.0,200000,0.0,0.0
2013-09-18,150.0,150.0,150.0,150.0,200000,0.0,0.0
2013-09-19,175.0,180.0,175.0,180.0,100000,0.0,0.0
2013-09-20,150.0,150.0,150.0,150.0,5000,0.0,0.0
2013-09-23,150.0,150.0,150.0,150.0,5000,0.0,0.0
2013-09-24,150.0,150.0,150.0,150.0,5000,0.0,0.0
2013-09-25,142.5,142.5,142.5,142.5,1000,0.0,0.0
2013-09-26,162.5,162.5,142.5,142.5,201000,0.0,0.0
2013-09-27,142.5,142.5,142.5,142.5,201000,0.0,0.0
2013-09-30,142.5,142.5,142.5,142.5,201000,0.0,0.0
2013-10-01,142.5,142.5,142.5,142.5,201000,0.0,0.0
2013-10-02,165.0,175.0,142.5,175.0,359000,0.0,0.0
2013-10-03,190.0,190.0,145.0,145.0,51000,0.0,0.0
2013-10-04,145.0,145.0,145.0,145.0,51000,0.0,0.0
2013-10-07,165.0,180.0,145.0,180.0,407000,0.0,0.0
2013-10-08,200.0,225.0,200.0,225.0,1096000,0.0,0.0
2013-10-09,250.0,280.0,250.0,280.0,531000,0.0,0.0
2013-10-10,350.0,350.0,350.0,350.0,449000,0.0,0.0
2013-10-11,350.0,350.0,350.0,350.0,449000,0.0,0.0
2013-10-16,435.0,435.0,435.0,435.0,73000,0.0,0.0
2013-10-17,540.0,540.0,540.0,540.0,309000,0.0,0.0
2013-10-18,540.0,540.0,540.0,540.0,309000,0.0,0.0
2013-10-21,540.0,540.0,540.0,540.0,309000,0.0,0.0
2013-10-22,540.0,540.0,540.0,540.0,309000,0.0,0.0
2013-10-23,540.0,540.0,540.0,540.0,309000,0.0,0.0
2013-10-24,540.0,540.0,540.0,540.0,309000,0.0,0.0
2013-10-25,540.0,540.0,540.0,540.0,309000,0.0,0.0
2013-10-28,540.0,540.0,540.0,540.0,309000,0.0,0.0
2013-10-29,540.0,540.0,540.0,540.0,309000,0.0,0.0
2013-10-30,540.0,540.0,540.0,540.0,309000,0.0,0.0
2013-10-31,540.0,540.0,540.0,540.0,309000,0.0,0.0
2013-11-01,540.0,540.0,540.0,540.0,309000,0.0,0.0
2013-11-04,540.0,540.0,540.0,540.0,309000,0.0,0.0
2013-11-06,540.0,540.0,540.0,540.0,309000,0.0,0.0
2013-11-07,540.0,540.0,540.0,540.0,309000,0.0,0.0
2013-11-08,540.0,540.0,540.0,540.0,309000,0.0,0.0
2013-11-11,540.0,540.0,540.0,540.0,309000,0.0,0.0
2013-11-12,540.0,540.0,540.0,540.0,309000,0.0,0.0
2013-11-13,540.0,540.0,540.0,540.0,309000,0.0,0.0
2013-11-14,540.0,540.0,540.0,540.0,309000,0.0,0.0
2013-11-15,540.0,540.0,540.0,540.0,309000,0.0,0.0
2013-11-18,540.0,540.0,540.0,540.0,309000,0.0,0.0
2013-11-19,540.0,540.0,540.0,540.0,309000,0.0,0.0
2013-11-20,540.0,540.0,540.0,540.0,309000,0.0,0.0
2013-11-21,540.0,540.0,540.0,540.0,309000,0.0,0.0
2013-11-22,540.0,540.0,540.0,540.0,309000,0.0,0.0
2013-11-25,540.0,540.0,540.0,540.0,309000,0.0,0.0
2013-11-26,540.0,540.0,540.0,540.0,309000,0.0,0.0
2013-11-27,540.0,540.0,540.0,540.0,309000,0.0,0.0
2013-11-28,540.0,540.0,540.0,540.0,309000,0.0,0.0
2013-11-29,540.0,540.0,540.0,540.0,309000,0.0,0.0
2013-12-02,540.0,540.0,540.0,540.0,309000,0.0,0.0
2013-12-03,540.0,540.0,540.0,540.0,309000,0.0,0.0
2013-12-04,540.0,540.0,540.0,540.0,309000,0.0,0.0
2013-12-05,540.0,540.0,540.0,540.0,309000,0.0,0.0
2013-12-06,540.0,540.0,540.0,540.0,309000,0.0,0.0
2013-12-09,540.0,540.0,540.0,540.0,309000,0.0,0.0
2013-12-10,540.0,540.0,540.0,540.0,309000,0.0,0.0
2013-12-11,625.0,675.0,540.0,540.0,669000,0.0,0.0
2013-12-12,405.0,405.0,405.0,405.0,16000,0.0,0.0
2013-12-13,405.0,505.0,405.0,500.0,206000,0.0,0.0
2013-12-16,600.0,625.0,600.0,610.0,165000,0.0,0.0
2013-12-17,650.0,650.0,610.0,645.0,184000,0.0,0.0
2013-12-18,650.0,690.0,645.0,645.0,128000,0.0,0.0
2013-12-19,660.0,660.0,645.0,650.0,14000,0.0,0.0
2013-12-20,650.0,650.0,490.0,545.0,87000,0.0,0.0
2013-12-23,535.0,650.0,415.0,445.0,88000,0.0,0.0
2013-12-24,525.0,525.0,430.0,485.0,38000,0.0,0.0
2013-12-27,525.0,525.0,525.0,525.0,3000,0.0,0.0
2013-12-30,525.0,600.0,525.0,570.0,32000,0.0,0.0
2014-01-02,600.0,625.0,450.0,450.0,28000,0.0,0.0
2014-01-03,545.0,545.0,540.0,540.0,3000,0.0,0.0
2014-01-06,580.0,580.0,547.5,547.5,1600,0.0,0.0
2014-01-07,575.0,585.0,550.0,550.0,3800,0.0,0.0
2014-01-08,555.0,555.0,412.5,530.0,24200,0.0,0.0
2014-01-09,545.0,545.0,397.5,397.5,43000,0.0,0.0
2014-01-10,382.5,442.5,382.5,412.5,46200,0.0,0.0
2014-01-13,435.0,490.0,350.0,412.5,76600,0.0,0.0
2014-01-15,415.0,417.5,407.5,410.0,7000,0.0,0.0
2014-01-16,360.0,397.5,360.0,395.0,9000,0.0,0.0
2014-01-17,325.0,325.0,325.0,325.0,12600,0.0,0.0
2014-01-20,325.0,325.0,244.0,244.0,226200,0.0,0.0
2014-01-21,244.0,297.5,240.0,244.0,171600,0.0,0.0
2014-01-22,250.0,267.5,245.0,260.0,162800,0.0,0.0
2014-01-23,275.0,287.5,245.0,247.5,256800,0.0,0.0
2014-01-24,272.5,272.5,247.5,272.5,53000,0.0,0.0
2014-01-27,262.5,287.5,237.0,237.0,428200,0.0,0.0
2014-01-28,235.0,262.5,235.0,255.0,253000,0.0,0.0
2014-01-29,265.0,275.0,240.0,249.5,214000,0.0,0.0
2014-01-30,249.0,255.0,249.0,252.5,155600,0.0,0.0
2014-02-03,260.0,260.0,237.5,237.5,128800,0.0,0.0
2014-02-04,249.5,270.0,240.0,249.5,225000,0.0,0.0
2014-02-05,255.0,310.0,249.5,307.5,195000,0.0,0.0
2014-02-06,307.5,380.0,307.5,372.5,71800,0.0,0.0
2014-02-07,380.0,395.0,372.5,377.5,44800,0.0,0.0
2014-02-10,385.0,437.5,385.0,387.5,38000,0.0,0.0
2014-02-11,412.5,412.5,325.0,350.0,48200,0.0,0.0
2014-02-12,387.5,390.0,340.0,367.5,26400,0.0,0.0
2014-02-13,387.5,397.5,375.0,392.5,179000,0.0,0.0
2014-02-14,407.5,437.5,337.5,337.5,40000,0.0,0.0
2014-02-17,362.5,375.0,350.0,370.0,22000,0.0,0.0
2014-02-18,375.0,375.0,357.5,372.5,8400,0.0,0.0
2014-02-19,425.0,425.0,367.5,370.0,101400,0.0,0.0
2014-02-20,372.5,400.0,305.0,400.0,64800,0.0,0.0
2014-02-21,400.0,400.0,380.0,380.0,16200,0.0,0.0
2014-02-24,425.0,425.0,350.0,370.0,43600,0.0,0.0
2014-02-25,360.0,360.0,350.0,350.0,32600,0.0,0.0
2014-02-26,387.5,387.5,355.0,355.0,3800,0.0,0.0
2014-02-27,355.0,375.0,355.0,375.0,54200,0.0,0.0
2014-02-28,375.0,375.0,375.0,375.0,0,0.0,0.0
2014-03-03,375.0,412.5,375.0,400.0,2000,0.0,0.0
2014-03-04,355.0,355.0,350.0,350.0,127000,0.0,0.0
2014-03-05,375.0,387.5,352.5,352.5,19000,0.0,0.0
2014-03-06,362.5,375.0,350.0,355.0,55200,0.0,0.0
2014-03-07,362.5,362.5,345.0,345.0,18200,0.0,0.0
2014-03-10,360.0,400.0,350.0,360.0,54200,0.0,0.0
2014-03-11,387.5,387.5,350.0,350.0,7600,0.0,0.0
2014-03-12,362.5,362.5,350.0,350.0,3600,0.0,0.0
2014-03-13,350.0,357.5,330.0,357.5,67000,0.0,0.0
2014-03-14,362.5,362.5,350.0,350.0,8200,0.0,0.0
2014-03-17,370.0,370.0,330.0,347.5,103800,0.0,0.0
2014-03-18,350.0,350.0,325.0,330.0,23200,0.0,0.0
2014-03-19,350.0,350.0,315.0,315.0,40400,0.0,0.0
2014-03-20,325.0,337.5,325.0,335.0,10800,0.0,0.0
2014-03-21,295.0,300.0,252.5,252.5,436000,0.0,0.0
2014-03-24,272.5,272.5,211.0,211.0,377600,0.0,0.0
2014-03-25,212.5,214.5,200.0,200.0,256800,0.0,0.0
2014-03-26,210.0,210.0,190.0,190.0,94800,0.0,0.0
2014-03-27,190.5,190.5,180.0,190.0,72400,0.0,0.0
2014-03-28,194.5,212.5,190.0,212.5,98800,0.0,0.0
2014-04-01,232.5,237.5,192.5,193.0,183400,0.0,0.0
2014-04-02,193.0,193.0,160.0,162.5,1135200,0.0,0.0
2014-04-03,162.5,174.0,162.5,171.5,317400,0.0,0.0
2014-04-04,172.0,172.0,170.0,172.0,48000,0.0,0.0
2014-04-07,177.5,177.5,170.0,172.5,159200,0.0,0.0
2014-04-08,172.5,173.0,165.0,173.0,59800,0.0,0.0
2014-04-09,173.0,173.0,173.0,173.0,0,0.0,0.0
2014-04-10,173.0,173.0,170.0,170.0,46600,0.0,0.0
2014-04-11,170.0,170.0,170.0,170.0,26000,0.0,0.0
2014-04-14,170.0,180.0,170.0,170.0,108000,0.0,0.0
2014-04-15,169.5,172.5,169.5,172.5,57600,0.0,0.0
2014-04-16,170.0,170.0,170.0,170.0,19400,0.0,0.0
2014-04-17,168.5,168.5,168.5,168.5,6000,0.0,0.0
2014-04-21,165.0,172.5,162.5,172.5,34000,0.0,0.0
2014-04-22,172.5,172.5,172.5,172.5,0,0.0,0.0
2014-04-23,170.0,172.0,167.5,167.5,35800,0.0,0.0
2014-04-24,170.0,170.0,170.0,170.0,800,0.0,0.0
2014-04-25,170.0,170.0,167.5,167.5,2200,0.0,0.0
2014-04-28,167.5,167.5,166.5,166.5,26200,0.0,0.0
2014-04-29,166.5,166.5,166.5,166.5,41000,0.0,0.0
2014-04-30,166.5,167.5,166.5,167.5,51600,0.0,0.0
2014-05-02,166.5,167.0,166.5,167.0,164200,0.0,0.0
2014-05-05,158.5,162.5,158.0,162.5,1000,0.0,0.0
2014-05-06,167.5,169.0,167.5,167.5,23400,0.0,0.0
2014-05-07,167.5,167.5,167.5,167.5,0,0.0,0.0
2014-05-08,172.5,172.5,172.5,172.5,200,0.0,0.0
2014-05-09,172.5,172.5,172.5,172.5,400,0.0,0.0
2014-05-12,177.5,192.5,172.5,187.5,121200,0.0,0.0
2014-05-13,190.0,190.0,166.5,172.5,94800,0.0,0.0
2014-05-14,174.0,174.0,170.0,172.5,13600,0.0,0.0
2014-05-16,175.5,175.5,168.0,172.5,1200,0.0,0.0
2014-05-19,175.0,175.0,175.0,175.0,400,0.0,0.0
2014-05-20,175.0,175.0,175.0,175.0,0,0.0,0.0
2014-05-21,177.5,177.5,175.0,177.5,20000,0.0,0.0
2014-05-22,180.0,189.5,177.5,180.0,43600,0.0,0.0
2014-05-23,180.0,182.5,180.0,180.0,15600,0.0,0.0
2014-05-26,181.5,181.5,179.0,181.5,22400,0.0,0.0
2014-05-28,182.5,189.0,180.0,182.5,23000,0.0,0.0
2014-05-30,183.5,183.5,183.5,183.5,400,0.0,0.0
2014-06-02,183.0,183.0,183.0,183.0,200,0.0,0.0
2014-06-03,189.0,189.0,183.0,189.0,20200,0.0,0.0
2014-06-04,189.0,189.0,189.0,189.0,0,0.0,0.0
2014-06-05,189.0,189.0,189.0,189.0,0,0.0,0.0
2014-06-06,195.0,200.0,190.0,195.0,248400,0.0,0.0
2014-06-09,220.0,222.5,195.0,220.0,266000,0.0,0.0
2014-06-10,229.5,230.0,220.0,229.5,20400,0.0,0.0
2014-06-11,229.5,229.5,229.0,229.5,102000,0.0,0.0
2014-06-12,235.0,235.0,234.0,235.0,72800,0.0,0.0
2014-06-13,250.0,250.0,235.0,250.0,51000,0.0,0.0
2014-06-16,270.0,297.5,250.0,270.0,105000,0.0,0.0
2014-06-17,250.0,270.0,225.0,250.0,6200,0.0,0.0
2014-06-18,257.5,285.0,240.0,257.5,17800,0.0,0.0
2014-06-19,225.0,262.5,225.0,225.0,68800,0.0,0.0
2014-06-20,272.5,272.5,225.0,272.5,600,0.0,0.0
2014-06-23,260.0,300.0,250.0,260.0,14200,0.0,0.0
2014-06-24,260.0,260.0,230.0,260.0,10200,0.0,0.0
2014-06-25,262.5,275.0,262.5,262.5,9400,0.0,0.0
2014-06-26,232.5,275.0,232.5,232.5,18000,0.0,0.0
2014-06-27,232.5,232.5,232.5,232.5,18000,0.0,0.0
2014-06-30,240.0,240.0,240.0,240.0,200,0.0,0.0
2014-07-01,250.0,255.0,250.0,250.0,8200,0.0,0.0
2014-07-02,267.5,270.0,267.5,267.5,4400,0.0,0.0
2014-07-03,270.0,270.0,250.0,270.0,1200,0.0,0.0
2014-07-04,230.0,255.0,230.0,230.0,11000,0.0,0.0
2014-07-07,242.5,250.0,242.5,242.5,10200,0.0,0.0
2014-07-08,239.5,250.0,239.5,239.5,600,0.0,0.0
2014-07-09,239.5,239.5,239.5,239.5,0,0.0,0.0
2014-07-10,225.0,250.0,200.0,225.0,19200,0.0,0.0
2014-07-11,240.0,250.0,235.0,240.0,19400,0.0,0.0
2014-07-14,215.0,247.5,215.0,215.0,52200,0.0,0.0
2014-07-15,225.0,225.0,217.5,225.0,5000,0.0,0.0
2014-07-16,227.5,230.0,225.0,227.5,25800,0.0,0.0
2014-07-17,237.5,237.5,235.0,237.5,85600,0.0,0.0
2014-07-18,237.5,237.5,237.5,237.5,0,0.0,0.0
2014-07-21,237.5,237.5,237.5,237.5,200,0.0,0.0
2014-07-22,237.5,237.5,237.5,237.5,200,0.0,0.0
2014-07-23,230.0,237.5,230.0,230.0,2200,0.0,0.0
2014-07-24,237.5,237.5,237.5,237.5,200,0.0,0.0
2014-07-25,230.0,230.0,230.0,230.0,2000,0.0,0.0
2014-08-04,230.0,230.0,230.0,230.0,400,0.0,0.0
2014-08-05,230.0,230.0,230.0,230.0,0,0.0,0.0
2014-08-06,220.5,220.5,220.5,220.5,600,0.0,0.0
2014-08-07,220.5,220.5,220.5,220.5,5200,0.0,0.0
2014-08-08,220.5,220.5,220.5,220.5,0,0.0,0.0
2014-08-11,220.5,220.5,220.5,220.5,4800,0.0,0.0
2014-08-12,212.5,212.5,212.5,212.5,35000,0.0,0.0
2014-08-13,215.0,215.0,215.0,215.0,200,0.0,0.0
2014-08-14,250.0,262.5,250.0,250.0,41200,0.0,0.0
2014-08-15,245.0,245.0,240.0,245.0,23800,0.0,0.0
2014-08-18,250.0,250.0,250.0,250.0,5000,0.0,0.0
2014-08-19,255.0,260.0,250.0,255.0,9000,0.0,0.0
2014-08-20,255.0,255.0,255.0,255.0,0,0.0,0.0
2014-08-21,201.0,230.0,191.5,201.0,569400,0.0,0.0
2014-08-22,200.0,207.5,200.0,200.0,79800,0.0,0.0
2014-08-25,205.0,205.0,200.5,205.0,82400,0.0,0.0
2014-08-26,200.0,207.5,200.0,200.0,84000,0.0,0.0
2014-08-27,205.0,205.0,200.0,205.0,2200,0.0,0.0
2014-08-28,212.5,212.5,212.5,212.5,200,0.0,0.0
2014-08-29,200.5,212.5,200.0,200.5,15400,0.0,0.0
2014-09-01,200.0,210.0,200.0,200.0,96400,0.0,0.0
2014-09-02,205.0,210.0,200.0,205.0,30800,0.0,0.0
2014-09-03,200.0,210.0,200.0,200.0,400,0.0,0.0
2014-09-04,200.0,207.5,200.0,200.0,4000,0.0,0.0
2014-09-05,209.0,210.0,200.0,209.0,2600,0.0,0.0
2014-09-08,197.5,215.0,197.5,197.5,42000,0.0,0.0
2014-09-09,197.5,197.5,197.5,197.5,5600,0.0,0.0
2014-09-10,200.0,200.0,195.5,200.0,29200,0.0,0.0
2014-09-11,205.0,205.0,205.0,205.0,200,0.0,0.0
2014-09-12,205.0,212.5,198.0,205.0,1800,0.0,0.0
2014-09-15,210.0,210.0,210.0,210.0,200,0.0,0.0
2014-09-16,200.0,210.0,200.0,200.0,55000,0.0,0.0
2014-09-17,197.5,205.0,197.5,197.5,17000,0.0,0.0
2014-09-18,196.5,202.5,196.5,196.5,8200,0.0,0.0
2014-09-19,197.5,197.5,190.0,197.5,9600,0.0,0.0
2014-09-22,197.5,197.5,197.5,197.5,0,0.0,0.0
2014-09-23,202.5,202.5,202.5,202.5,200,0.0,0.0
2014-09-24,192.5,201.0,192.5,192.5,28800,0.0,0.0
2014-09-25,200.0,200.0,190.0,200.0,400,0.0,0.0
2014-09-26,198.0,198.0,198.0,198.0,5400,0.0,0.0
2014-09-29,198.0,198.0,198.0,198.0,0,0.0,0.0
2014-09-30,192.5,200.0,192.0,192.5,40400,0.0,0.0
2014-10-01,195.5,195.5,190.0,195.5,10000,0.0,0.0
2014-10-02,195.5,195.5,190.0,195.5,6200,0.0,0.0
2014-10-03,195.5,195.5,195.5,195.5,0,0.0,0.0
2014-10-06,194.5,194.5,194.5,194.5,2000,0.0,0.0
2014-10-07,192.5,192.5,192.5,192.5,10000,0.0,0.0
2014-10-08,230.0,230.0,230.0,230.0,200,0.0,0.0
2014-10-09,227.5,227.5,227.5,227.5,200,0.0,0.0
2014-10-10,227.5,227.5,227.5,227.5,0,0.0,0.0
2014-10-13,227.5,227.5,227.5,227.5,0,0.0,0.0
2014-10-14,227.5,227.5,227.5,227.5,0,0.0,0.0
2014-10-15,227.5,227.5,227.5,227.5,0,0.0,0.0
2014-10-16,227.5,227.5,227.5,227.5,0,0.0,0.0
2014-10-17,227.5,227.5,227.5,227.5,0,0.0,0.0
2014-10-20,227.5,227.5,227.5,227.5,0,0.0,0.0
2014-10-21,227.5,227.5,227.5,227.5,0,0.0,0.0
2014-10-22,227.5,227.5,227.5,227.5,0,0.0,0.0
2014-10-23,222.5,222.5,222.5,222.5,200,0.0,0.0
2014-10-24,222.5,222.5,222.5,222.5,200,0.0,0.0
2014-10-27,222.5,222.5,222.5,222.5,0,0.0,0.0
2014-10-28,222.5,222.5,222.5,222.5,0,0.0,0.0
2014-10-29,232.5,235.0,232.5,232.5,600,0.0,0.0
2014-10-30,225.0,225.0,225.0,225.0,200,0.0,0.0
2014-10-31,190.5,205.0,190.0,190.5,234000,0.0,0.0
2014-11-03,190.5,190.5,190.5,190.5,200,0.0,0.0
2014-11-04,190.5,200.0,190.5,190.5,36800,0.0,0.0
2014-11-05,190.5,190.5,190.5,190.5,0,0.0,0.0
2014-11-06,190.0,190.0,190.0,190.0,10000,0.0,0.0
2014-11-07,190.0,195.0,185.0,190.0,2600,0.0,0.0
2014-11-10,190.0,190.0,190.0,190.0,0,0.0,0.0
2014-11-11,190.0,190.0,190.0,190.0,6400,0.0,0.0
2014-11-12,202.5,202.5,190.0,202.5,2600,0.0,0.0
2014-11-13,190.0,190.0,190.0,190.0,0,0.0,0.0
2014-11-14,190.0,190.0,190.0,190.0,0,0.0,0.0
2014-11-17,190.0,190.0,190.0,190.0,0,0.0,0.0
2014-11-18,199.5,199.5,199.5,199.5,600,0.0,0.0
2014-11-19,199.5,199.5,199.5,199.5,0,0.0,0.0
2014-11-20,190.0,190.0,190.0,190.0,23200,0.0,0.0
2014-11-21,190.0,190.0,186.0,190.0,24400,0.0,0.0
2014-11-24,187.5,187.5,187.5,187.5,1400,0.0,0.0
2014-11-25,197.5,197.5,197.5,197.5,200,0.0,0.0
2014-11-26,197.5,197.5,197.5,197.5,200,0.0,0.0
2014-11-27,197.5,197.5,197.5,197.5,0,0.0,0.0
2014-11-28,197.5,197.5,197.5,197.5,0,0.0,0.0
2014-12-01,197.5,197.5,197.5,197.5,0,0.0,0.0
2014-12-02,197.5,197.5,197.5,197.5,0,0.0,0.0
2014-12-03,195.0,195.0,195.0,195.0,200,0.0,0.0
2014-12-04,187.5,194.5,187.5,194.5,2000,0.0,0.0
2014-12-05,195.0,197.5,195.0,197.5,11600,0.0,0.0
2014-12-08,197.5,197.5,197.5,197.5,200,0.0,0.0
2014-12-09,197.5,197.5,197.5,197.5,0,0.0,0.0
2014-12-10,190.0,190.0,190.0,190.0,12200,0.0,0.0
2014-12-11,190.0,190.0,190.0,190.0,0,0.0,0.0
2014-12-12,190.0,190.0,190.0,190.0,0,0.0,0.0
2014-12-15,190.0,190.0,190.0,190.0,0,0.0,0.0
2014-12-16,190.0,190.0,190.0,190.0,1400,0.0,0.0
2014-12-17,185.0,185.0,185.0,185.0,400,0.0,0.0
2014-12-18,185.0,185.0,185.0,185.0,0,0.0,0.0
2014-12-19,180.0,180.0,180.0,180.0,6000,0.0,0.0
2014-12-22,187.5,187.5,187.5,187.5,2000,0.0,0.0
2014-12-23,187.5,187.5,187.5,187.5,0,0.0,0.0
2014-12-24,187.5,187.5,187.5,187.5,0,0.0,0.0
2014-12-29,187.5,187.5,187.5,187.5,0,0.0,0.0
2014-12-30,187.5,187.5,187.5,187.5,800,0.0,0.0
2015-01-02,187.5,187.5,187.5,187.5,0,0.0,0.0
2015-01-05,234.0,234.0,234.0,234.0,200,0.0,0.0
2015-01-06,237.5,237.5,225.0,225.0,400,0.0,0.0
2015-01-07,225.0,225.0,225.0,225.0,0,0.0,0.0
2015-01-08,225.0,225.0,225.0,225.0,0,0.0,0.0
2015-01-09,225.0,225.0,225.0,225.0,0,0.0,0.0
2015-01-12,225.0,225.0,225.0,225.0,0,0.0,0.0
2015-01-13,225.0,225.0,225.0,225.0,0,0.0,0.0
2015-01-14,225.0,225.0,225.0,225.0,0,0.0,0.0
2015-01-15,225.0,225.0,225.0,225.0,0,0.0,0.0
2015-01-16,170.5,170.5,170.5,170.5,400,0.0,0.0
2015-01-19,171.0,172.5,171.0,172.5,7000,0.0,0.0
2015-01-20,172.5,172.5,172.5,172.5,3200,0.0,0.0
2015-01-21,173.0,215.0,173.0,215.0,1200,0.0,0.0
2015-01-22,215.0,215.0,215.0,215.0,400,0.0,0.0
2015-01-23,212.5,212.5,212.5,212.5,200,0.0,0.0
2015-01-26,212.5,212.5,212.5,212.5,0,0.0,0.0
2015-01-27,212.5,212.5,212.5,212.5,0,0.0,0.0
2015-01-28,212.5,212.5,212.5,212.5,0,0.0,0.0
2015-01-29,212.5,212.5,212.5,212.5,0,0.0,0.0
2015-01-30,212.5,212.5,212.5,212.5,0,0.0,0.0
2015-02-02,212.5,212.5,212.5,212.5,0,0.0,0.0
2015-02-03,212.5,212.5,212.5,212.5,0,0.0,0.0
2015-02-04,210.0,210.0,210.0,210.0,200,0.0,0.0
2015-02-05,207.5,207.5,207.5,207.5,200,0.0,0.0
2015-02-06,207.5,207.5,207.5,207.5,0,0.0,0.0
2015-02-09,207.5,207.5,207.5,207.5,200,0.0,0.0
2015-02-10,207.5,207.5,207.5,207.5,0,0.0,0.0
2015-02-11,207.5,207.5,207.5,207.5,0,0.0,0.0
2015-02-12,195.0,195.0,195.0,195.0,8800,0.0,0.0
2015-02-13,195.0,195.0,195.0,195.0,0,0.0,0.0
2015-02-16,195.0,195.0,195.0,195.0,0,0.0,0.0
2015-02-17,195.0,195.0,195.0,195.0,0,0.0,0.0
2015-02-18,195.0,195.0,195.0,195.0,0,0.0,0.0
2015-02-20,195.0,195.0,195.0,195.0,0,0.0,0.0
2015-02-23,195.0,195.0,195.0,195.0,0,0.0,0.0
2015-02-24,195.0,195.0,195.0,195.0,0,0.0,0.0
2015-02-25,190.0,190.0,190.0,190.0,6000,0.0,0.0
2015-02-26,190.0,190.0,190.0,190.0,0,0.0,0.0
2015-02-27,190.0,190.0,190.0,190.0,0,0.0,0.0
2015-03-02,155.0,158.0,155.0,158.0,3000,0.0,0.0
2015-03-03,160.0,165.0,160.0,165.0,1200,0.0,0.0
2015-03-04,165.0,165.0,165.0,165.0,0,0.0,0.0
2015-03-05,175.0,175.0,175.0,175.0,200,0.0,0.0
2015-03-06,175.0,175.0,175.0,175.0,0,0.0,0.0
2015-03-09,172.5,172.5,172.5,172.5,2800,0.0,0.0
2015-03-10,172.5,172.5,172.5,172.5,0,0.0,0.0
2015-03-11,180.0,187.5,180.0,180.0,4400,0.0,0.0
2015-03-12,190.0,199.5,185.0,185.0,6400,0.0,0.0
2015-03-13,185.0,185.0,177.5,177.5,5800,0.0,0.0
2015-03-16,177.5,177.5,177.5,177.5,0,0.0,0.0
2015-03-17,177.5,177.5,177.5,177.5,0,0.0,0.0
2015-03-18,177.5,177.5,177.5,177.5,0,0.0,0.0
2015-03-19,177.5,177.5,177.5,177.5,0,0.0,0.0
2015-03-20,177.5,177.5,177.5,177.5,0,0.0,0.0
2015-03-23,170.0,175.0,170.0,175.0,1800,0.0,0.0
2015-03-24,175.0,175.0,175.0,175.0,0,0.0,0.0
2015-03-25,175.0,175.0,175.0,175.0,0,0.0,0.0
2015-03-26,175.0,175.0,175.0,175.0,0,0.0,0.0
2015-03-27,175.0,175.0,175.0,175.0,0,0.0,0.0
2015-03-30,175.0,175.0,175.0,175.0,0,0.0,0.0
2015-03-31,165.0,165.0,165.0,165.0,1600,0.0,0.0
2015-04-01,205.5,205.5,205.5,205.5,200,0.0,0.0
2015-04-02,210.0,210.0,210.0,210.0,200,0.0,0.0
2015-04-06,210.0,210.0,210.0,210.0,0,0.0,0.0
2015-04-07,210.0,210.0,210.0,210.0,0,0.0,0.0
2015-04-08,210.0,210.0,210.0,210.0,0,0.0,0.0
2015-04-09,210.0,210.0,210.0,210.0,0,0.0,0.0
2015-04-10,210.0,210.0,210.0,210.0,0,0.0,0.0
2015-04-13,210.0,210.0,210.0,210.0,0,0.0,0.0
2015-04-14,210.0,210.0,210.0,210.0,0,0.0,0.0
2015-04-15,210.0,210.0,210.0,210.0,0,0.0,0.0
2015-04-16,210.0,210.0,210.0,210.0,0,0.0,0.0
2015-04-17,210.0,210.0,210.0,210.0,0,0.0,0.0
2015-04-20,210.0,210.0,210.0,210.0,0,0.0,0.0
2015-04-21,210.0,210.0,210.0,210.0,0,0.0,0.0
2015-04-22,210.0,210.0,210.0,210.0,0,0.0,0.0
2015-04-23,210.0,210.0,210.0,210.0,0,0.0,0.0
2015-04-24,210.0,210.0,210.0,210.0,0,0.0,0.0
2015-04-27,210.0,210.0,210.0,210.0,0,0.0,0.0
2015-04-28,210.0,210.0,210.0,210.0,0,0.0,0.0
2015-04-29,210.0,210.0,210.0,210.0,0,0.0,0.0
2015-04-30,210.0,210.0,210.0,210.0,0,0.0,0.0
2015-05-04,210.0,210.0,210.0,210.0,0,0.0,0.0
2015-05-05,210.0,210.0,210.0,210.0,0,0.0,0.0
2015-05-06,210.0,210.0,210.0,210.0,0,0.0,0.0
2015-05-07,210.0,210.0,210.0,210.0,0,0.0,0.0
2015-05-08,210.0,210.0,210.0,210.0,0,0.0,0.0
2015-05-11,210.0,210.0,210.0,210.0,0,0.0,0.0
2015-05-12,210.0,210.0,210.0,210.0,0,0.0,0.0
2015-05-13,210.0,210.0,210.0,210.0,0,0.0,0.0
2015-05-15,210.0,210.0,210.0,210.0,0,0.0,0.0
2015-05-18,210.0,210.0,210.0,210.0,0,0.0,0.0
2015-05-19,210.0,210.0,210.0,210.0,0,0.0,0.0
2015-05-20,210.0,210.0,210.0,210.0,0,0.0,0.0
2015-05-21,210.0,210.0,210.0,210.0,0,0.0,0.0
2015-05-22,210.0,210.0,210.0,210.0,0,0.0,0.0
2015-05-25,210.0,210.0,210.0,210.0,0,0.0,0.0
2015-05-26,210.0,210.0,210.0,210.0,0,0.0,0.0
2015-05-27,210.0,210.0,210.0,210.0,0,0.0,0.0
2015-05-28,210.0,210.0,210.0,210.0,0,0.0,0.0
2015-05-29,210.0,210.0,210.0,210.0,0,0.0,0.0
2015-06-01,210.0,210.0,210.0,210.0,0,0.0,0.0
2015-06-03,210.0,210.0,210.0,210.0,0,0.0,0.0
2015-06-04,210.0,210.0,210.0,210.0,0,0.0,0.0
2015-06-05,210.0,210.0,210.0,210.0,0,0.0,0.0
2015-06-08,210.0,210.0,210.0,210.0,0,0.0,0.0
2015-06-09,210.0,210.0,210.0,210.0,0,0.0,0.0
2015-06-10,210.0,210.0,210.0,210.0,0,0.0,0.0
2015-06-11,210.0,210.0,210.0,210.0,0,0.0,0.0
2015-06-12,210.0,210.0,210.0,210.0,0,0.0,0.0
2015-06-15,210.0,210.0,210.0,210.0,0,0.0,0.0
2015-06-16,210.0,210.0,210.0,210.0,0,0.0,0.0
2015-06-17,210.0,210.0,210.0,210.0,0,0.0,0.0
2015-06-18,210.0,210.0,210.0,210.0,0,0.0,0.0
2015-06-19,210.0,210.0,210.0,210.0,0,0.0,0.0
2015-06-22,210.0,210.0,210.0,210.0,0,0.0,0.0
2015-06-23,210.0,210.0,210.0,210.0,0,0.0,0.0
2015-06-24,210.0,210.0,210.0,210.0,0,0.0,0.0
2015-06-25,210.0,210.0,210.0,210.0,0,0.0,0.0
2015-06-26,210.0,210.0,210.0,210.0,0,0.0,0.0
2015-06-29,210.0,210.0,210.0,210.0,0,0.0,0.0
2015-06-30,210.0,210.0,210.0,210.0,0,0.0,0.0
2015-07-01,210.0,210.0,210.0,210.0,0,0.0,0.0
2015-07-02,210.0,210.0,210.0,210.0,0,0.0,0.0
2015-07-03,210.0,210.0,210.0,210.0,0,0.0,0.0
2015-07-06,210.0,210.0,210.0,210.0,0,0.0,0.0
2015-07-07,210.0,210.0,210.0,210.0,0,0.0,0.0
2015-07-08,210.0,210.0,210.0,210.0,0,0.0,0.0
2015-07-09,210.0,210.0,210.0,210.0,0,0.0,0.0
2015-07-10,210.0,210.0,210.0,210.0,0,0.0,0.0
2015-07-13,210.0,210.0,210.0,210.0,0,0.0,0.0
2015-07-14,210.0,210.0,210.0,210.0,0,0.0,0.0
2015-07-15,210.0,210.0,210.0,210.0,0,0.0,0.0
2015-07-22,210.0,210.0,210.0,210.0,0,0.0,0.0
2015-07-23,210.0,210.0,210.0,210.0,0,0.0,0.0
2015-07-24,210.0,210.0,210.0,210.0,0,0.0,0.0
2015-07-27,210.0,210.0,210.0,210.0,0,0.0,0.0
2015-07-28,210.0,210.0,210.0,210.0,0,0.0,0.0
2015-07-29,210.0,210.0,210.0,210.0,0,0.0,0.0
2015-07-30,210.0,210.0,210.0,210.0,0,0.0,0.0
2015-07-31,210.0,210.0,210.0,210.0,0,0.0,0.0
2015-08-03,210.0,210.0,210.0,210.0,0,0.0,0.0
2015-08-04,210.0,210.0,210.0,210.0,0,0.0,0.0
2015-08-05,210.0,210.0,210.0,210.0,0,0.0,0.0
2015-08-06,210.0,210.0,210.0,210.0,0,0.0,0.0
2015-08-07,210.0,210.0,210.0,210.0,0,0.0,0.0
2015-08-10,210.0,210.0,210.0,210.0,0,0.0,0.0
2015-08-11,210.0,210.0,210.0,210.0,0,0.0,0.0
2015-08-12,210.0,210.0,210.0,210.0,0,0.0,0.0
2015-08-13,210.0,210.0,210.0,210.0,0,0.0,0.0
2015-08-14,210.0,210.0,210.0,210.0,0,0.0,0.0
2015-08-18,210.0,210.0,210.0,210.0,0,0.0,0.0
2015-08-19,210.0,210.0,210.0,210.0,0,0.0,0.0
2015-08-20,210.0,210.0,210.0,210.0,0,0.0,0.0
2015-08-21,210.0,210.0,210.0,210.0,0,0.0,0.0
2015-08-24,210.0,210.0,210.0,210.0,0,0.0,0.0
2015-08-25,210.0,210.0,210.0,210.0,0,0.0,0.0
2015-08-26,210.0,210.0,210.0,210.0,0,0.0,0.0
2015-08-27,210.0,210.0,210.0,210.0,0,0.0,0.0
2015-08-28,210.0,210.0,210.0,210.0,0,0.0,0.0
2015-08-31,210.0,210.0,210.0,210.0,0,0.0,0.0
2015-09-01,210.0,210.0,210.0,210.0,0,0.0,0.0
2015-09-02,210.0,210.0,210.0,210.0,0,0.0,0.0
2015-09-03,210.0,210.0,210.0,210.0,0,0.0,0.0
2015-09-04,210.0,210.0,210.0,210.0,0,0.0,0.0
2015-09-07,210.0,210.0,210.0,210.0,0,0.0,0.0
2015-09-08,210.0,210.0,210.0,210.0,0,0.0,0.0
2015-09-09,210.0,210.0,210.0,210.0,0,0.0,0.0
2015-09-10,210.0,210.0,210.0,210.0,0,0.0,0.0
2015-09-11,210.0,210.0,210.0,210.0,0,0.0,0.0
2015-09-14,210.0,210.0,210.0,210.0,0,0.0,0.0
2015-09-15,210.0,210.0,210.0,210.0,0,0.0,0.0
2015-09-16,210.0,210.0,210.0,210.0,0,0.0,0.0
2015-09-17,210.0,210.0,210.0,210.0,0,0.0,0.0
2015-09-18,210.0,210.0,210.0,210.0,0,0.0,0.0
2015-09-21,210.0,210.0,210.0,210.0,0,0.0,0.0
2015-09-22,210.0,210.0,210.0,210.0,0,0.0,0.0
2015-09-23,210.0,210.0,210.0,210.0,0,0.0,0.0
2015-09-25,210.0,210.0,210.0,210.0,0,0.0,0.0
2015-09-28,210.0,210.0,210.0,210.0,0,0.0,0.0
2015-09-29,210.0,210.0,210.0,210.0,0,0.0,0.0
2015-09-30,210.0,210.0,210.0,210.0,0,0.0,0.0
2015-10-01,210.0,210.0,210.0,210.0,0,0.0,0.0
2015-10-02,210.0,210.0,210.0,210.0,0,0.0,0.0
2015-10-05,210.0,210.0,210.0,210.0,0,0.0,0.0
2015-10-06,210.0,210.0,210.0,210.0,0,0.0,0.0
2015-10-07,210.0,210.0,210.0,210.0,0,0.0,0.0
2015-10-08,210.0,210.0,210.0,210.0,0,0.0,0.0
2015-10-09,210.0,210.0,210.0,210.0,0,0.0,0.0
2015-10-12,210.0,210.0,210.0,210.0,0,0.0,0.0
2015-10-13,210.0,210.0,210.0,210.0,0,0.0,0.0
2015-10-15,210.0,210.0,210.0,210.0,0,0.0,0.0
2015-10-16,210.0,210.0,210.0,210.0,0,0.0,0.0
2015-10-19,210.0,210.0,210.0,210.0,0,0.0,0.0
2015-10-20,210.0,210.0,210.0,210.0,0,0.0,0.0
2015-10-21,210.0,210.0,210.0,210.0,0,0.0,0.0
2015-10-22,210.0,210.0,210.0,210.0,0,0.0,0.0
2015-10-23,210.0,210.0,210.0,210.0,0,0.0,0.0
2015-10-26,210.0,210.0,210.0,210.0,0,0.0,0.0
2015-10-27,210.0,210.0,210.0,210.0,0,0.0,0.0
2015-10-28,210.0,210.0,210.0,210.0,0,0.0,0.0
2015-10-29,210.0,210.0,210.0,210.0,0,0.0,0.0
2015-10-30,210.0,210.0,210.0,210.0,0,0.0,0.0
2015-11-02,210.0,210.0,210.0,210.0,0,0.0,0.0
2015-11-03,210.0,210.0,210.0,210.0,0,0.0,0.0
2015-11-04,210.0,210.0,210.0,210.0,0,0.0,0.0
2015-11-05,210.0,210.0,210.0,210.0,0,0.0,0.0
2015-11-06,210.0,210.0,210.0,210.0,0,0.0,0.0
2015-11-09,210.0,210.0,210.0,210.0,0,0.0,0.0
2015-11-10,210.0,210.0,210.0,210.0,0,0.0,0.0
2015-11-11,210.0,210.0,210.0,210.0,0,0.0,0.0
2015-11-12,210.0,210.0,210.0,210.0,0,0.0,0.0
2015-11-13,210.0,210.0,210.0,210.0,0,0.0,0.0
2015-11-16,210.0,210.0,210.0,210.0,0,0.0,0.0
2015-11-17,210.0,210.0,210.0,210.0,0,0.0,0.0
2015-11-18,210.0,210.0,210.0,210.0,0,0.0,0.0
2015-11-19,210.0,210.0,210.0,210.0,0,0.0,0.0
2015-11-20,210.0,210.0,210.0,210.0,0,0.0,0.0
2015-11-23,210.0,210.0,210.0,210.0,0,0.0,0.0
2015-11-24,210.0,210.0,210.0,210.0,0,0.0,0.0
2015-11-25,210.0,210.0,210.0,210.0,0,0.0,0.0
2015-11-26,210.0,210.0,210.0,210.0,0,0.0,0.0
2015-11-27,210.0,210.0,210.0,210.0,0,0.0,0.0
2015-11-30,210.0,210.0,210.0,210.0,0,0.0,0.0
2015-12-01,210.0,210.0,210.0,210.0,0,0.0,0.0
2015-12-02,210.0,210.0,210.0,210.0,0,0.0,0.0
2015-12-03,210.0,210.0,210.0,210.0,0,0.0,0.0
2015-12-04,210.0,210.0,210.0,210.0,0,0.0,0.0
2015-12-07,210.0,210.0,210.0,210.0,0,0.0,0.0
2015-12-08,210.0,210.0,210.0,210.0,0,0.0,0.0
2015-12-09,210.0,210.0,210.0,210.0,0,0.0,0.0
2015-12-10,210.0,210.0,210.0,210.0,0,0.0,0.0
2015-12-11,210.0,210.0,210.0,210.0,0,0.0,0.0
2015-12-14,210.0,210.0,210.0,210.0,0,0.0,0.0
2015-12-15,210.0,210.0,210.0,210.0,0,0.0,0.0
2015-12-16,210.0,210.0,210.0,210.0,0,0.0,0.0
2015-12-17,210.0,210.0,210.0,210.0,0,0.0,0.0
2015-12-18,210.0,210.0,210.0,210.0,0,0.0,0.0
2015-12-21,210.0,210.0,210.0,210.0,0,0.0,0.0
2015-12-22,210.0,210.0,210.0,210.0,0,0.0,0.0
2015-12-23,210.0,210.0,210.0,210.0,0,0.0,0.0
2015-12-28,210.0,210.0,210.0,210.0,0,0.0,0.0
2015-12-29,210.0,210.0,210.0,210.0,0,0.0,0.0
2015-12-30,210.0,210.0,210.0,210.0,0,0.0,0.0
2016-01-04,210.0,210.0,210.0,210.0,0,0.0,0.0
2016-01-05,210.0,210.0,210.0,210.0,0,0.0,0.0
2016-01-06,210.0,210.0,210.0,210.0,0,0.0,0.0
2016-01-07,210.0,210.0,210.0,210.0,0,0.0,0.0
2016-01-08,210.0,210.0,210.0,210.0,0,0.0,0.0
2016-01-11,210.0,210.0,210.0,210.0,0,0.0,0.0
2016-01-12,210.0,210.0,210.0,210.0,0,0.0,0.0
2016-01-13,210.0,210.0,210.0,210.0,0,0.0,0.0
2016-01-14,210.0,210.0,210.0,210.0,0,0.0,0.0
2016-01-15,210.0,210.0,210.0,210.0,0,0.0,0.0
2016-01-18,210.0,210.0,210.0,210.0,0,0.0,0.0
2016-01-19,210.0,210.0,210.0,210.0,0,0.0,0.0
2016-01-20,210.0,210.0,210.0,210.0,0,0.0,0.0
2016-01-21,210.0,210.0,210.0,210.0,0,0.0,0.0
2016-01-22,210.0,210.0,210.0,210.0,0,0.0,0.0
2016-01-25,210.0,210.0,210.0,210.0,0,0.0,0.0
2016-01-26,210.0,210.0,210.0,210.0,0,0.0,0.0
2016-01-27,210.0,210.0,210.0,210.0,0,0.0,0.0
2016-01-28,210.0,210.0,210.0,210.0,0,0.0,0.0
2016-01-29,250.0,250.0,245.0,245.0,800,0.0,0.0
2016-02-01,250.0,300.0,250.0,250.0,1200,0.0,0.0
2016-02-02,250.0,250.0,250.0,250.0,200,0.0,0.0
2016-02-03,250.0,250.0,250.0,250.0,200,0.0,0.0
2016-02-04,250.0,250.0,250.0,250.0,0,0.0,0.0
2016-02-05,250.0,250.0,250.0,250.0,0,0.0,0.0
2016-02-09,250.0,250.0,250.0,250.0,0,0.0,0.0
2016-02-10,250.0,250.0,250.0,250.0,0,0.0,0.0
2016-02-11,250.0,250.0,250.0,250.0,200,0.0,0.0
2016-02-12,250.0,250.0,250.0,250.0,0,0.0,0.0
2016-02-15,250.0,250.0,250.0,250.0,0,0.0,0.0
2016-02-16,250.0,250.0,250.0,250.0,0,0.0,0.0
2016-02-17,250.0,250.0,250.0,250.0,0,0.0,0.0
2016-02-18,250.0,250.0,250.0,250.0,0,0.0,0.0
2016-02-19,250.0,250.0,250.0,250.0,0,0.0,0.0
2016-02-22,250.0,250.0,250.0,250.0,0,0.0,0.0
2016-02-23,250.0,250.0,250.0,250.0,0,0.0,0.0
2016-02-24,250.0,250.0,250.0,250.0,0,0.0,0.0
2016-02-25,250.0,250.0,250.0,250.0,0,0.0,0.0
2016-02-26,250.0,250.0,250.0,250.0,0,0.0,0.0
2016-02-29,250.0,250.0,250.0,250.0,0,0.0,0.0
2016-03-01,250.0,250.0,250.0,250.0,0,0.0,0.0
2016-03-02,250.0,250.0,250.0,250.0,0,0.0,0.0
2016-03-03,250.0,250.0,250.0,250.0,0,0.0,0.0
2016-03-04,250.0,250.0,250.0,250.0,0,0.0,0.0
2016-03-07,250.0,250.0,250.0,250.0,0,0.0,0.0
2016-03-08,250.0,250.0,250.0,250.0,0,0.0,0.0
2016-03-10,250.0,250.0,250.0,250.0,0,0.0,0.0
2016-03-11,250.0,250.0,250.0,250.0,0,0.0,0.0
2016-03-14,250.0,250.0,250.0,250.0,0,0.0,0.0
2016-03-15,250.0,250.0,250.0,250.0,0,0.0,0.0
2016-03-16,225.0,225.0,225.0,225.0,200,0.0,0.0
2016-03-17,225.0,225.0,225.0,225.0,400,0.0,0.0
2016-03-18,225.0,225.0,225.0,225.0,0,0.0,0.0
2016-03-21,225.0,225.0,225.0,225.0,0,0.0,0.0
2016-03-22,225.0,225.0,225.0,225.0,0,0.0,0.0
2016-03-23,225.0,225.0,225.0,225.0,0,0.0,0.0
2016-03-24,225.0,225.0,225.0,225.0,0,0.0,0.0
2016-03-28,235.0,235.0,235.0,235.0,200,0.0,0.0
2016-03-29,235.0,235.0,235.0,235.0,0,0.0,0.0
2016-03-30,235.0,245.0,235.0,235.0,800,0.0,0.0
2016-03-31,235.0,235.0,235.0,235.0,0,0.0,0.0
2016-04-01,235.0,235.0,235.0,235.0,0,0.0,0.0
2016-04-04,235.0,235.0,235.0,235.0,0,0.0,0.0
2016-04-05,235.0,235.0,235.0,235.0,0,0.0,0.0
2016-04-06,235.0,235.0,235.0,235.0,0,0.0,0.0
2016-04-07,234.5,234.5,234.5,234.5,4400,0.0,0.0
2016-04-08,211.5,211.5,211.5,211.5,8000,0.0,0.0
2016-04-11,211.5,211.5,211.5,211.5,0,0.0,0.0
2016-04-12,185.0,190.5,185.0,190.5,11800,0.0,0.0
2016-04-13,190.5,190.5,190.5,190.5,0,0.0,0.0
2016-04-14,190.5,190.5,190.5,190.5,0,0.0,0.0
2016-04-15,190.5,190.5,190.5,190.5,0,0.0,0.0
2016-04-18,190.5,190.5,190.5,190.5,0,0.0,0.0
2016-04-19,190.5,190.5,190.5,190.5,0,0.0,0.0
2016-04-20,157.5,157.5,157.5,157.5,6,0.0,0.0
2016-04-21,190.5,190.5,190.5,190.5,0,0.0,0.0
2016-04-22,157.5,157.5,157.5,157.5,3600,0.0,0.0
2016-04-25,160.0,160.0,160.0,160.0,5000,0.0,0.0
2016-04-26,160.0,160.0,160.0,160.0,0,0.0,0.0
2016-04-27,160.0,160.0,147.5,147.5,8200,0.0,0.0
2016-04-28,147.5,147.5,147.5,147.5,0,0.0,0.0
2016-04-29,147.5,147.5,147.5,147.5,0,0.0,0.0
2016-05-02,147.5,147.5,147.5,147.5,0,0.0,0.0
2016-05-03,147.5,147.5,147.5,147.5,0,0.0,0.0
2016-05-04,147.5,147.5,147.5,147.5,0,0.0,0.0
2016-05-09,150.0,150.0,150.0,150.0,3200,0.0,0.0
2016-05-10,150.0,150.0,150.0,150.0,0,0.0,0.0
2016-05-11,150.0,150.0,150.0,150.0,400,0.0,0.0
2016-05-12,150.0,150.0,150.0,150.0,0,0.0,0.0
2016-05-13,150.0,150.0,150.0,150.0,7200,0.0,0.0
2016-05-16,150.0,150.0,150.0,150.0,0,0.0,0.0
2016-05-17,150.0,150.0,150.0,150.0,0,0.0,0.0
2016-05-18,150.0,150.0,150.0,150.0,4800,0.0,0.0
2016-05-19,150.0,150.0,150.0,150.0,0,0.0,0.0
2016-05-20,150.0,150.0,150.0,150.0,0,0.0,0.0
2016-05-23,150.0,150.0,150.0,150.0,0,0.0,0.0
2016-05-24,150.0,150.0,150.0,150.0,0,0.0,0.0
2016-05-25,150.0,150.0,150.0,150.0,0,0.0,0.0
2016-05-26,150.0,150.0,150.0,150.0,0,0.0,0.0
2016-05-27,150.0,150.0,150.0,150.0,0,0.0,0.0
2016-05-30,150.0,150.0,150.0,150.0,0,0.0,0.0
2016-05-31,150.0,150.0,150.0,150.0,0,0.0,0.0
2016-06-01,150.0,150.0,150.0,150.0,0,0.0,0.0
2016-06-02,150.0,150.0,150.0,150.0,0,0.0,0.0
2016-06-03,150.0,150.0,150.0,150.0,0,0.0,0.0
2016-06-06,150.0,150.0,150.0,150.0,0,0.0,0.0
2016-06-07,150.0,150.0,150.0,150.0,0,0.0,0.0
2016-06-08,150.0,150.0,150.0,150.0,0,0.0,0.0
2016-06-09,150.0,150.0,150.0,150.0,0,0.0,0.0
2016-06-10,150.0,150.0,150.0,150.0,0,0.0,0.0
2016-06-13,150.0,150.0,150.0,150.0,0,0.0,0.0
2016-06-14,151.0,151.0,151.0,151.0,800,0.0,0.0
2016-06-15,151.0,151.0,151.0,151.0,0,0.0,0.0
2016-06-16,151.0,151.0,151.0,151.0,0,0.0,0.0
2016-06-17,151.0,151.0,151.0,151.0,0,0.0,0.0
2016-06-20,151.0,151.0,151.0,151.0,0,0.0,0.0
2016-06-21,151.0,151.0,151.0,151.0,0,0.0,0.0
2016-06-22,151.0,151.0,151.0,151.0,0,0.0,0.0
2016-06-23,151.0,151.0,151.0,151.0,0,0.0,0.0
2016-06-24,151.0,151.0,151.0,151.0,0,0.0,0.0
2016-06-27,151.0,151.0,151.0,151.0,0,0.0,0.0
2016-06-28,151.0,151.0,151.0,151.0,0,0.0,0.0
2016-06-29,151.0,151.0,151.0,151.0,0,0.0,0.0
2016-06-30,151.0,151.0,151.0,151.0,0,0.0,0.0
2016-07-01,151.0,151.0,151.0,151.0,0,0.0,0.0
2016-07-11,151.0,151.0,151.0,151.0,0,0.0,0.0
2016-07-12,151.0,151.0,151.0,151.0,0,0.0,0.0
2016-07-13,151.0,151.0,151.0,151.0,0,0.0,0.0
2016-07-14,151.0,151.0,151.0,151.0,0,0.0,0.0
2016-07-15,151.0,151.0,151.0,151.0,0,0.0,0.0
2016-07-18,152.0,152.0,152.0,152.0,1000,0.0,0.0
2016-07-19,152.0,152.0,152.0,152.0,0,0.0,0.0
2016-07-20,152.0,152.0,152.0,152.0,0,0.0,0.0
2016-07-21,152.0,152.0,152.0,152.0,0,0.0,0.0
2016-07-22,152.0,152.0,152.0,152.0,0,0.0,0.0
2016-07-25,152.0,152.0,152.0,152.0,0,0.0,0.0
2016-07-26,152.0,152.0,152.0,152.0,0,0.0,0.0
2016-07-27,152.0,152.0,152.0,152.0,0,0.0,0.0
2016-07-28,152.0,152.0,152.0,152.0,0,0.0,0.0
2016-07-29,152.0,152.0,152.0,152.0,0,0.0,0.0
2016-08-01,152.0,152.0,152.0,152.0,0,0.0,0.0
2016-08-02,152.0,152.0,152.0,152.0,0,0.0,2.0
2016-08-03,152.0,152.0,152.0,152.0,0,0.0,0.0
2016-08-04,152.0,152.0,152.0,152.0,24800,0.0,0.0
2016-08-05,180.0,180.0,180.0,180.0,4100,0.0,0.0
2016-08-08,180.0,180.0,180.0,180.0,0,0.0,0.0
2016-08-09,180.0,180.0,180.0,180.0,0,0.0,0.0
2016-08-10,170.0,175.0,170.0,175.0,1100,0.0,0.0
2016-08-11,175.0,175.0,175.0,175.0,0,0.0,0.0
2016-08-12,175.0,175.0,175.0,175.0,0,0.0,0.0
2016-08-15,230.0,230.0,200.0,220.0,2600,0.0,0.0
2016-08-16,220.0,220.0,220.0,220.0,0,0.0,0.0
2016-08-18,240.0,240.0,236.0,236.0,400,0.0,0.0
2016-08-19,236.0,250.0,236.0,248.0,400,0.0,0.0
2016-08-22,300.0,300.0,248.0,248.0,5600,0.0,0.0
2016-08-23,248.0,248.0,248.0,248.0,0,0.0,0.0
2016-08-24,248.0,248.0,248.0,248.0,0,0.0,0.0
2016-08-25,248.0,248.0,248.0,248.0,0,0.0,0.0
2016-08-26,248.0,248.0,248.0,248.0,0,0.0,0.0
2016-08-29,238.0,238.0,224.0,224.0,42500,0.0,0.0
2016-08-30,202.0,240.0,202.0,240.0,11900,0.0,0.0
2016-08-31,288.0,288.0,240.0,240.0,400,0.0,0.0
2016-09-01,240.0,300.0,216.0,216.0,20900,0.0,0.0
2016-09-02,268.0,268.0,260.0,260.0,800,0.0,0.0
2016-09-05,260.0,298.0,234.0,234.0,1000,0.0,0.0
2016-09-06,212.0,212.0,212.0,212.0,2800,0.0,0.0
2016-09-07,230.0,260.0,220.0,220.0,1600,0.0,0.0
2016-09-08,230.0,230.0,230.0,230.0,100,0.0,0.0
2016-09-09,250.0,250.0,250.0,250.0,100,0.0,0.0
2016-09-13,250.0,250.0,250.0,250.0,100,0.0,0.0
2016-09-14,290.0,290.0,250.0,250.0,300,0.0,0.0
2016-09-15,250.0,250.0,250.0,250.0,0,0.0,0.0
2016-09-16,250.0,288.0,250.0,288.0,500,0.0,0.0
2016-09-19,290.0,290.0,260.0,260.0,600,0.0,0.0
2016-09-20,260.0,260.0,260.0,260.0,0,0.0,0.0
2016-09-21,310.0,310.0,234.0,234.0,2800,0.0,0.0
2016-09-22,234.0,234.0,212.0,212.0,1800,0.0,0.0
2016-09-23,192.0,200.0,192.0,192.0,76800,0.0,0.0
2016-09-26,192.0,192.0,192.0,192.0,0,0.0,0.0
2016-09-27,192.0,192.0,190.0,192.0,2400,0.0,0.0
2016-09-28,192.0,192.0,192.0,192.0,200,0.0,0.0
2016-09-29,228.0,228.0,228.0,228.0,100,0.0,0.0
2016-09-30,228.0,268.0,228.0,268.0,200,0.0,0.0
2016-10-03,268.0,268.0,268.0,268.0,0,0.0,0.0
2016-10-04,268.0,268.0,268.0,268.0,0,0.0,0.0
2016-10-05,268.0,268.0,268.0,268.0,0,0.0,0.0
2016-10-06,268.0,268.0,268.0,268.0,0,0.0,0.0
2016-10-07,268.0,268.0,268.0,268.0,0,0.0,0.0
2016-10-10,268.0,268.0,268.0,268.0,0,0.0,0.0
2016-10-11,268.0,268.0,268.0,268.0,0,0.0,0.0
2016-10-12,268.0,268.0,268.0,268.0,0,0.0,0.0
2016-10-13,268.0,268.0,268.0,268.0,0,0.0,0.0
2016-10-14,268.0,268.0,268.0,268.0,0,0.0,0.0
2016-10-17,268.0,268.0,268.0,268.0,0,0.0,0.0
2016-10-18,268.0,268.0,268.0,268.0,0,0.0,0.0
2016-10-19,268.0,268.0,268.0,268.0,0,0.0,0.0
2016-10-20,268.0,268.0,268.0,268.0,0,0.0,0.0
2016-10-21,268.0,268.0,268.0,268.0,0,0.0,0.0
2016-10-24,268.0,268.0,268.0,268.0,0,0.0,0.0
2016-10-25,268.0,268.0,268.0,268.0,0,0.0,0.0
2016-10-26,260.0,260.0,260.0,260.0,100,0.0,0.0
2016-10-27,260.0,260.0,260.0,260.0,500,0.0,0.0
2016-10-28,260.0,260.0,260.0,260.0,0,0.0,0.0
2016-10-31,260.0,260.0,260.0,260.0,0,0.0,0.0
2016-11-01,260.0,260.0,234.0,234.0,500,0.0,0.0
2016-11-02,250.0,250.0,250.0,250.0,100,0.0,0.0
2016-11-03,226.0,226.0,226.0,226.0,5600,0.0,0.0
2016-11-04,226.0,226.0,226.0,226.0,0,0.0,0.0
2016-11-07,226.0,226.0,226.0,226.0,0,0.0,0.0
2016-11-08,226.0,226.0,226.0,226.0,0,0.0,0.0
2016-11-09,220.0,220.0,208.0,208.0,17000,0.0,0.0
2016-11-10,208.0,208.0,208.0,208.0,0,0.0,0.0
2016-11-11,208.0,208.0,208.0,208.0,0,0.0,0.0
2016-11-14,208.0,208.0,208.0,208.0,0,0.0,0.0
2016-11-15,208.0,208.0,208.0,208.0,0,0.0,0.0
2016-11-16,208.0,208.0,195.0,195.0,21200,0.0,0.0
2016-11-17,195.0,195.0,195.0,195.0,0,0.0,0.0
2016-11-18,195.0,195.0,195.0,195.0,0,0.0,0.0
2016-11-21,185.0,186.0,185.0,186.0,3,0.0,0.0
2016-11-22,186.0,187.0,186.0,186.0,6600,0.0,0.0
2016-11-23,169.0,248.0,168.0,169.0,11700,0.0,0.0
2016-11-24,154.0,226.0,154.0,220.0,1700,0.0,0.0
2016-11-25,220.0,220.0,220.0,220.0,0,0.0,0.0
2016-11-28,220.0,220.0,198.0,198.0,600,0.0,0.0
2016-11-29,196.0,196.0,194.0,194.0,6300,0.0,0.0
2016-11-30,196.0,196.0,196.0,196.0,100,0.0,0.0
2016-12-01,196.0,196.0,196.0,196.0,0,0.0,0.0
2016-12-02,196.0,196.0,196.0,196.0,100,0.0,0.0
2016-12-05,196.0,264.0,180.0,190.0,144200,0.0,0.0
2016-12-06,190.0,190.0,180.0,180.0,20000,0.0,0.0
2016-12-07,170.0,172.0,170.0,172.0,3100,0.0,0.0
2016-12-08,162.0,172.0,162.0,172.0,29000,0.0,0.0
2016-12-09,172.0,200.0,162.0,162.0,86400,0.0,0.0
2016-12-13,162.0,216.0,162.0,185.0,43600,0.0,0.0
2016-12-14,195.0,195.0,186.0,190.0,2500,0.0,0.0
2016-12-15,198.0,198.0,171.0,180.0,16100,0.0,0.0
2016-12-16,180.0,197.0,180.0,197.0,100,0.0,0.0
2016-12-19,178.0,178.0,178.0,178.0,25300,0.0,0.0
2016-12-20,178.0,178.0,175.0,175.0,30000,0.0,0.0
2016-12-21,175.0,175.0,159.0,170.0,600,0.0,0.0
2016-12-22,153.0,153.0,153.0,153.0,100,0.0,0.0
2016-12-23,153.0,155.0,153.0,155.0,400,0.0,0.0
2016-12-27,160.0,160.0,140.0,140.0,14200,0.0,0.0
2016-12-28,188.0,188.0,188.0,188.0,100,0.0,0.0
2016-12-29,197.0,197.0,170.0,170.0,6300,0.0,0.0
2016-12-30,194.0,194.0,153.0,180.0,4900,0.0,0.0
2017-01-02,180.0,180.0,180.0,180.0,0,0.0,0.0
2017-01-03,194.0,194.0,180.0,180.0,2100,0.0,0.0
2017-01-04,180.0,200.0,180.0,190.0,600,0.0,0.0
2017-01-05,190.0,190.0,190.0,190.0,0,0.0,0.0
2017-01-06,125.0,170.0,125.0,155.0,13500,0.0,0.0
2017-01-09,155.0,189.0,125.0,170.0,1300,0.0,0.0
2017-01-10,170.0,179.0,130.0,165.0,3000,0.0,0.0
2017-01-11,165.0,185.0,140.0,140.0,5700,0.0,0.0
2017-01-12,140.0,170.0,140.0,170.0,3000,0.0,0.0
2017-01-13,170.0,180.0,170.0,170.0,8700,0.0,0.0
2017-01-16,170.0,170.0,170.0,170.0,0,0.0,0.0
2017-01-17,170.0,179.0,170.0,179.0,100,0.0,0.0
2017-01-18,179.0,179.0,170.0,175.0,3200,0.0,0.0
2017-01-19,171.0,171.0,168.0,168.0,400,0.0,0.0
2017-01-20,168.0,168.0,168.0,168.0,0,0.0,0.0
2017-01-23,168.0,168.0,160.0,165.0,3900,0.0,0.0
2017-01-24,165.0,165.0,165.0,165.0,2000,0.0,0.0
2017-01-25,150.0,150.0,150.0,150.0,300,0.0,0.0
2017-01-26,150.0,150.0,150.0,150.0,0,0.0,0.0
2017-01-27,150.0,150.0,150.0,150.0,0,0.0,0.0
2017-01-30,150.0,150.0,150.0,150.0,5000,0.0,0.0
2017-01-31,150.0,150.0,150.0,150.0,200,0.0,0.0
2017-02-01,150.0,150.0,150.0,150.0,0,0.0,0.0
2017-02-02,150.0,150.0,150.0,150.0,0,0.0,0.0
2017-02-03,150.0,150.0,141.0,150.0,4000,0.0,0.0
2017-02-06,150.0,150.0,150.0,150.0,0,0.0,0.0
2017-02-07,151.0,151.0,151.0,151.0,1100,0.0,0.0
2017-02-08,151.0,151.0,151.0,151.0,0,0.0,0.0
2017-02-09,151.0,151.0,151.0,151.0,0,0.0,0.0
2017-02-10,151.0,199.0,150.0,150.0,29200,0.0,0.0
2017-02-13,150.0,150.0,150.0,150.0,0,0.0,0.0
2017-02-14,150.0,150.0,150.0,150.0,0,0.0,0.0
2017-02-15,150.0,150.0,150.0,150.0,0,0.0,0.0
2017-02-16,150.0,150.0,150.0,150.0,5000,0.0,0.0
2017-02-17,150.0,197.0,150.0,150.0,15200,0.0,0.0
2017-02-20,196.0,196.0,170.0,170.0,20100,0.0,0.0
2017-02-21,170.0,170.0,170.0,170.0,0,0.0,0.0
2017-02-22,170.0,170.0,170.0,170.0,0,0.0,0.0
2017-02-23,170.0,175.0,170.0,175.0,200,0.0,0.0
2017-02-24,185.0,185.0,164.0,164.0,10300,0.0,0.0
2017-02-27,164.0,164.0,164.0,164.0,14300,0.0,0.0
2017-02-28,164.0,164.0,164.0,164.0,0,0.0,0.0
2017-03-01,160.0,160.0,160.0,160.0,5000,0.0,0.0
2017-03-02,104.0,104.0,104.0,104.0,100,0.0,0.0
2017-03-03,104.0,104.0,104.0,104.0,0,0.0,0.0
2017-03-06,110.0,140.0,108.0,140.0,22800,0.0,0.0
2017-03-07,112.0,113.0,112.0,113.0,600,0.0,0.0
2017-03-08,113.0,121.0,113.0,120.0,15100,0.0,0.0
2017-03-09,120.0,120.0,120.0,120.0,4800,0.0,0.0
2017-03-10,120.0,155.0,120.0,152.0,6700,0.0,0.0
2017-03-13,152.0,152.0,152.0,152.0,0,0.0,0.0
2017-03-14,152.0,152.0,126.0,129.0,5200,0.0,0.0
2017-03-15,129.0,129.0,129.0,129.0,0,0.0,0.0
2017-03-16,129.0,129.0,129.0,129.0,1200,0.0,0.0
2017-03-17,129.0,154.0,126.0,131.0,1300,0.0,0.0
2017-03-20,131.0,157.0,131.0,131.0,1800,0.0,0.0
2017-03-21,141.0,158.0,127.0,127.0,1400,0.0,0.0
2017-03-22,127.0,146.0,127.0,146.0,200,0.0,0.0
2017-03-23,146.0,146.0,146.0,146.0,0,0.0,0.0
2017-03-24,156.0,166.0,126.0,138.0,3600,0.0,0.0
2017-03-27,146.0,146.0,146.0,146.0,100,0.0,0.0
2017-03-29,139.0,139.0,139.0,139.0,100,0.0,0.0
2017-03-30,175.0,179.0,139.0,175.0,7100,0.0,0.0
2017-03-31,175.0,175.0,175.0,175.0,800,0.0,0.0
2017-04-03,175.0,175.0,175.0,175.0,0,0.0,0.0
2017-04-04,175.0,175.0,175.0,175.0,0,0.0,0.0
2017-04-06,136.0,149.0,136.0,149.0,300,0.0,0.0
2017-04-07,149.0,149.0,149.0,149.0,0,0.0,0.0
2017-04-10,149.0,149.0,149.0,149.0,0,0.0,0.0
2017-04-11,149.0,198.0,149.0,179.0,1600,0.0,0.0
2017-04-12,170.0,170.0,149.0,149.0,151900,0.0,0.0
2017-04-13,126.0,141.0,126.0,141.0,6400,0.0,0.0
2017-04-17,141.0,141.0,141.0,141.0,600,0.0,0.0
2017-04-18,141.0,141.0,141.0,141.0,0,0.0,0.0
2017-04-19,141.0,141.0,141.0,141.0,0,0.0,0.0
2017-04-20,141.0,141.0,141.0,141.0,0,0.0,0.0
2017-04-21,140.0,140.0,138.0,138.0,7700,0.0,0.0
2017-04-25,138.0,140.0,90.0,130.0,900,0.0,0.0
2017-04-26,130.0,130.0,130.0,130.0,0,0.0,0.0
2017-04-27,130.0,130.0,130.0,130.0,0,0.0,0.0
2017-04-28,130.0,130.0,130.0,130.0,0,0.0,0.0
2017-05-02,130.0,130.0,130.0,130.0,0,0.0,0.0
2017-05-03,130.0,130.0,130.0,130.0,10100,0.0,0.0
2017-05-04,130.0,130.0,130.0,130.0,100,0.0,0.0
2017-05-05,131.0,131.0,120.0,120.0,5700,0.0,0.0
2017-05-08,120.0,140.0,120.0,140.0,39500,0.0,0.0
2017-05-09,140.0,140.0,140.0,140.0,400,0.0,0.0
2017-05-10,140.0,140.0,140.0,140.0,0,0.0,0.0
2017-05-12,139.0,139.0,139.0,139.0,200,0.0,0.0
2017-05-15,139.0,150.0,120.0,150.0,2300,0.0,0.0
2017-05-16,143.0,143.0,143.0,143.0,100,0.0,0.0
2017-05-17,140.0,140.0,140.0,140.0,52700,0.0,0.0
2017-05-18,140.0,140.0,139.0,139.0,30300,0.0,0.0
2017-05-19,139.0,139.0,138.0,138.0,700,0.0,0.0
2017-05-22,138.0,145.0,138.0,145.0,37600,0.0,0.0
2017-05-23,138.0,138.0,95.0,138.0,1500,0.0,0.0
2017-05-24,138.0,144.0,137.0,144.0,7600,0.0,0.0
2017-05-26,144.0,144.0,144.0,144.0,0,0.0,0.0
2017-05-29,122.0,132.0,122.0,132.0,2900,0.0,0.0
2017-05-30,123.0,123.0,123.0,123.0,200,0.0,0.0
2017-05-31,123.0,141.0,123.0,140.0,700,0.0,0.0
2017-06-01,140.0,140.0,140.0,140.0,0,0.0,0.0
2017-06-02,136.0,136.0,136.0,136.0,600,0.0,0.0
2017-06-05,136.0,136.0,136.0,136.0,200,0.0,0.0
2017-06-06,131.0,131.0,131.0,131.0,100,0.0,0.0
2017-06-07,131.0,131.0,131.0,131.0,0,0.0,0.0
2017-06-08,131.0,131.0,87.0,120.0,400,0.0,0.0
2017-06-09,120.0,120.0,120.0,120.0,0,0.0,0.0
2017-06-12,130.0,130.0,130.0,130.0,100,0.0,0.0
2017-06-13,130.0,130.0,130.0,130.0,0,0.0,0.0
2017-06-14,125.0,130.0,104.0,130.0,1000,0.0,0.0
2017-06-15,137.0,140.0,137.0,138.0,3000,0.0,0.0
2017-06-16,149.0,149.0,144.0,144.0,3200,0.0,0.0
2017-06-19,144.0,146.0,142.0,144.0,103600,0.0,0.0
2017-06-20,144.0,144.0,144.0,144.0,0,0.0,0.0
2017-06-21,146.0,190.0,141.0,141.0,5500,0.0,0.0
2017-06-22,137.0,137.0,137.0,137.0,1700,0.0,0.0
2017-06-23,137.0,137.0,137.0,137.0,0,0.0,0.0
2017-06-26,137.0,137.0,137.0,137.0,0,0.0,0.0
2017-06-27,137.0,137.0,137.0,137.0,0,0.0,0.0
2017-06-28,137.0,137.0,137.0,137.0,0,0.0,0.0
2017-06-29,137.0,137.0,137.0,137.0,0,0.0,0.0
2017-06-30,137.0,137.0,137.0,137.0,0,0.0,0.0
2017-07-03,137.0,137.0,137.0,137.0,0,0.0,0.0
2017-07-04,150.0,150.0,150.0,150.0,100,0.0,0.0
2017-07-05,150.0,150.0,150.0,150.0,0,0.0,0.0
2017-07-06,150.0,150.0,150.0,150.0,0,0.0,0.0
2017-07-07,149.0,150.0,149.0,150.0,2200,0.0,0.0
2017-07-10,150.0,150.0,150.0,150.0,0,0.0,0.0
2017-07-11,150.0,150.0,150.0,150.0,0,0.0,0.0
2017-07-12,150.0,150.0,150.0,150.0,0,0.0,0.0
2017-07-13,160.0,160.0,160.0,160.0,2300,0.0,0.0
2017-07-14,160.0,160.0,155.0,155.0,10000,0.0,0.0
2017-07-17,170.0,170.0,169.0,169.0,500,0.0,0.0
2017-07-18,162.0,162.0,153.0,153.0,2400,0.0,0.0
2017-07-19,147.0,160.0,144.0,160.0,500,0.0,0.0
2017-07-20,160.0,160.0,160.0,160.0,0,0.0,0.0
2017-07-21,160.0,160.0,160.0,160.0,0,0.0,0.0
2017-07-24,159.0,160.0,159.0,160.0,400,0.0,0.0
2017-07-25,160.0,160.0,160.0,160.0,600,0.0,0.0
2017-07-26,159.0,160.0,148.0,153.0,3300,0.0,0.0
2017-07-27,153.0,153.0,153.0,153.0,14600,0.0,0.0
2017-07-28,159.0,163.0,159.0,159.0,400,0.0,0.0
2017-07-31,159.0,160.0,150.0,157.0,600,0.0,0.0
2017-08-01,150.0,158.0,150.0,158.0,300,0.0,0.0
2017-08-02,155.0,155.0,148.0,155.0,900,0.0,0.0
2017-08-03,157.0,160.0,150.0,150.0,900,0.0,0.0
2017-08-04,150.0,150.0,150.0,150.0,0,0.0,0.0
2017-08-07,165.0,165.0,138.0,155.0,1400,0.0,0.0
2017-08-08,158.0,158.0,149.0,149.0,300,0.0,0.0
2017-08-09,150.0,175.0,150.0,152.0,3600,0.0,0.0
2017-08-10,152.0,152.0,152.0,152.0,500,0.0,0.0
2017-08-11,152.0,152.0,152.0,152.0,200,0.0,0.0
2017-08-14,192.0,192.0,172.0,172.0,48500,0.0,0.0
2017-08-15,169.0,169.0,165.0,165.0,15800,0.0,0.0
2017-08-16,165.0,169.0,165.0,165.0,36300,0.0,0.0
2017-08-17,165.0,165.0,165.0,165.0,0,0.0,0.0
2017-08-18,160.0,160.0,160.0,160.0,100,0.0,0.0
2017-08-21,160.0,160.0,160.0,160.0,100,0.0,0.0
2017-08-22,160.0,160.0,160.0,160.0,10600,0.0,0.0
2017-08-23,159.0,159.0,159.0,159.0,100,0.0,0.0
2017-08-24,161.0,161.0,151.0,160.0,25100,0.0,0.0
2017-08-25,151.0,158.0,151.0,158.0,200,0.0,0.0
2017-08-28,152.0,152.0,140.0,143.0,55200,0.0,0.0
2017-08-29,143.0,151.0,140.0,140.0,8500,0.0,0.0
2017-08-30,146.0,150.0,140.0,140.0,2800,0.0,0.0
2017-08-31,143.0,143.0,130.0,143.0,11700,0.0,0.0
2017-09-01,143.0,143.0,143.0,143.0,0,0.0,0.0
2017-09-04,142.0,157.0,140.0,140.0,4800,0.0,0.0
2017-09-05,140.0,140.0,139.0,139.0,6500,0.0,0.0
2017-09-06,139.0,139.0,139.0,139.0,0,0.0,0.0
2017-09-07,139.0,139.0,139.0,139.0,100,0.0,0.0
2017-09-08,139.0,139.0,139.0,139.0,0,0.0,0.0
2017-09-11,139.0,139.0,139.0,139.0,0,0.0,0.0
2017-09-12,145.0,148.0,139.0,139.0,4900,0.0,0.0
2017-09-13,139.0,139.0,139.0,139.0,20000,0.0,0.0
2017-09-14,139.0,139.0,139.0,139.0,0,0.0,0.0
2017-09-15,139.0,139.0,139.0,139.0,0,0.0,0.0
2017-09-18,139.0,139.0,139.0,139.0,0,0.0,0.0
2017-09-19,139.0,179.0,139.0,151.0,8000,0.0,0.0
2017-09-20,170.0,170.0,135.0,149.0,6200,0.0,0.0
2017-09-21,149.0,149.0,149.0,149.0,0,0.0,0.0
2017-09-22,149.0,149.0,149.0,149.0,15000,0.0,0.0
2017-09-25,149.0,149.0,140.0,140.0,18500,0.0,0.0
2017-09-26,140.0,140.0,140.0,140.0,100,0.0,0.0
2017-09-27,139.0,139.0,130.0,130.0,1200,0.0,0.0
2017-09-28,130.0,130.0,130.0,130.0,5900,0.0,0.0
2017-09-29,137.0,137.0,137.0,137.0,400,0.0,0.0
2017-10-02,137.0,137.0,134.0,134.0,400,0.0,0.0
2017-10-03,135.0,135.0,135.0,135.0,300,0.0,0.0
2017-10-04,135.0,178.0,135.0,136.0,4800,0.0,0.0
2017-10-05,136.0,136.0,136.0,136.0,0,0.0,0.0
2017-10-06,136.0,136.0,135.0,135.0,300,0.0,0.0
2017-10-09,135.0,135.0,135.0,135.0,300,0.0,0.0
2017-10-10,129.0,140.0,129.0,134.0,2000,0.0,0.0
2017-10-11,134.0,134.0,128.0,128.0,1300,0.0,0.0
2017-10-12,128.0,128.0,128.0,128.0,0,0.0,0.0
2017-10-13,162.0,162.0,87.0,130.0,13800,0.0,0.0
2017-10-16,105.0,156.0,105.0,138.0,3100,0.0,0.0
2017-10-17,136.0,136.0,136.0,136.0,900,0.0,0.0
2017-10-18,136.0,172.0,133.0,134.0,40200,0.0,0.0
2017-10-19,137.0,138.0,137.0,137.0,1500,0.0,0.0
2017-10-20,146.0,146.0,137.0,144.0,300,0.0,0.0
2017-10-23,144.0,144.0,144.0,144.0,0,0.0,0.0
2017-10-24,144.0,161.0,133.0,133.0,8500,0.0,0.0
2017-10-25,130.0,170.0,130.0,160.0,10500,0.0,0.0
2017-10-26,159.0,159.0,159.0,159.0,500,0.0,0.0
2017-10-27,155.0,169.0,136.0,136.0,60200,0.0,0.0
2017-10-30,140.0,140.0,101.0,121.0,176400,0.0,0.0
2017-10-31,122.0,140.0,122.0,127.0,25100,0.0,0.0
2017-11-01,127.0,127.0,125.0,125.0,2800,0.0,0.0
2017-11-02,123.0,124.0,123.0,124.0,1800,0.0,0.0
2017-11-03,124.0,131.0,124.0,129.0,50800,0.0,0.0
2017-11-06,143.0,170.0,134.0,135.0,93700,0.0,0.0
2017-11-07,134.0,136.0,132.0,134.0,16300,0.0,0.0
2017-11-08,135.0,137.0,128.0,128.0,35600,0.0,0.0
2017-11-09,128.0,135.0,128.0,135.0,500,0.0,0.0
2017-11-10,149.0,149.0,143.0,143.0,600,0.0,0.0
2017-11-13,143.0,153.0,143.0,143.0,600,0.0,0.0
2017-11-14,143.0,143.0,143.0,143.0,0,0.0,0.0
2017-11-15,143.0,143.0,143.0,143.0,200,0.0,0.0
2017-11-16,135.0,152.0,135.0,152.0,8700,0.0,0.0
2017-11-17,145.0,145.0,135.0,137.0,16100,0.0,0.0
2017-11-20,148.0,148.0,148.0,148.0,100,0.0,0.0
2017-11-21,145.0,199.0,145.0,195.0,326900,0.0,0.0
2017-11-22,195.0,228.0,195.0,226.0,280400,0.0,0.0
2017-11-23,228.0,240.0,204.0,222.0,231100,0.0,0.0
2017-11-24,226.0,270.0,226.0,242.0,244400,0.0,0.0
2017-11-27,240.0,246.0,234.0,236.0,85700,0.0,0.0
2017-11-28,236.0,236.0,236.0,236.0,38000,0.0,0.0
2017-11-29,234.0,236.0,234.0,236.0,23300,0.0,0.0
2017-11-30,236.0,240.0,236.0,240.0,31300,0.0,0.0
2017-12-01,240.0,240.0,240.0,240.0,0,0.0,0.0
2017-12-04,240.0,240.0,236.0,240.0,138100,0.0,0.0
2017-12-05,238.0,238.0,238.0,238.0,53400,0.0,0.0
2017-12-06,238.0,238.0,238.0,238.0,5300,0.0,0.0
2017-12-07,238.0,240.0,238.0,240.0,262100,0.0,0.0
2017-12-08,240.0,240.0,238.0,238.0,35000,0.0,0.0
2017-12-11,240.0,244.0,240.0,240.0,29600,0.0,0.0
2017-12-12,238.0,240.0,238.0,238.0,212600,0.0,0.0
2017-12-13,238.0,250.0,238.0,240.0,220500,0.0,0.0
2017-12-14,238.0,240.0,238.0,238.0,1200,0.0,0.0
2017-12-15,238.0,238.0,238.0,238.0,0,0.0,0.0
2017-12-18,238.0,238.0,238.0,238.0,0,0.0,0.0
2017-12-19,238.0,238.0,238.0,238.0,3000,0.0,0.0
2017-12-20,238.0,238.0,238.0,238.0,0,0.0,0.0
2017-12-21,240.0,246.0,238.0,240.0,214500,0.0,0.0
2017-12-22,250.0,250.0,240.0,248.0,2300,0.0,0.0
2017-12-25,248.0,248.0,248.0,248.0,0,0.0,0.0
2017-12-26,248.0,248.0,248.0,248.0,0,0.0,0.0
2017-12-27,240.0,248.0,240.0,248.0,361100,0.0,0.0
2017-12-28,248.0,248.0,248.0,248.0,59500,0.0,0.0
2017-12-29,260.0,260.0,248.0,248.0,800,0.0,0.0
2018-01-01,248.0,248.0,248.0,248.0,0,0.0,0.0
2018-01-02,248.0,248.0,248.0,248.0,0,0.0,0.0
2018-01-03,248.0,248.0,240.0,248.0,300,0.0,0.0
2018-01-04,244.0,244.0,236.0,240.0,2711800,0.0,0.0
2018-01-05,242.0,260.0,242.0,250.0,831700,0.0,0.0
2018-01-08,252.0,252.0,250.0,250.0,104200,0.0,0.0
2018-01-09,250.0,252.0,250.0,250.0,5800,0.0,0.0
2018-01-10,250.0,254.0,250.0,250.0,242900,0.0,0.0
2018-01-11,250.0,250.0,250.0,250.0,20200,0.0,0.0
2018-01-12,254.0,254.0,250.0,250.0,5700,0.0,0.0
2018-01-15,250.0,252.0,250.0,250.0,4900,0.0,0.0
2018-01-16,252.0,252.0,250.0,250.0,202000,0.0,0.0
2018-01-17,250.0,250.0,250.0,250.0,60400,0.0,0.0
2018-01-18,250.0,250.0,250.0,250.0,0,0.0,0.0
2018-01-19,250.0,250.0,250.0,250.0,100,0.0,0.0
2018-01-22,250.0,250.0,250.0,250.0,0,0.0,0.0
2018-01-23,250.0,250.0,250.0,250.0,0,0.0,0.0
2018-01-24,252.0,252.0,252.0,252.0,20000,0.0,0.0
2018-01-25,256.0,260.0,252.0,252.0,11600,0.0,0.0
2018-01-26,252.0,252.0,252.0,252.0,0,0.0,0.0
2018-01-29,250.0,250.0,248.0,248.0,32000,0.0,0.0
2018-01-30,248.0,248.0,248.0,248.0,0,0.0,0.0
2018-01-31,254.0,254.0,254.0,254.0,2600,0.0,0.0
2018-02-01,250.0,250.0,250.0,250.0,21200,0.0,0.0
2018-02-02,250.0,250.0,250.0,250.0,100,0.0,0.0
2018-02-05,250.0,250.0,250.0,250.0,0,0.0,0.0
2018-02-06,250.0,250.0,240.0,250.0,4800,0.0,0.0
2018-02-07,250.0,254.0,250.0,252.0,4600,0.0,0.0
2018-02-08,200.0,312.0,200.0,302.0,5700,0.0,0.0
2018-02-09,302.0,320.0,302.0,312.0,26900,0.0,0.0
2018-02-12,310.0,310.0,310.0,310.0,4600,0.0,0.0
2018-02-13,310.0,330.0,310.0,312.0,29600,0.0,0.0
2018-02-14,330.0,390.0,310.0,340.0,20900,0.0,0.0
2018-02-15,340.0,350.0,256.0,300.0,26000,0.0,0.0
2018-02-16,300.0,300.0,300.0,300.0,0,0.0,0.0
2018-02-19,300.0,370.0,298.0,312.0,86100,0.0,0.0
2018-02-20,328.0,328.0,302.0,318.0,22500,0.0,0.0
2018-02-21,318.0,318.0,318.0,318.0,0,0.0,0.0
2018-02-22,322.0,380.0,312.0,330.0,9200,0.0,0.0
2018-02-23,328.0,350.0,260.0,330.0,9000,0.0,0.0
2018-02-26,350.0,400.0,316.0,368.0,9300,0.0,0.0
2018-02-27,366.0,368.0,360.0,360.0,500,0.0,0.0
2018-02-28,370.0,370.0,370.0,370.0,100,0.0,0.0
2018-03-01,370.0,370.0,370.0,370.0,0,0.0,0.0
2018-03-02,370.0,370.0,370.0,370.0,0,0.0,0.0
2018-03-05,370.0,370.0,358.0,358.0,3100,0.0,0.0
2018-03-06,370.0,370.0,322.0,322.0,6200,0.0,0.0
2018-03-07,322.0,322.0,320.0,320.0,2100,0.0,0.0
2018-03-08,320.0,320.0,320.0,320.0,0,0.0,0.0
2018-03-09,270.0,310.0,270.0,304.0,3300,0.0,0.0
2018-03-12,300.0,304.0,300.0,304.0,500,0.0,0.0
2018-03-13,300.0,304.0,300.0,304.0,1200,0.0,0.0
2018-03-14,304.0,320.0,280.0,320.0,300,0.0,0.0
2018-03-15,304.0,304.0,302.0,302.0,30200,0.0,0.0
2018-03-16,334.0,360.0,300.0,324.0,23400,0.0,0.0
2018-03-19,320.0,322.0,302.0,322.0,4200,0.0,0.0
2018-03-20,358.0,358.0,316.0,332.0,400,0.0,0.0
2018-03-21,332.0,332.0,332.0,332.0,0,0.0,0.0
2018-03-22,332.0,332.0,332.0,332.0,0,0.0,0.0
2018-03-23,352.0,352.0,318.0,318.0,900,0.0,0.0
2018-03-26,260.0,330.0,260.0,270.0,17200,0.0,0.0
2018-03-27,278.0,280.0,278.0,280.0,85700,0.0,0.0
2018-03-28,280.0,296.0,270.0,282.0,1100,0.0,0.0
2018-03-29,278.0,278.0,270.0,270.0,20200,0.0,0.0
2018-03-30,270.0,270.0,270.0,270.0,0,0.0,0.0
2018-04-02,280.0,280.0,280.0,280.0,100,0.0,0.0
2018-04-03,274.0,278.0,270.0,278.0,1000,0.0,0.0
2018-04-04,278.0,278.0,278.0,278.0,1600,0.0,0.0
2018-04-05,278.0,278.0,272.0,278.0,4400,0.0,0.0
2018-04-06,278.0,278.0,278.0,278.0,100,0.0,0.0
2018-04-09,278.0,278.0,268.0,268.0,6300,0.0,0.0
2018-04-10,280.0,280.0,280.0,280.0,100,0.0,0.0
2018-04-11,282.0,282.0,260.0,272.0,3800,0.0,0.0
2018-04-12,272.0,272.0,272.0,272.0,3500,0.0,0.0
2018-04-13,272.0,272.0,272.0,272.0,0,0.0,0.0
2018-04-16,272.0,272.0,272.0,272.0,0,0.0,0.0
2018-04-17,272.0,272.0,272.0,272.0,0,0.0,0.0
2018-04-18,272.0,272.0,272.0,272.0,0,0.0,0.0
2018-04-19,272.0,272.0,272.0,272.0,0,0.0,0.0
2018-04-20,272.0,272.0,272.0,272.0,0,0.0,0.0
2018-04-23,272.0,272.0,272.0,272.0,0,0.0,0.0
2018-04-24,272.0,272.0,272.0,272.0,100,0.0,0.0
2018-04-25,272.0,272.0,272.0,272.0,0,0.0,0.0
2018-04-26,272.0,272.0,272.0,272.0,0,0.0,0.0
2018-04-27,272.0,272.0,272.0,272.0,0,0.0,0.0
2018-04-30,272.0,272.0,272.0,272.0,0,0.0,0.0
2018-05-01,272.0,272.0,272.0,272.0,0,0.0,0.0
2018-05-02,272.0,272.0,272.0,272.0,0,0.0,0.0
2018-05-03,296.0,296.0,280.0,280.0,300,0.0,0.0
2018-05-04,280.0,280.0,280.0,280.0,0,0.0,0.0
2018-05-07,280.0,280.0,280.0,280.0,0,0.0,0.0
2018-05-08,280.0,280.0,280.0,280.0,0,0.0,0.0
2018-05-09,282.0,282.0,282.0,282.0,100,0.0,0.0
2018-05-10,282.0,282.0,282.0,282.0,0,0.0,0.0
2018-05-11,282.0,282.0,282.0,282.0,0,0.0,0.0
2018-05-14,300.0,300.0,268.0,270.0,800,0.0,0.0
2018-05-15,270.0,298.0,260.0,270.0,3800,0.0,0.0
2018-05-16,268.0,270.0,268.0,270.0,84300,0.0,0.0
2018-05-17,268.0,268.0,264.0,268.0,5800,0.0,0.0
2018-05-18,268.0,268.0,268.0,268.0,100,0.0,0.0
2018-05-21,260.0,270.0,254.0,268.0,1600,0.0,0.0
2018-05-22,274.0,274.0,268.0,268.0,600,0.0,0.0
2018-05-23,268.0,268.0,268.0,268.0,0,0.0,0.0
2018-05-24,332.0,332.0,258.0,266.0,700,0.0,0.0
2018-05-25,250.0,266.0,250.0,266.0,1200,0.0,0.0
2018-05-28,264.0,264.0,264.0,264.0,100,0.0,0.0
2018-05-29,264.0,264.0,264.0,264.0,0,0.0,0.0
2018-05-30,262.0,292.0,248.0,274.0,4400,0.0,0.0
2018-05-31,274.0,274.0,274.0,274.0,0,0.0,0.0
2018-06-01,274.0,274.0,274.0,274.0,0,0.0,0.0
2018-06-04,274.0,274.0,274.0,274.0,0,0.0,0.0
2018-06-05,274.0,274.0,270.0,270.0,300,0.0,0.0
2018-06-06,270.0,270.0,270.0,270.0,0,0.0,0.0
2018-06-07,334.0,334.0,250.0,274.0,10700,0.0,0.0
2018-06-08,300.0,300.0,268.0,272.0,3300,0.0,0.0
2018-06-11,272.0,272.0,272.0,272.0,0,0.0,0.0
2018-06-12,272.0,272.0,272.0,272.0,0,0.0,0.0
2018-06-13,272.0,272.0,272.0,272.0,0,0.0,0.0
2018-06-14,272.0,272.0,272.0,272.0,0,0.0,0.0
2018-06-15,272.0,272.0,272.0,272.0,0,0.0,0.0
2018-06-18,272.0,272.0,272.0,272.0,0,0.0,0.0
2018-06-19,272.0,272.0,272.0,272.0,0,0.0,0.0
2018-06-20,272.0,272.0,272.0,272.0,0,0.0,0.0
2018-06-21,272.0,272.0,272.0,272.0,0,0.0,0.0
2018-06-22,270.0,270.0,258.0,258.0,25700,0.0,0.0
2018-06-25,258.0,320.0,258.0,276.0,14800,0.0,0.0
2018-06-26,274.0,276.0,256.0,256.0,6400,0.0,0.0
2018-06-27,240.0,298.0,220.0,290.0,12300,0.0,0.0
2018-06-28,272.0,290.0,252.0,252.0,10600,0.0,0.0
2018-06-29,260.0,260.0,260.0,260.0,200,0.0,0.0
2018-07-02,260.0,260.0,258.0,258.0,300,0.0,0.0
2018-07-03,242.0,242.0,242.0,242.0,3000,0.0,0.0
2018-07-04,256.0,256.0,250.0,250.0,1800,0.0,0.0
2018-07-05,232.0,264.0,232.0,232.0,1900,0.0,0.0
2018-07-06,212.0,214.0,175.0,214.0,1900,0.0,0.0
2018-07-09,214.0,214.0,214.0,214.0,0,0.0,0.0
2018-07-10,260.0,260.0,202.0,240.0,5700,0.0,0.0
2018-07-11,240.0,240.0,240.0,240.0,0,0.0,0.0
2018-07-12,300.0,300.0,260.0,260.0,3200,0.0,0.0
2018-07-13,202.0,202.0,202.0,202.0,17800,0.0,0.0
2018-07-16,222.0,252.0,222.0,246.0,9500,0.0,0.0
2018-07-17,246.0,246.0,228.0,228.0,11000,0.0,0.0
2018-07-18,246.0,246.0,234.0,234.0,3300,0.0,0.0
2018-07-19,234.0,234.0,234.0,234.0,0,0.0,0.0
2018-07-20,232.0,240.0,216.0,232.0,10500,0.0,0.0
2018-07-23,210.0,224.0,210.0,224.0,1400,0.0,0.0
2018-07-24,224.0,246.0,216.0,216.0,2100,0.0,0.0
2018-07-25,246.0,246.0,222.0,234.0,300,0.0,0.0
2018-07-26,210.0,230.0,210.0,230.0,1900,0.0,0.0
2018-07-27,228.0,228.0,204.0,204.0,1000,0.0,0.0
2018-07-30,234.0,234.0,208.0,210.0,3500,0.0,0.0
2018-07-31,210.0,212.0,190.0,212.0,700,0.0,0.0
2018-08-01,226.0,228.0,206.0,220.0,1900,0.0,0.0
2018-08-02,230.0,230.0,224.0,224.0,4600,0.0,0.0
2018-08-03,224.0,224.0,224.0,224.0,0,0.0,0.0
2018-08-06,224.0,224.0,224.0,224.0,100,0.0,0.0
2018-08-07,224.0,224.0,224.0,224.0,0,0.0,0.0
2018-08-08,224.0,224.0,224.0,224.0,0,0.0,0.0
2018-08-09,224.0,224.0,222.0,222.0,200,0.0,0.0
2018-08-10,222.0,222.0,222.0,222.0,0,0.0,0.0
2018-08-13,222.0,222.0,222.0,222.0,100,0.0,0.0
2018-08-14,222.0,222.0,222.0,222.0,0,0.0,0.0
2018-08-15,222.0,222.0,222.0,222.0,0,0.0,0.0
2018-08-16,236.0,244.0,236.0,244.0,5000,0.0,0.0
2018-08-17,244.0,244.0,244.0,244.0,0,0.0,0.0
2018-08-20,278.0,278.0,230.0,238.0,800,0.0,0.0
2018-08-21,238.0,238.0,238.0,238.0,0,0.0,0.0
2018-08-22,238.0,238.0,238.0,238.0,0,0.0,0.0
2018-08-23,238.0,238.0,238.0,238.0,0,0.0,0.0
2018-08-24,238.0,238.0,238.0,238.0,0,0.0,0.0
2018-08-27,238.0,238.0,238.0,238.0,0,0.0,0.0
2018-08-28,238.0,238.0,238.0,238.0,0,0.0,0.0
2018-08-29,238.0,238.0,238.0,238.0,0,0.0,0.0
2018-08-30,238.0,238.0,238.0,238.0,0,0.0,0.0
2018-08-31,238.0,238.0,238.0,238.0,0,0.0,0.0
2018-09-03,230.0,230.0,230.0,230.0,400,0.0,0.0
2018-09-04,230.0,230.0,230.0,230.0,0,0.0,0.0
2018-09-05,230.0,230.0,230.0,230.0,0,0.0,0.0
2018-09-06,242.0,242.0,240.0,240.0,200,0.0,0.0
2018-09-07,240.0,240.0,240.0,240.0,0,0.0,0.0
2018-09-10,240.0,240.0,220.0,220.0,700,0.0,0.0
2018-09-11,220.0,220.0,220.0,220.0,0,0.0,0.0
2018-09-12,248.0,260.0,175.0,175.0,1300,0.0,0.0
2018-09-13,175.0,234.0,175.0,230.0,80000,0.0,0.0
2018-09-14,230.0,230.0,180.0,220.0,10700,0.0,0.0
2018-09-17,240.0,240.0,220.0,220.0,2600,0.0,0.0
2018-09-18,220.0,272.0,218.0,218.0,500,0.0,0.0
2018-09-19,218.0,218.0,218.0,218.0,0,0.0,0.0
2018-09-20,238.0,238.0,230.0,230.0,300,0.0,0.0
2018-09-21,200.0,220.0,200.0,200.0,11500,0.0,0.0
2018-09-24,200.0,200.0,146.0,176.0,54000,0.0,0.0
2018-09-25,178.0,206.0,174.0,176.0,14700,0.0,0.0
2018-09-26,170.0,222.0,170.0,200.0,15200,0.0,0.0
2018-09-27,200.0,200.0,170.0,170.0,3400,0.0,0.0
2018-09-28,200.0,200.0,190.0,190.0,8500,0.0,0.0
2018-10-01,190.0,240.0,190.0,200.0,7400,0.0,0.0
2018-10-02,194.0,208.0,194.0,194.0,900,0.0,0.0
2018-10-03,220.0,252.0,194.0,208.0,27100,0.0,0.0
2018-10-04,210.0,220.0,170.0,182.0,29200,0.0,0.0
2018-10-05,210.0,210.0,166.0,178.0,39300,0.0,0.0
2018-10-08,178.0,187.0,172.0,174.0,1400,0.0,0.0
2018-10-09,187.0,232.0,180.0,180.0,15800,0.0,0.0
2018-10-10,178.0,180.0,178.0,180.0,300,0.0,0.0
2018-10-11,182.0,182.0,178.0,180.0,2700,0.0,0.0
2018-10-12,180.0,197.0,172.0,174.0,600,0.0,0.0
2018-10-15,174.0,234.0,171.0,171.0,53000,0.0,0.0
2018-10-16,171.0,172.0,170.0,171.0,2000,0.0,0.0
2018-10-17,171.0,176.0,161.0,172.0,4900,0.0,0.0
2018-10-18,172.0,172.0,172.0,172.0,100,0.0,0.0
2018-10-19,172.0,172.0,172.0,172.0,0,0.0,0.0
2018-10-22,172.0,172.0,167.0,170.0,1000,0.0,0.0
2018-10-23,172.0,172.0,168.0,168.0,1000,0.0,0.0
2018-10-24,166.0,166.0,156.0,158.0,4200,0.0,0.0
2018-10-25,158.0,162.0,157.0,162.0,4100,0.0,0.0
2018-10-26,162.0,162.0,162.0,162.0,1100,0.0,0.0
2018-10-29,160.0,182.0,160.0,180.0,13800,0.0,0.0
2018-10-30,180.0,180.0,180.0,180.0,0,0.0,0.0
2018-10-31,180.0,180.0,180.0,180.0,0,0.0,0.0
2018-11-01,180.0,180.0,180.0,180.0,0,0.0,0.0
2018-11-02,180.0,180.0,180.0,180.0,0,0.0,0.0
2018-11-05,180.0,180.0,180.0,180.0,0,0.0,0.0
2018-11-06,180.0,180.0,180.0,180.0,0,0.0,0.0
2018-11-07,180.0,180.0,180.0,180.0,0,0.0,0.0
2018-11-08,180.0,180.0,180.0,180.0,0,0.0,0.0
2018-11-09,180.0,180.0,180.0,180.0,0,0.0,0.0
2018-11-12,180.0,180.0,180.0,180.0,0,0.0,0.0
2018-11-13,180.0,180.0,180.0,180.0,0,0.0,0.0
2018-11-14,180.0,180.0,180.0,180.0,0,0.0,0.0
2018-11-15,180.0,180.0,180.0,180.0,0,0.0,0.0
2018-11-16,180.0,180.0,180.0,180.0,0,0.0,0.0
2018-11-19,180.0,180.0,180.0,180.0,0,0.0,0.0
2018-11-20,180.0,180.0,180.0,180.0,0,0.0,0.0
2018-11-21,180.0,180.0,180.0,180.0,0,0.0,0.0
2018-11-22,180.0,180.0,180.0,180.0,0,0.0,0.0
2018-11-23,180.0,180.0,180.0,180.0,0,0.0,0.0
2018-11-26,180.0,180.0,180.0,180.0,0,0.0,0.0
2018-11-27,180.0,180.0,180.0,180.0,0,0.0,0.0
2018-11-28,180.0,180.0,180.0,180.0,0,0.0,0.0
2018-11-29,180.0,180.0,180.0,180.0,0,0.0,0.0
2018-11-30,180.0,180.0,180.0,180.0,0,0.0,0.0
2018-12-03,180.0,180.0,180.0,180.0,0,0.0,0.0
2018-12-04,180.0,180.0,180.0,180.0,0,0.0,0.0
2018-12-05,180.0,180.0,180.0,180.0,0,0.0,0.0
2018-12-06,180.0,180.0,180.0,180.0,0,0.0,0.0
2018-12-07,180.0,180.0,180.0,180.0,0,0.0,0.0
2018-12-10,180.0,180.0,180.0,180.0,0,0.0,0.0
2018-12-11,180.0,180.0,180.0,180.0,0,0.0,0.0
2018-12-12,180.0,180.0,180.0,180.0,0,0.0,0.0
2018-12-13,180.0,180.0,180.0,180.0,0,0.0,0.0
2018-12-14,180.0,180.0,180.0,180.0,0,0.0,0.0
2018-12-17,180.0,180.0,180.0,180.0,0,0.0,0.0
2018-12-18,180.0,180.0,180.0,180.0,0,0.0,0.0
2018-12-19,180.0,180.0,180.0,180.0,0,0.0,0.0
2018-12-20,180.0,180.0,180.0,180.0,0,0.0,0.0
2018-12-21,180.0,180.0,180.0,180.0,0,0.0,0.0
2018-12-24,180.0,180.0,180.0,180.0,0,0.0,0.0
2018-12-25,180.0,180.0,180.0,180.0,0,0.0,0.0
2018-12-26,180.0,180.0,180.0,180.0,0,0.0,0.0
2018-12-27,180.0,180.0,180.0,180.0,0,0.0,0.0
2018-12-28,180.0,180.0,180.0,180.0,0,0.0,0.0
2018-12-31,180.0,180.0,180.0,180.0,0,0.0,0.0
2019-01-01,180.0,180.0,180.0,180.0,0,0.0,0.0
2019-01-02,180.0,180.0,180.0,180.0,0,0.0,0.0
2019-01-03,180.0,180.0,180.0,180.0,0,0.0,0.0
2019-01-04,180.0,180.0,180.0,180.0,0,0.0,0.0
2019-01-07,180.0,180.0,180.0,180.0,0,0.0,0.0
2019-01-08,180.0,180.0,180.0,180.0,0,0.0,0.0
2019-01-09,180.0,180.0,180.0,180.0,0,0.0,0.0
2019-01-10,180.0,180.0,180.0,180.0,0,0.0,0.0
2019-01-11,180.0,180.0,180.0,180.0,0,0.0,0.0
2019-01-14,180.0,180.0,180.0,180.0,0,0.0,0.0
2019-01-15,180.0,180.0,180.0,180.0,0,0.0,0.0
2019-01-16,180.0,180.0,180.0,180.0,0,0.0,0.0
2019-01-17,180.0,180.0,180.0,180.0,0,0.0,0.0
2019-01-18,180.0,180.0,180.0,180.0,0,0.0,0.0
2019-01-21,180.0,180.0,180.0,180.0,0,0.0,0.0
2019-01-22,180.0,180.0,180.0,180.0,0,0.0,0.0
2019-01-23,180.0,180.0,180.0,180.0,0,0.0,0.0
2019-01-24,180.0,180.0,180.0,180.0,0,0.0,0.0
2019-01-25,180.0,180.0,180.0,180.0,0,0.0,0.0
2019-01-28,180.0,180.0,180.0,180.0,0,0.0,0.0
2019-01-29,180.0,180.0,180.0,180.0,0,0.0,0.0
2019-01-30,180.0,180.0,180.0,180.0,0,0.0,0.0
2019-01-31,180.0,180.0,180.0,180.0,0,0.0,0.0
2019-02-01,180.0,180.0,180.0,180.0,0,0.0,0.0
2019-02-04,180.0,180.0,180.0,180.0,0,0.0,0.0
2019-02-05,180.0,180.0,180.0,180.0,0,0.0,0.0
2019-02-06,180.0,180.0,180.0,180.0,0,0.0,0.0
2019-02-07,180.0,180.0,180.0,180.0,0,0.0,0.0
2019-02-08,180.0,180.0,180.0,180.0,0,0.0,0.0
2019-02-11,180.0,180.0,180.0,180.0,0,0.0,0.0
2019-02-12,180.0,180.0,180.0,180.0,0,0.0,0.0
2019-02-13,180.0,180.0,180.0,180.0,0,0.0,0.0
2019-02-14,180.0,180.0,180.0,180.0,0,0.0,0.0
2019-02-15,180.0,180.0,180.0,180.0,0,0.0,0.0
2019-02-18,180.0,180.0,180.0,180.0,0,0.0,0.0
2019-02-19,180.0,180.0,180.0,180.0,0,0.0,0.0
2019-02-20,180.0,180.0,180.0,180.0,0,0.0,0.0
2019-02-21,180.0,180.0,180.0,180.0,0,0.0,0.0
2019-02-22,180.0,180.0,180.0,180.0,0,0.0,0.0
2019-02-25,180.0,180.0,180.0,180.0,0,0.0,0.0
2019-02-26,180.0,180.0,180.0,180.0,0,0.0,0.0
2019-02-27,180.0,180.0,180.0,180.0,0,0.0,0.0
2019-02-28,180.0,180.0,180.0,180.0,0,0.0,0.0
2019-03-01,180.0,180.0,180.0,180.0,0,0.0,0.0
2019-03-04,180.0,180.0,180.0,180.0,0,0.0,0.0
2019-03-05,180.0,180.0,180.0,180.0,0,0.0,0.0
2019-03-06,180.0,180.0,180.0,180.0,0,0.0,0.0
2019-03-07,180.0,180.0,180.0,180.0,0,0.0,0.0
2019-03-08,180.0,180.0,180.0,180.0,0,0.0,0.0
2019-03-11,180.0,180.0,180.0,180.0,0,0.0,0.0
2019-03-12,180.0,180.0,180.0,180.0,0,0.0,0.0
2019-03-13,180.0,180.0,180.0,180.0,0,0.0,0.0
2019-03-14,180.0,180.0,180.0,180.0,0,0.0,0.0
2019-03-15,180.0,180.0,180.0,180.0,0,0.0,0.0
2019-03-18,180.0,180.0,180.0,180.0,0,0.0,0.0
2019-03-19,180.0,180.0,180.0,180.0,0,0.0,0.0
2019-03-20,180.0,180.0,180.0,180.0,0,0.0,0.0
2019-03-21,180.0,180.0,180.0,180.0,0,0.0,0.0
2019-03-22,180.0,180.0,180.0,180.0,0,0.0,0.0
2019-03-25,180.0,180.0,180.0,180.0,0,0.0,0.0
2019-03-26,180.0,180.0,180.0,180.0,0,0.0,0.0
2019-03-27,180.0,180.0,180.0,180.0,0,0.0,0.0
2019-03-28,180.0,180.0,180.0,180.0,0,0.0,0.0
2019-03-29,180.0,180.0,180.0,180.0,0,0.0,0.0
2019-04-01,180.0,180.0,180.0,180.0,0,0.0,0.0
2019-04-02,180.0,180.0,180.0,180.0,0,0.0,0.0
2019-04-03,180.0,180.0,180.0,180.0,0,0.0,0.0
2019-04-04,180.0,180.0,180.0,180.0,0,0.0,0.0
2019-04-05,180.0,180.0,180.0,180.0,0,0.0,0.0
2019-04-08,180.0,180.0,180.0,180.0,0,0.0,0.0
2019-04-09,180.0,180.0,180.0,180.0,0,0.0,0.0
2019-04-10,180.0,180.0,180.0,180.0,0,0.0,0.0
2019-04-11,180.0,180.0,180.0,180.0,0,0.0,0.0
2019-04-12,180.0,180.0,180.0,180.0,0,0.0,0.0
2019-04-15,180.0,180.0,180.0,180.0,0,0.0,0.0
2019-04-16,180.0,180.0,180.0,180.0,0,0.0,0.0
2019-04-17,180.0,180.0,180.0,180.0,0,0.0,0.0
2019-04-18,180.0,180.0,180.0,180.0,0,0.0,0.0
2019-04-19,180.0,180.0,180.0,180.0,0,0.0,0.0
2019-04-22,180.0,180.0,180.0,180.0,0,0.0,0.0
2019-04-23,180.0,180.0,180.0,180.0,0,0.0,0.0
2019-04-24,180.0,180.0,180.0,180.0,0,0.0,0.0
2019-04-25,180.0,180.0,180.0,180.0,0,0.0,0.0
2019-04-26,180.0,180.0,180.0,180.0,0,0.0,0.0
2019-04-29,180.0,180.0,180.0,180.0,0,0.0,0.0
2019-04-30,180.0,180.0,180.0,180.0,0,0.0,0.0
2019-05-01,180.0,180.0,180.0,180.0,0,0.0,0.0
2019-05-02,180.0,180.0,180.0,180.0,0,0.0,0.0
2019-05-03,180.0,180.0,180.0,180.0,0,0.0,0.0
2019-05-06,180.0,180.0,180.0,180.0,0,0.0,0.0
2019-05-07,180.0,180.0,180.0,180.0,0,0.0,0.0
2019-05-08,180.0,180.0,180.0,180.0,0,0.0,0.0
2019-05-09,180.0,180.0,180.0,180.0,0,0.0,0.0
2019-05-10,180.0,180.0,180.0,180.0,0,0.0,0.0
2019-05-13,180.0,180.0,180.0,180.0,0,0.0,0.0
2019-05-14,180.0,180.0,180.0,180.0,0,0.0,0.0
2019-05-15,180.0,180.0,180.0,180.0,0,0.0,0.0
2019-05-16,180.0,180.0,180.0,180.0,0,0.0,0.0
2019-05-17,180.0,180.0,180.0,180.0,0,0.0,0.0
2019-05-20,180.0,180.0,180.0,180.0,0,0.0,0.0
2019-05-21,180.0,180.0,180.0,180.0,0,0.0,0.0
2019-05-22,180.0,180.0,180.0,180.0,0,0.0,0.0
2019-05-23,180.0,180.0,180.0,180.0,0,0.0,0.0
2019-05-24,180.0,180.0,180.0,180.0,0,0.0,0.0
2019-05-27,180.0,180.0,180.0,180.0,0,0.0,0.0
2019-05-28,180.0,180.0,180.0,180.0,0,0.0,0.0
2019-05-29,180.0,180.0,180.0,180.0,0,0.0,0.0
2019-05-30,180.0,180.0,180.0,180.0,0,0.0,0.0
2019-05-31,180.0,180.0,180.0,180.0,0,0.0,0.0
2019-06-03,180.0,180.0,180.0,180.0,0,0.0,0.0
2019-06-04,180.0,180.0,180.0,180.0,0,0.0,0.0
2019-06-05,180.0,180.0,180.0,180.0,0,0.0,0.0
2019-06-06,180.0,180.0,180.0,180.0,0,0.0,0.0
2019-06-07,180.0,180.0,180.0,180.0,0,0.0,0.0
2019-06-10,180.0,180.0,180.0,180.0,0,0.0,0.0
2019-06-11,180.0,180.0,180.0,180.0,0,0.0,0.0
2019-06-12,180.0,180.0,180.0,180.0,0,0.0,0.0
2019-06-13,180.0,180.0,180.0,180.0,0,0.0,0.0
2019-06-14,180.0,180.0,180.0,180.0,0,0.0,0.0
2019-06-17,180.0,180.0,180.0,180.0,0,0.0,0.0
2019-06-18,180.0,180.0,180.0,180.0,0,0.0,0.0
2019-06-19,180.0,180.0,180.0,180.0,0,0.0,0.0
2019-06-20,180.0,180.0,180.0,180.0,0,0.0,0.0
2019-06-21,180.0,180.0,180.0,180.0,0,0.0,0.0
2019-06-24,180.0,180.0,180.0,180.0,0,0.0,0.0
2019-06-25,180.0,180.0,180.0,180.0,0,0.0,0.0
2019-06-26,180.0,180.0,180.0,180.0,0,0.0,0.0
2019-06-27,180.0,180.0,180.0,180.0,0,0.0,0.0
2019-06-28,180.0,180.0,180.0,180.0,0,0.0,0.0
2019-07-01,180.0,180.0,180.0,180.0,0,0.0,0.0
2019-07-02,180.0,180.0,180.0,180.0,0,0.0,0.0
2019-07-03,180.0,180.0,180.0,180.0,0,0.0,0.0
2019-07-04,180.0,180.0,180.0,180.0,0,0.0,0.0
2019-07-05,180.0,180.0,180.0,180.0,0,0.0,0.0
2019-07-08,180.0,180.0,180.0,180.0,0,0.0,0.0
2019-07-09,180.0,180.0,180.0,180.0,0,0.0,0.0
2019-07-10,180.0,180.0,180.0,180.0,0,0.0,0.0
2019-07-11,180.0,180.0,180.0,180.0,0,0.0,0.0
2019-07-12,180.0,180.0,180.0,180.0,0,0.0,0.0
2019-07-15,180.0,180.0,180.0,180.0,0,0.0,0.0
2019-07-16,180.0,180.0,180.0,180.0,0,0.0,0.0
2019-07-17,180.0,180.0,180.0,180.0,0,0.0,0.0
2019-07-18,180.0,180.0,180.0,180.0,0,0.0,0.0
2019-07-19,180.0,180.0,180.0,180.0,0,0.0,0.0
2019-07-22,180.0,180.0,180.0,180.0,0,0.0,0.0
2019-07-23,180.0,180.0,180.0,180.0,0,0.0,0.0
2019-07-24,180.0,180.0,180.0,180.0,0,0.0,0.0
2019-07-25,180.0,180.0,180.0,180.0,0,0.0,0.0
2019-07-26,180.0,180.0,180.0,180.0,0,0.0,0.0
2019-07-29,180.0,180.0,180.0,180.0,0,0.0,0.0
2019-07-30,180.0,180.0,180.0,180.0,0,0.0,0.0
2019-07-31,180.0,180.0,180.0,180.0,0,0.0,0.0
2019-08-01,180.0,180.0,180.0,180.0,0,0.0,0.0
2019-08-02,180.0,180.0,180.0,180.0,0,0.0,0.0
2019-08-05,180.0,180.0,180.0,180.0,0,0.0,0.0
2019-08-06,180.0,180.0,180.0,180.0,0,0.0,0.0
2019-08-07,180.0,180.0,180.0,180.0,0,0.0,0.0
2019-08-08,180.0,180.0,180.0,180.0,0,0.0,0.0
2019-08-09,180.0,180.0,180.0,180.0,0,0.0,0.0
2019-08-12,180.0,180.0,180.0,180.0,0,0.0,0.0
2019-08-13,180.0,180.0,180.0,180.0,0,0.0,0.0
2019-08-14,180.0,180.0,180.0,180.0,0,0.0,0.0
2019-08-15,180.0,180.0,180.0,180.0,0,0.0,0.0
2019-08-16,180.0,180.0,180.0,180.0,0,0.0,0.0
2019-08-19,180.0,180.0,180.0,180.0,0,0.0,0.0
2019-08-20,180.0,180.0,180.0,180.0,0,0.0,0.0
2019-08-21,180.0,180.0,180.0,180.0,0,0.0,0.0
2019-08-22,180.0,180.0,180.0,180.0,0,0.0,0.0
2019-08-23,180.0,180.0,180.0,180.0,0,0.0,0.0
2019-08-26,180.0,180.0,180.0,180.0,0,0.0,0.0
2019-08-27,180.0,180.0,180.0,180.0,0,0.0,0.0
2019-08-28,180.0,180.0,180.0,180.0,0,0.0,0.0
2019-08-29,180.0,180.0,180.0,180.0,0,0.0,0.0
2019-08-30,180.0,180.0,180.0,180.0,0,0.0,0.0
2019-09-02,180.0,180.0,180.0,180.0,0,0.0,0.0
2019-09-03,180.0,180.0,180.0,180.0,0,0.0,0.0
2019-09-04,180.0,180.0,180.0,180.0,0,0.0,0.0
2019-09-05,180.0,180.0,180.0,180.0,0,0.0,0.0
2019-09-06,180.0,180.0,180.0,180.0,0,0.0,0.0
2019-09-09,180.0,180.0,180.0,180.0,0,0.0,0.0
2019-09-10,180.0,180.0,180.0,180.0,0,0.0,0.0
2019-09-11,180.0,180.0,180.0,180.0,0,0.0,0.0
2019-09-12,180.0,180.0,180.0,180.0,0,0.0,0.0
2019-09-13,180.0,180.0,180.0,180.0,0,0.0,0.0
2019-09-16,180.0,180.0,180.0,180.0,0,0.0,0.0
2019-09-17,180.0,180.0,180.0,180.0,0,0.0,0.0
2019-09-18,180.0,180.0,180.0,180.0,0,0.0,0.0
2019-09-19,180.0,180.0,180.0,180.0,0,0.0,0.0
2019-09-20,180.0,180.0,180.0,180.0,0,0.0,0.0
2019-09-23,180.0,180.0,180.0,180.0,0,0.0,0.0
2019-09-24,180.0,180.0,180.0,180.0,0,0.0,0.0
2019-09-25,180.0,180.0,180.0,180.0,0,0.0,0.0
2019-09-26,180.0,180.0,180.0,180.0,0,0.0,0.0
2019-09-27,180.0,180.0,180.0,180.0,0,0.0,0.0
2019-09-30,180.0,180.0,180.0,180.0,0,0.0,0.0
2019-10-01,180.0,180.0,180.0,180.0,0,0.0,0.0
2019-10-02,180.0,180.0,180.0,180.0,0,0.0,0.0
2019-10-03,180.0,180.0,180.0,180.0,0,0.0,0.0
2019-10-04,180.0,180.0,180.0,180.0,0,0.0,0.0
2019-10-07,180.0,180.0,180.0,180.0,0,0.0,0.0
2019-10-08,180.0,180.0,180.0,180.0,0,0.0,0.0
2019-10-09,180.0,180.0,180.0,180.0,0,0.0,0.0
2019-10-10,180.0,180.0,180.0,180.0,0,0.0,0.0
2019-10-11,180.0,180.0,180.0,180.0,0,0.0,0.0
2019-10-14,180.0,180.0,180.0,180.0,0,0.0,0.0
2019-10-15,180.0,180.0,180.0,180.0,0,0.0,0.0
2019-10-16,180.0,180.0,180.0,180.0,0,0.0,0.0
2019-10-17,180.0,180.0,180.0,180.0,0,0.0,0.0
2019-10-18,180.0,180.0,180.0,180.0,0,0.0,0.0
2019-10-21,180.0,180.0,180.0,180.0,0,0.0,0.0
2019-10-22,180.0,180.0,180.0,180.0,0,0.0,0.0
2019-10-23,180.0,180.0,180.0,180.0,0,0.0,0.0
2019-10-24,180.0,180.0,180.0,180.0,0,0.0,0.0
2019-10-25,180.0,180.0,180.0,180.0,0,0.0,0.0
2019-10-28,180.0,180.0,180.0,180.0,0,0.0,0.0
2019-10-29,180.0,180.0,180.0,180.0,0,0.0,0.0
2019-10-30,180.0,180.0,180.0,180.0,0,0.0,0.0
2019-10-31,180.0,180.0,180.0,180.0,0,0.0,0.0
2019-11-01,180.0,180.0,180.0,180.0,0,0.0,0.0
2019-11-04,180.0,180.0,180.0,180.0,0,0.0,0.0
2019-11-05,180.0,180.0,180.0,180.0,0,0.0,0.0
2019-11-06,180.0,180.0,180.0,180.0,0,0.0,0.0
2019-11-07,180.0,180.0,180.0,180.0,0,0.0,0.0
2019-11-08,180.0,180.0,180.0,180.0,0,0.0,0.0
2019-11-11,180.0,180.0,180.0,180.0,0,0.0,0.0
2019-11-12,180.0,180.0,180.0,180.0,0,0.0,0.0
2019-11-13,180.0,180.0,180.0,180.0,0,0.0,0.0
2019-11-14,180.0,180.0,180.0,180.0,0,0.0,0.0
2019-11-15,180.0,180.0,180.0,180.0,0,0.0,0.0
2019-11-18,180.0,180.0,180.0,180.0,0,0.0,0.0
2019-11-19,180.0,180.0,180.0,180.0,0,0.0,0.0
2019-11-20,180.0,180.0,180.0,180.0,0,0.0,0.0
2019-11-21,180.0,180.0,180.0,180.0,0,0.0,0.0
2019-11-22,180.0,180.0,180.0,180.0,0,0.0,0.0
2019-11-25,180.0,180.0,180.0,180.0,0,0.0,0.0
2019-11-26,180.0,180.0,180.0,180.0,0,0.0,0.0
2019-11-27,180.0,180.0,180.0,180.0,0,0.0,0.0
2019-11-28,180.0,180.0,180.0,180.0,0,0.0,0.0
2019-11-29,180.0,180.0,180.0,180.0,0,0.0,0.0
2019-12-02,180.0,180.0,180.0,180.0,0,0.0,0.0
2019-12-03,180.0,180.0,180.0,180.0,0,0.0,0.0
2019-12-04,180.0,180.0,180.0,180.0,0,0.0,0.0
2019-12-05,180.0,180.0,180.0,180.0,0,0.0,0.0
2019-12-06,180.0,180.0,180.0,180.0,0,0.0,0.0
2019-12-09,180.0,180.0,180.0,180.0,0,0.0,0.0
2019-12-10,180.0,180.0,180.0,180.0,0,0.0,0.0
2019-12-11,180.0,180.0,180.0,180.0,0,0.0,0.0
2019-12-12,180.0,180.0,180.0,180.0,0,0.0,0.0
2019-12-13,180.0,180.0,180.0,180.0,0,0.0,0.0
2019-12-16,180.0,180.0,180.0,180.0,0,0.0,0.0
2019-12-17,180.0,180.0,180.0,180.0,0,0.0,0.0
2019-12-18,180.0,180.0,180.0,180.0,0,0.0,0.0
2019-12-19,180.0,180.0,180.0,180.0,0,0.0,0.0
2019-12-20,180.0,180.0,180.0,180.0,0,0.0,0.0
2019-12-23,180.0,180.0,180.0,180.0,0,0.0,0.0
2019-12-26,180.0,180.0,180.0,180.0,0,0.0,0.0
2019-12-27,180.0,180.0,180.0,180.0,0,0.0,0.0
2019-12-30,180.0,180.0,180.0,180.0,0,0.0,0.0
2020-01-02,180.0,180.0,180.0,180.0,0,0.0,0.0
2020-01-03,180.0,180.0,180.0,180.0,0,0.0,0.0
2020-01-06,180.0,180.0,180.0,180.0,0,0.0,0.0
2020-01-07,180.0,180.0,180.0,180.0,0,0.0,0.0
2020-01-08,180.0,180.0,180.0,180.0,0,0.0,0.0
2020-01-09,180.0,180.0,180.0,180.0,0,0.0,0.0
2020-01-10,180.0,180.0,180.0,180.0,0,0.0,0.0
2020-01-13,180.0,180.0,180.0,180.0,0,0.0,0.0
2020-01-14,180.0,180.0,180.0,180.0,0,0.0,0.0
2020-01-15,180.0,180.0,180.0,180.0,0,0.0,0.0
2020-01-16,180.0,180.0,180.0,180.0,0,0.0,0.0
2020-01-17,180.0,180.0,180.0,180.0,0,0.0,0.0
2020-01-20,180.0,180.0,180.0,180.0,0,0.0,0.0
2020-01-21,180.0,180.0,180.0,180.0,0,0.0,0.0
2020-01-22,180.0,180.0,180.0,180.0,0,0.0,0.0
2020-01-23,180.0,180.0,180.0,180.0,0,0.0,0.0
2020-01-24,180.0,180.0,180.0,180.0,0,0.0,0.0
2020-01-27,180.0,180.0,180.0,180.0,0,0.0,0.0
2020-01-28,180.0,180.0,180.0,180.0,0,0.0,0.0
2020-01-29,180.0,180.0,180.0,180.0,0,0.0,0.0
2020-01-30,180.0,180.0,180.0,180.0,0,0.0,0.0
2020-01-31,180.0,180.0,180.0,180.0,0,0.0,0.0
2020-02-03,180.0,180.0,180.0,180.0,0,0.0,0.0
2020-02-04,180.0,180.0,180.0,180.0,0,0.0,0.0
2020-02-05,180.0,180.0,180.0,180.0,0,0.0,0.0
2020-02-06,180.0,180.0,180.0,180.0,0,0.0,0.0
2020-02-07,180.0,180.0,180.0,180.0,0,0.0,0.0
2020-02-10,180.0,180.0,180.0,180.0,0,0.0,0.0
2020-02-11,180.0,180.0,180.0,180.0,0,0.0,0.0
2020-02-12,180.0,180.0,180.0,180.0,0,0.0,0.0
2020-02-13,180.0,180.0,180.0,180.0,0,0.0,0.0
2020-02-14,180.0,180.0,180.0,180.0,0,0.0,0.0
2020-02-17,180.0,180.0,180.0,180.0,0,0.0,0.0
2020-02-18,180.0,180.0,180.0,180.0,0,0.0,0.0
2020-02-19,180.0,180.0,180.0,180.0,0,0.0,0.0
2020-02-20,180.0,180.0,180.0,180.0,0,0.0,0.0
2020-02-21,180.0,180.0,180.0,180.0,0,0.0,0.0
2020-02-24,180.0,180.0,180.0,180.0,0,0.0,0.0
2020-02-25,180.0,180.0,180.0,180.0,0,0.0,0.0
2020-02-26,180.0,180.0,180.0,180.0,0,0.0,0.0
2020-02-27,180.0,180.0,180.0,180.0,0,0.0,0.0
2020-02-28,180.0,180.0,180.0,180.0,0,0.0,0.0
2020-03-02,180.0,180.0,180.0,180.0,0,0.0,0.0
2020-03-03,180.0,180.0,180.0,180.0,0,0.0,0.0
2020-03-04,180.0,180.0,180.0,180.0,0,0.0,0.0
2020-03-05,180.0,180.0,180.0,180.0,0,0.0,0.0
2020-03-06,180.0,180.0,180.0,180.0,0,0.0,0.0
2020-03-09,180.0,180.0,180.0,180.0,0,0.0,0.0
2020-03-10,180.0,180.0,180.0,180.0,0,0.0,0.0
2020-03-11,180.0,180.0,180.0,180.0,0,0.0,0.0
2020-03-12,180.0,180.0,180.0,180.0,0,0.0,0.0
2020-03-13,180.0,180.0,180.0,180.0,0,0.0,0.0
2020-03-16,180.0,180.0,180.0,180.0,0,0.0,0.0
2020-03-17,180.0,180.0,180.0,180.0,0,0.0,0.0
2020-03-18,180.0,180.0,180.0,180.0,0,0.0,0.0
2020-03-19,180.0,180.0,180.0,180.0,0,0.0,0.0
2020-03-20,180.0,180.0,180.0,180.0,0,0.0,0.0
2020-03-23,180.0,180.0,180.0,180.0,0,0.0,0.0
2020-03-24,180.0,180.0,180.0,180.0,0,0.0,0.0
2020-03-26,180.0,180.0,180.0,180.0,0,0.0,0.0
2020-03-27,180.0,180.0,180.0,180.0,0,0.0,0.0
2020-03-30,180.0,180.0,180.0,180.0,0,0.0,0.0
2020-03-31,180.0,180.0,180.0,180.0,0,0.0,0.0
2020-04-01,180.0,180.0,180.0,180.0,0,0.0,0.0
2020-04-02,180.0,180.0,180.0,180.0,0,0.0,0.0
2020-04-03,180.0,180.0,180.0,180.0,0,0.0,0.0
2020-04-06,180.0,180.0,180.0,180.0,0,0.0,0.0
2020-04-07,180.0,180.0,180.0,180.0,0,0.0,0.0
2020-04-08,180.0,180.0,180.0,180.0,0,0.0,0.0
2020-04-09,180.0,180.0,180.0,180.0,0,0.0,0.0
2020-04-13,180.0,180.0,180.0,180.0,0,0.0,0.0
2020-04-14,180.0,180.0,180.0,180.0,0,0.0,0.0
2020-04-15,180.0,180.0,180.0,180.0,0,0.0,0.0
2020-04-16,180.0,180.0,180.0,180.0,0,0.0,0.0
2020-04-17,180.0,180.0,180.0,180.0,0,0.0,0.0
2020-04-20,180.0,180.0,180.0,180.0,0,0.0,0.0
2020-04-21,180.0,180.0,180.0,180.0,0,0.0,0.0
2020-04-22,180.0,180.0,180.0,180.0,0,0.0,0.0
2020-04-23,180.0,180.0,180.0,180.0,0,0.0,0.0
2020-04-24,180.0,180.0,180.0,180.0,0,0.0,0.0
2020-04-27,180.0,180.0,180.0,180.0,0,0.0,0.0
2020-04-28,180.0,180.0,180.0,180.0,0,0.0,0.0
2020-04-29,180.0,180.0,180.0,180.0,0,0.0,0.0
2020-04-30,180.0,180.0,180.0,180.0,0,0.0,0.0
2020-05-04,180.0,180.0,180.0,180.0,0,0.0,0.0
2020-05-05,180.0,180.0,180.0,180.0,0,0.0,0.0
2020-05-06,180.0,180.0,180.0,180.0,0,0.0,0.0
2020-05-08,180.0,180.0,180.0,180.0,0,0.0,0.0
2020-05-11,180.0,180.0,180.0,180.0,0,0.0,0.0
2020-05-12,180.0,180.0,180.0,180.0,0,0.0,0.0
2020-05-13,180.0,180.0,180.0,180.0,0,0.0,0.0
2020-05-14,180.0,180.0,180.0,180.0,0,0.0,0.0
2020-05-15,180.0,180.0,180.0,180.0,0,0.0,0.0
2020-05-18,180.0,180.0,180.0,180.0,0,0.0,0.0
2020-05-19,180.0,180.0,180.0,180.0,0,0.0,0.0
2020-05-20,180.0,180.0,180.0,180.0,0,0.0,0.0
2020-05-26,180.0,180.0,180.0,180.0,0,0.0,0.0
2020-05-27,180.0,180.0,180.0,180.0,0,0.0,0.0
2020-05-28,180.0,180.0,180.0,180.0,0,0.0,0.0
2020-05-29,180.0,180.0,180.0,180.0,0,0.0,0.0
2020-06-02,180.0,180.0,180.0,180.0,0,0.0,0.0
2020-06-03,180.0,180.0,180.0,180.0,0,0.0,0.0
2020-06-04,180.0,180.0,180.0,180.0,0,0.0,0.0
2020-06-05,180.0,180.0,180.0,180.0,0,0.0,0.0
2020-06-08,180.0,180.0,180.0,180.0,0,0.0,0.0
2020-06-09,180.0,180.0,180.0,180.0,0,0.0,0.0
2020-06-10,180.0,180.0,180.0,180.0,0,0.0,0.0
2020-06-11,180.0,180.0,180.0,180.0,0,0.0,0.0
2020-06-12,180.0,180.0,180.0,180.0,0,0.0,0.0
2020-06-15,180.0,180.0,180.0,180.0,0,0.0,0.0
2020-06-16,180.0,180.0,180.0,180.0,0,0.0,0.0
2020-06-17,180.0,180.0,180.0,180.0,0,0.0,0.0
2020-06-18,180.0,180.0,180.0,180.0,0,0.0,0.0
2020-06-19,180.0,180.0,180.0,180.0,0,0.0,0.0
2020-06-22,180.0,180.0,180.0,180.0,0,0.0,0.0
2020-06-23,180.0,180.0,180.0,180.0,0,0.0,0.0
2020-06-24,180.0,180.0,180.0,180.0,0,0.0,0.0
2020-06-25,180.0,180.0,180.0,180.0,0,0.0,0.0
2020-06-26,180.0,180.0,180.0,180.0,0,0.0,0.0
2020-06-29,180.0,180.0,180.0,180.0,0,0.0,0.0
2020-06-30,180.0,180.0,180.0,180.0,0,0.0,0.0
2020-07-01,180.0,180.0,180.0,180.0,0,0.0,0.0
2020-07-02,180.0,180.0,180.0,180.0,0,0.0,0.0
2020-07-03,180.0,180.0,180.0,180.0,0,0.0,0.0
2020-07-06,180.0,180.0,180.0,180.0,0,0.0,0.0
2020-07-07,180.0,180.0,180.0,180.0,0,0.0,0.0
2020-07-08,180.0,180.0,180.0,180.0,0,0.0,0.0
2020-07-09,180.0,180.0,180.0,180.0,0,0.0,0.0
2020-07-10,180.0,180.0,180.0,180.0,0,0.0,0.0
2020-07-13,180.0,180.0,180.0,180.0,0,0.0,0.0
2020-07-14,180.0,180.0,180.0,180.0,0,0.0,0.0
2020-07-15,180.0,180.0,180.0,180.0,0,0.0,0.0
2020-07-16,180.0,180.0,180.0,180.0,0,0.0,0.0
2020-07-17,180.0,180.0,180.0,180.0,0,0.0,0.0
2020-07-20,180.0,180.0,180.0,180.0,0,0.0,0.0
2020-07-21,180.0,180.0,180.0,180.0,0,0.0,0.0
2020-07-22,180.0,180.0,180.0,180.0,0,0.0,0.0
2020-07-23,180.0,180.0,180.0,180.0,0,0.0,0.0
2020-07-24,180.0,180.0,180.0,180.0,0,0.0,0.0
2020-07-27,180.0,180.0,180.0,180.0,0,0.0,0.0
2020-07-28,180.0,180.0,180.0,180.0,0,0.0,0.0
2020-07-29,180.0,180.0,180.0,180.0,0,0.0,0.0
2020-07-30,180.0,180.0,180.0,180.0,0,0.0,0.0
2020-08-03,180.0,180.0,180.0,180.0,0,0.0,0.0
2020-08-04,180.0,180.0,180.0,180.0,0,0.0,0.0
2020-08-05,180.0,180.0,180.0,180.0,0,0.0,0.0
2020-08-06,180.0,180.0,180.0,180.0,0,0.0,0.0
2020-08-07,180.0,180.0,180.0,180.0,0,0.0,0.0
2020-08-10,180.0,180.0,180.0,180.0,0,0.0,0.0
2020-08-11,180.0,180.0,180.0,180.0,0,0.0,0.0
2020-08-12,180.0,180.0,180.0,180.0,0,0.0,0.0
2020-08-13,180.0,180.0,180.0,180.0,0,0.0,0.0
2020-08-14,180.0,242.0,169.0,172.0,29100,0.0,0.0
2020-08-18,161.0,228.0,161.0,194.0,16500,0.0,0.0
2020-08-19,240.0,240.0,181.0,181.0,28100,0.0,0.0
2020-08-24,178.0,178.0,169.0,169.0,11700,0.0,0.0
2020-08-25,169.0,179.0,168.0,168.0,13800,0.0,0.0
2020-08-26,168.0,168.0,168.0,168.0,400,0.0,0.0
2020-08-27,167.0,168.0,157.0,157.0,3200,0.0,0.0
2020-08-28,156.0,156.0,155.0,155.0,2000,0.0,0.0
2020-08-31,155.0,156.0,155.0,155.0,50200,0.0,0.0
2020-09-01,155.0,155.0,155.0,155.0,0,0.0,0.0
2020-09-02,146.0,157.0,146.0,156.0,4400,0.0,0.0
2020-09-03,156.0,156.0,156.0,156.0,0,0.0,0.0
2020-09-04,156.0,156.0,155.0,155.0,500,0.0,0.0
2020-09-07,146.0,155.0,145.0,155.0,600,0.0,0.0
2020-09-08,145.0,145.0,145.0,145.0,200,0.0,0.0
2020-09-09,135.0,145.0,135.0,135.0,700,0.0,0.0
2020-09-10,126.0,126.0,126.0,126.0,2000,0.0,0.0
2020-09-11,120.0,170.0,120.0,150.0,25100,0.0,0.0
2020-09-14,148.0,200.0,148.0,151.0,27600,0.0,0.0
2020-09-15,151.0,151.0,151.0,151.0,0,0.0,0.0
2020-09-16,151.0,151.0,151.0,151.0,0,0.0,0.0
2020-09-17,141.0,141.0,141.0,141.0,200,0.0,0.0
2020-09-18,132.0,179.0,132.0,170.0,13600,0.0,0.0
2020-09-21,160.0,168.0,159.0,159.0,42100,0.0,0.0
2020-09-22,159.0,159.0,159.0,159.0,0,0.0,0.0
2020-09-23,149.0,149.0,149.0,149.0,100,0.0,0.0
2020-09-24,139.0,145.0,139.0,145.0,200,0.0,0.0
2020-09-25,135.0,135.0,135.0,135.0,1100,0.0,0.0
2020-09-28,126.0,132.0,126.0,132.0,4500,0.0,0.0
2020-09-29,176.0,176.0,160.0,160.0,5500,0.0,0.0
2020-09-30,158.0,160.0,149.0,149.0,6200,0.0,0.0
2020-10-01,139.0,149.0,139.0,139.0,1500,0.0,0.0
2020-10-02,147.0,157.0,147.0,154.0,3300,0.0,0.0
2020-10-05,154.0,163.0,154.0,155.0,4600,0.0,0.0
2020-10-06,155.0,155.0,145.0,145.0,31400,0.0,0.0
2020-10-07,135.0,152.0,135.0,152.0,300,0.0,0.0
2020-10-08,152.0,152.0,152.0,152.0,100,0.0,0.0
2020-10-09,142.0,142.0,142.0,142.0,300,0.0,0.0
2020-10-12,139.0,190.0,134.0,176.0,23500,0.0,0.0
2020-10-13,172.0,176.0,165.0,173.0,14800,0.0,0.0
2020-10-14,163.0,169.0,161.0,165.0,1300,0.0,0.0
2020-10-15,155.0,155.0,155.0,155.0,800,0.0,0.0
2020-10-16,145.0,155.0,145.0,146.0,1800,0.0,0.0
2020-10-19,136.0,145.0,136.0,145.0,3500,0.0,0.0
2020-10-20,136.0,137.0,136.0,137.0,500,0.0,0.0
2020-10-21,137.0,137.0,137.0,137.0,0,0.0,0.0
2020-10-22,129.0,129.0,129.0,129.0,100,0.0,0.0
2020-10-23,126.0,126.0,120.0,120.0,200,0.0,0.0
2020-10-26,113.0,113.0,113.0,113.0,400,0.0,0.0
2020-10-27,115.0,131.0,115.0,131.0,200,0.0,0.0
2020-11-02,122.0,126.0,122.0,126.0,600,0.0,0.0
2020-11-03,119.0,119.0,119.0,119.0,200,0.0,0.0
2020-11-04,113.0,113.0,113.0,113.0,100,0.0,0.0
2020-11-05,111.0,126.0,111.0,125.0,2400,0.0,0.0
2020-11-06,117.0,164.0,117.0,118.0,12900,0.0,0.0
2020-11-09,118.0,159.0,113.0,120.0,29500,0.0,0.0
2020-11-10,120.0,156.0,120.0,155.0,8100,0.0,0.0
2020-11-11,155.0,155.0,145.0,145.0,21400,0.0,0.0
2020-11-12,145.0,145.0,135.0,136.0,1400,0.0,0.0
2020-11-13,128.0,130.0,128.0,130.0,1400,0.0,0.0
2020-11-16,130.0,130.0,130.0,130.0,700,0.0,0.0
2020-11-17,130.0,150.0,130.0,149.0,4600,0.0,0.0
2020-11-18,148.0,193.0,142.0,142.0,48400,0.0,0.0
2020-11-19,144.0,144.0,142.0,144.0,500,0.0,0.0
2020-11-20,154.0,154.0,144.0,144.0,4100,0.0,0.0
2020-11-23,139.0,155.0,139.0,145.0,4300,0.0,0.0
2020-11-24,145.0,158.0,135.0,135.0,13200,0.0,0.0
2020-11-25,127.0,140.0,127.0,131.0,33700,0.0,0.0
2020-11-26,129.0,129.0,122.0,123.0,1800,0.0,0.0
2020-11-27,123.0,153.0,120.0,153.0,6900,0.0,0.0
2020-11-30,153.0,154.0,150.0,154.0,63700,0.0,0.0
2020-12-01,154.0,155.0,144.0,155.0,6800,0.0,0.0
2020-12-02,155.0,155.0,155.0,155.0,500,0.0,0.0
2020-12-03,155.0,155.0,155.0,155.0,600,0.0,0.0
2020-12-04,145.0,155.0,145.0,152.0,4000,0.0,0.0
2020-12-07,152.0,152.0,143.0,143.0,7800,0.0,0.0
2020-12-08,134.0,143.0,134.0,136.0,10800,0.0,0.0
2020-12-10,137.0,150.0,137.0,149.0,22500,0.0,0.0
2020-12-11,149.0,149.0,139.0,139.0,6500,0.0,0.0
2020-12-14,139.0,139.0,130.0,133.0,10100,0.0,0.0
2020-12-15,133.0,144.0,124.0,144.0,6900,0.0,0.0
2020-12-16,142.0,142.0,136.0,142.0,4700,0.0,0.0
2020-12-17,134.0,145.0,134.0,144.0,11200,0.0,0.0
2020-12-18,134.0,143.0,134.0,136.0,600,0.0,0.0
2020-12-21,136.0,136.0,128.0,128.0,14200,0.0,0.0
2020-12-22,130.0,132.0,130.0,132.0,23500,0.0,0.0
2020-12-23,132.0,143.0,132.0,133.0,48400,0.0,0.0
2020-12-28,133.0,168.0,133.0,159.0,28700,0.0,0.0
2020-12-29,159.0,159.0,148.0,148.0,19200,0.0,0.0
2020-12-30,148.0,148.0,138.0,148.0,12000,0.0,0.0
2021-01-04,158.0,158.0,140.0,149.0,1100,0.0,0.0
2021-01-05,149.0,159.0,139.0,139.0,30800,0.0,0.0
2021-01-06,147.0,159.0,139.0,139.0,4100,0.0,0.0
2021-01-07,139.0,139.0,132.0,137.0,9800,0.0,0.0
2021-01-08,132.0,136.0,132.0,136.0,300,0.0,0.0
2021-01-11,130.0,137.0,130.0,136.0,1300,0.0,0.0
2021-01-12,130.0,169.0,128.0,155.0,20000,0.0,0.0
2021-01-13,150.0,150.0,149.0,149.0,1300,0.0,0.0
2021-01-14,149.0,149.0,147.0,147.0,300,0.0,0.0
2021-01-15,146.0,146.0,144.0,144.0,1100,0.0,0.0
2021-01-18,144.0,194.0,134.0,192.0,62500,0.0,0.0
2021-01-19,190.0,192.0,179.0,179.0,78800,0.0,0.0
2021-01-20,179.0,179.0,167.0,167.0,3600,0.0,0.0
2021-01-21,167.0,167.0,156.0,156.0,92200,0.0,0.0
2021-01-22,146.0,149.0,146.0,146.0,52800,0.0,0.0
2021-01-25,144.0,194.0,136.0,141.0,10000,0.0,0.0
2021-01-26,141.0,180.0,134.0,142.0,27000,0.0,0.0
2021-01-27,142.0,150.0,135.0,150.0,6300,0.0,0.0
2021-01-28,150.0,150.0,140.0,149.0,2900,0.0,0.0
2021-01-29,148.0,180.0,139.0,148.0,29500,0.0,0.0
2021-02-01,148.0,148.0,138.0,138.0,47400,0.0,0.0
2021-02-02,130.0,147.0,129.0,130.0,41300,0.0,0.0
2021-02-03,130.0,160.0,129.0,129.0,55900,0.0,0.0
2021-02-04,174.0,174.0,150.0,174.0,1062900,0.0,0.0
2021-02-05,174.0,230.0,162.0,162.0,913200,0.0,0.0
2021-02-08,162.0,162.0,151.0,151.0,165200,0.0,0.0
2021-02-09,151.0,152.0,141.0,141.0,75900,0.0,0.0
2021-02-10,136.0,177.0,132.0,138.0,263300,0.0,0.0
2021-02-11,140.0,150.0,140.0,142.0,62000,0.0,0.0
2021-02-15,140.0,152.0,140.0,143.0,36300,0.0,0.0
2021-02-16,143.0,143.0,142.0,143.0,36700,0.0,0.0
2021-02-17,143.0,145.0,136.0,141.0,31500,0.0,0.0
2021-02-18,141.0,142.0,136.0,137.0,7900,0.0,0.0
2021-02-19,137.0,140.0,132.0,133.0,43700,0.0,0.0
2021-02-22,133.0,145.0,130.0,130.0,7400,0.0,0.0
2021-02-23,130.0,136.0,129.0,131.0,9900,0.0,0.0
2021-02-24,136.0,147.0,131.0,140.0,102000,0.0,0.0
2021-02-25,140.0,145.0,138.0,138.0,64400,0.0,0.0
2021-02-26,138.0,138.0,138.0,138.0,20800,0.0,0.0
2021-03-01,138.0,138.0,133.0,133.0,3000,0.0,0.0
2021-03-02,133.0,179.0,133.0,179.0,437500,0.0,0.0
2021-03-03,191.0,240.0,189.0,240.0,737400,0.0,0.0
2021-03-04,260.0,300.0,250.0,300.0,1094800,0.0,0.0
2021-03-05,300.0,300.0,300.0,300.0,0,0.0,0.0
2021-03-08,320.0,322.0,280.0,280.0,164600,0.0,0.0
2021-03-09,262.0,262.0,262.0,262.0,5800,0.0,0.0
2021-03-10,244.0,244.0,244.0,244.0,8600,0.0,0.0
2021-03-12,228.0,228.0,228.0,228.0,7100,0.0,0.0
2021-03-15,214.0,214.0,214.0,214.0,21900,0.0,0.0
2021-03-16,200.0,202.0,200.0,200.0,39200,0.0,0.0
2021-03-17,186.0,186.0,186.0,186.0,131000,0.0,0.0
2021-03-18,173.0,200.0,173.0,176.0,273500,0.0,0.0
2021-03-19,176.0,236.0,176.0,236.0,790200,0.0,0.0
2021-03-22,258.0,294.0,220.0,294.0,4343300,0.0,0.0
2021-03-23,310.0,366.0,300.0,300.0,4309100,0.0,0.0
2021-03-24,300.0,364.0,280.0,280.0,2306800,0.0,0.0
2021-03-25,280.0,322.0,262.0,262.0,1003900,0.0,0.0
2021-03-26,244.0,266.0,244.0,244.0,156200,0.0,0.0
2021-03-29,244.0,244.0,228.0,228.0,161500,0.0,0.0
2021-03-30,228.0,228.0,214.0,214.0,139700,0.0,0.0
2021-03-31,214.0,214.0,200.0,202.0,57900,0.0,0.0
2021-04-01,200.0,252.0,188.0,252.0,273100,0.0,0.0
2021-04-05,272.0,314.0,264.0,300.0,2255500,0.0,0.0
2021-04-06,300.0,300.0,280.0,280.0,90200,0.0,0.0
2021-04-07,280.0,300.0,262.0,266.0,745700,0.0,0.0
2021-04-08,266.0,288.0,254.0,266.0,130200,0.0,0.0
2021-04-09,260.0,284.0,260.0,272.0,239700,0.0,0.0
2021-04-12,272.0,340.0,256.0,340.0,2325500,0.0,0.0
2021-04-13,350.0,418.0,340.0,340.0,8317200,0.0,0.0
2021-04-14,338.0,340.0,318.0,320.0,367900,0.0,0.0
2021-04-15,320.0,330.0,302.0,302.0,263900,0.0,0.0
2021-04-16,302.0,326.0,282.0,284.0,499900,0.0,0.0
2021-04-19,284.0,292.0,284.0,290.0,118100,0.0,0.0
2021-04-20,292.0,338.0,292.0,318.0,462500,0.0,0.0
2021-04-21,320.0,370.0,302.0,366.0,720000,0.0,0.0
2021-04-22,366.0,456.0,364.0,456.0,4206900,0.0,0.0
2021-04-23,476.0,570.0,426.0,430.0,4139300,0.0,0.0
2021-04-26,408.0,408.0,400.0,400.0,228500,0.0,0.0
2021-04-27,400.0,400.0,372.0,372.0,126200,0.0,0.0
2021-04-28,372.0,372.0,346.0,346.0,163000,0.0,0.0
2021-04-29,346.0,432.0,322.0,404.0,3471900,0.0,0.0
2021-04-30,408.0,490.0,404.0,448.0,2814100,0.0,0.0
2021-05-03,450.0,488.0,420.0,424.0,1730600,0.0,0.0
2021-05-04,428.0,428.0,400.0,414.0,295600,0.0,0.0
2021-05-05,414.0,446.0,414.0,424.0,321300,0.0,0.0
2021-05-06,424.0,530.0,424.0,530.0,3447600,0.0,0.0
2021-05-07,610.0,610.0,494.0,494.0,4041500,0.0,0.0
2021-05-10,494.0,498.0,460.0,478.0,694200,0.0,0.0
2021-05-11,478.0,550.0,478.0,490.0,1753400,0.0,0.0
2021-05-17,500.0,525.0,496.0,510.0,713200,0.0,0.0
2021-05-18,520.0,525.0,478.0,490.0,403100,0.0,0.0
2021-05-19,490.0,510.0,472.0,494.0,264700,0.0,0.0
2021-05-20,500.0,505.0,492.0,492.0,129200,0.0,0.0
2021-05-21,492.0,510.0,460.0,482.0,130500,0.0,0.0
2021-05-24,484.0,494.0,462.0,476.0,145900,0.0,0.0
2021-05-25,486.0,486.0,468.0,468.0,183300,0.0,0.0
2021-05-27,466.0,496.0,450.0,482.0,384800,0.0,0.0
2021-05-28,482.0,492.0,466.0,468.0,113800,0.0,0.0
2021-05-31,468.0,468.0,436.0,446.0,339100,0.0,0.0
2021-06-02,444.0,446.0,426.0,430.0,117500,0.0,0.0
2021-06-03,430.0,450.0,428.0,432.0,141400,0.0,0.0
2021-06-04,432.0,442.0,432.0,432.0,73600,0.0,0.0
2021-06-07,436.0,442.0,430.0,434.0,74200,0.0,0.0
2021-06-08,434.0,434.0,404.0,424.0,36200,0.0,0.0
2021-06-09,424.0,424.0,396.0,396.0,175600,0.0,0.0
2021-06-10,400.0,432.0,370.0,390.0,529100,0.0,0.0
2021-06-11,390.0,390.0,378.0,380.0,120600,0.0,0.0
2021-06-14,380.0,380.0,354.0,372.0,165900,0.0,0.0
2021-06-15,360.0,360.0,352.0,352.0,37100,0.0,0.0
2021-06-16,352.0,360.0,350.0,360.0,20300,0.0,0.0
2021-06-17,360.0,450.0,356.0,450.0,736700,0.0,0.0
2021-06-18,456.0,510.0,420.0,420.0,2797700,0.0,0.0
2021-06-21,420.0,436.0,392.0,392.0,189700,0.0,0.0
2021-06-22,392.0,392.0,366.0,374.0,174000,0.0,0.0
2021-06-23,378.0,390.0,356.0,380.0,263400,0.0,0.0
2021-06-24,382.0,388.0,360.0,370.0,134600,0.0,0.0
2021-06-25,368.0,368.0,358.0,368.0,89200,0.0,0.0
2021-06-28,370.0,376.0,352.0,366.0,31200,0.0,0.0
2021-06-29,366.0,366.0,342.0,342.0,98100,0.0,0.0
2021-06-30,342.0,360.0,324.0,358.0,168500,0.0,0.0
2021-07-01,358.0,426.0,336.0,356.0,1556100,0.0,0.0
2021-07-02,376.0,380.0,344.0,356.0,158200,0.0,0.0
2021-07-05,344.0,362.0,344.0,352.0,67800,0.0,0.0
2021-07-06,352.0,360.0,340.0,352.0,76200,0.0,0.0
2021-07-07,350.0,388.0,350.0,366.0,176800,0.0,0.0
2021-07-08,366.0,380.0,366.0,376.0,70800,0.0,0.0
2021-07-09,378.0,470.0,376.0,470.0,935300,0.0,0.0
2021-07-12,496.0,585.0,472.0,585.0,6224400,0.0,0.0
2021-07-13,590.0,600.0,545.0,545.0,389800,0.0,0.0
2021-07-14,510.0,510.0,510.0,510.0,17100,0.0,0.0
2021-07-15,476.0,476.0,476.0,476.0,11500,0.0,0.0
2021-07-16,444.0,444.0,444.0,444.0,35500,0.0,0.0
2021-07-19,414.0,480.0,414.0,414.0,2660800,0.0,0.0
2021-07-21,414.0,440.0,386.0,430.0,3155600,0.0,0.0
2021-07-22,432.0,454.0,408.0,454.0,1594000,0.0,0.0
2021-07-23,454.0,456.0,424.0,438.0,438000,0.0,0.0
2021-07-26,440.0,442.0,424.0,426.0,138500,0.0,0.0
2021-07-27,426.0,442.0,400.0,424.0,337900,0.0,0.0
2021-07-28,424.0,434.0,420.0,426.0,78300,0.0,0.0
2021-07-29,426.0,432.0,420.0,424.0,75900,0.0,0.0
2021-07-30,424.0,428.0,416.0,420.0,79800,0.0,0.0
2021-08-02,400.0,450.0,396.0,420.0,513300,0.0,0.0
2021-08-03,416.0,426.0,416.0,422.0,69300,0.0,0.0
2021-08-04,422.0,426.0,414.0,420.0,90200,0.0,0.0
2021-08-05,420.0,420.0,394.0,416.0,112300,0.0,0.0
2021-08-06,416.0,418.0,398.0,400.0,228200,0.0,0.0
2021-08-09,400.0,416.0,384.0,402.0,99700,0.0,0.0
2021-08-10,402.0,492.0,380.0,380.0,10043300,0.0,0.0
2021-08-12,384.0,386.0,358.0,362.0,676800,0.0,0.0
2021-08-13,364.0,374.0,356.0,370.0,175100,0.0,0.0
2021-08-16,370.0,370.0,346.0,356.0,90500,0.0,0.0
2021-08-18,356.0,362.0,340.0,354.0,74100,0.0,0.0
2021-08-19,360.0,360.0,338.0,350.0,57800,0.0,0.0
2021-08-20,348.0,390.0,348.0,370.0,252900,0.0,0.0
2021-08-23,388.0,388.0,364.0,370.0,165300,0.0,0.0
2021-08-24,372.0,378.0,368.0,368.0,79900,0.0,0.0
2021-08-25,374.0,374.0,350.0,362.0,150900,0.0,0.0
2021-08-26,362.0,400.0,344.0,354.0,1691200,0.0,0.0
2021-08-27,354.0,358.0,350.0,352.0,121300,0.0,0.0
2021-08-30,352.0,354.0,348.0,348.0,72800,0.0,0.0
2021-08-31,348.0,352.0,326.0,348.0,157000,0.0,0.0
2021-09-01,348.0,348.0,338.0,340.0,213600,0.0,0.0
2021-09-02,340.0,348.0,334.0,344.0,45600,0.0,0.0
2021-09-03,344.0,352.0,328.0,340.0,107400,0.0,0.0
2021-09-06,346.0,348.0,340.0,346.0,45900,0.0,0.0
2021-09-07,346.0,352.0,342.0,344.0,62400,0.0,0.0
2021-09-08,344.0,350.0,320.0,336.0,163200,0.0,0.0
2021-09-09,326.0,338.0,326.0,336.0,16100,0.0,0.0
2021-09-10,336.0,336.0,326.0,334.0,30000,0.0,0.0
2021-09-13,336.0,344.0,330.0,338.0,54600,0.0,0.0
2021-09-14,346.0,350.0,340.0,342.0,117500,0.0,0.0
2021-09-15,342.0,350.0,342.0,348.0,44000,0.0,0.0
2021-09-16,346.0,350.0,334.0,346.0,98300,0.0,0.0
2021-09-17,348.0,348.0,338.0,344.0,9600,0.0,0.0
2021-09-20,344.0,344.0,332.0,332.0,38900,0.0,0.0
2021-09-21,342.0,342.0,320.0,338.0,30100,0.0,0.0
2021-09-22,338.0,370.0,332.0,342.0,178800,0.0,0.0
2021-09-23,342.0,350.0,338.0,340.0,86500,0.0,0.0
2021-09-24,338.0,338.0,332.0,336.0,19700,0.0,0.0
2021-09-27,336.0,336.0,314.0,318.0,181200,0.0,0.0
2021-09-28,318.0,318.0,300.0,312.0,68000,0.0,0.0
2021-09-29,312.0,380.0,312.0,326.0,851000,0.0,0.0
2021-09-30,328.0,340.0,310.0,318.0,210900,0.0,0.0
2021-10-01,318.0,350.0,318.0,322.0,289600,0.0,0.0
2021-10-04,322.0,338.0,322.0,328.0,152100,0.0,0.0
2021-10-05,332.0,346.0,310.0,322.0,182800,0.0,0.0
2021-10-06,322.0,336.0,312.0,326.0,115500,0.0,0.0
2021-10-07,326.0,334.0,320.0,322.0,98800,0.0,0.0
2021-10-08,322.0,330.0,310.0,320.0,59000,0.0,0.0
2021-10-11,320.0,344.0,316.0,342.0,646900,0.0,0.0
2021-10-12,342.0,398.0,338.0,364.0,2429600,0.0,0.0
2021-10-13,370.0,374.0,356.0,364.0,436500,0.0,0.0
2021-10-14,364.0,398.0,364.0,378.0,642500,0.0,0.0
2021-10-15,378.0,428.0,378.0,406.0,851500,0.0,0.0
2021-10-18,406.0,418.0,404.0,406.0,130400,0.0,0.0
2021-10-19,408.0,422.0,408.0,422.0,193200,0.0,0.0
2021-10-21,424.0,450.0,422.0,448.0,414700,0.0,0.0
2021-10-22,448.0,550.0,438.0,500.0,1556000,0.0,0.0
2021-10-25,500.0,545.0,500.0,515.0,1265000,0.0,0.0
2021-10-26,520.0,520.0,494.0,505.0,531900,0.0,0.0
2021-10-27,505.0,525.0,500.0,520.0,1295300,0.0,0.0
2021-10-28,520.0,545.0,488.0,500.0,1368900,0.0,0.0
2021-10-29,500.0,535.0,466.0,500.0,2017900,0.0,0.0
2021-11-01,510.0,525.0,505.0,505.0,2259200,0.0,0.0
2021-11-02,510.0,520.0,470.0,470.0,4226600,0.0,0.0
2021-11-03,470.0,482.0,470.0,472.0,52300,0.0,0.0
2021-11-04,472.0,476.0,466.0,466.0,110200,0.0,0.0
2021-11-05,466.0,480.0,448.0,450.0,124800,0.0,0.0
2021-11-08,450.0,480.0,450.0,460.0,26400,0.0,0.0
2021-11-09,462.0,470.0,450.0,462.0,49800,0.0,0.0
2021-11-10,462.0,462.0,450.0,454.0,37400,0.0,0.0
2021-11-11,458.0,470.0,450.0,470.0,426500,0.0,0.0
2021-11-12,470.0,500.0,470.0,500.0,1036600,0.0,0.0
2021-11-15,510.0,525.0,498.0,500.0,3490500,0.0,0.0
2021-11-16,500.0,510.0,498.0,505.0,1918200,0.0,0.0
2021-11-17,505.0,520.0,500.0,510.0,1927800,0.0,0.0
2021-11-18,510.0,515.0,505.0,510.0,1631000,0.0,0.0
2021-11-19,505.0,570.0,500.0,510.0,2167300,0.0,0.0
2021-11-22,510.0,550.0,510.0,530.0,2677800,0.0,0.0
2021-11-23,550.0,585.0,494.0,494.0,9352200,0.0,0.0
2021-11-24,490.0,510.0,462.0,498.0,1675100,0.0,0.0
2021-11-25,498.0,515.0,476.0,498.0,2711100,0.0,0.0
2021-11-26,498.0,525.0,488.0,488.0,3211000,0.0,0.0
2021-11-29,488.0,510.0,488.0,488.0,1233300,0.0,0.0
2021-11-30,488.0,488.0,480.0,486.0,2389000,0.0,0.0
2021-12-01,480.0,480.0,452.0,452.0,2545100,0.0,0.0
2021-12-02,456.0,460.0,452.0,454.0,1312100,0.0,0.0
2021-12-03,454.0,458.0,452.0,456.0,742900,0.0,0.0
2021-12-06,460.0,462.0,456.0,456.0,510200,0.0,0.0
2021-12-07,450.0,454.0,448.0,454.0,689100,0.0,0.0
2021-12-08,454.0,454.0,440.0,440.0,1430200,0.0,0.0
2021-12-09,440.0,440.0,432.0,432.0,940600,0.0,0.0
2021-12-10,450.0,470.0,436.0,436.0,1406700,0.0,0.0
2021-12-13,442.0,444.0,436.0,436.0,1317100,0.0,0.0
2021-12-14,436.0,460.0,436.0,454.0,1964500,0.0,0.0
2021-12-15,458.0,458.0,424.0,424.0,4716500,0.0,0.0
2021-12-16,422.0,424.0,396.0,412.0,4093100,0.0,0.0
2021-12-17,412.0,414.0,400.0,400.0,1356400,0.0,0.0
2021-12-20,400.0,414.0,396.0,398.0,1326200,0.0,0.0
2021-12-21,398.0,412.0,398.0,406.0,638700,0.0,0.0
2021-12-22,406.0,406.0,392.0,396.0,623800,0.0,0.0
2021-12-23,396.0,450.0,390.0,390.0,1067100,0.0,0.0
2021-12-24,410.0,418.0,388.0,406.0,202500,0.0,0.0
2021-12-27,406.0,406.0,392.0,396.0,9200,0.0,0.0
2021-12-28,396.0,422.0,394.0,394.0,85800,0.0,0.0
2021-12-29,398.0,398.0,392.0,392.0,61300,0.0,0.0
2021-12-30,392.0,402.0,384.0,402.0,1012500,0.0,0.0
2022-01-03,402.0,404.0,386.0,386.0,89300,0.0,0.0
2022-01-04,388.0,444.0,388.0,422.0,2572600,0.0,0.0
2022-01-05,416.0,430.0,414.0,424.0,942700,0.0,0.0
2022-01-06,428.0,450.0,424.0,448.0,2088500,0.0,0.0
2022-01-07,450.0,470.0,418.0,424.0,3841700,0.0,0.0
2022-01-10,424.0,424.0,396.0,406.0,1887700,0.0,0.0
2022-01-11,406.0,442.0,378.0,414.0,4015300,0.0,0.0
2022-01-12,414.0,420.0,386.0,386.0,1021400,0.0,0.0
2022-01-13,386.0,400.0,386.0,400.0,977400,0.0,0.0
2022-01-14,400.0,406.0,396.0,406.0,836300,0.0,0.0
2022-01-17,406.0,420.0,404.0,404.0,2429300,0.0,0.0
2022-01-18,404.0,412.0,376.0,398.0,2266700,0.0,0.0
2022-01-19,398.0,398.0,372.0,372.0,407200,0.0,0.0
2022-01-20,372.0,372.0,354.0,360.0,153900,0.0,0.0
2022-01-21,376.0,376.0,362.0,362.0,9100,0.0,0.0
2022-01-24,362.0,362.0,360.0,362.0,23100,0.0,0.0
2022-01-25,362.0,368.0,358.0,358.0,25100,0.0,0.0
2022-01-26,358.0,358.0,358.0,358.0,1100,0.0,0.0
2022-01-27,358.0,378.0,358.0,370.0,15000,0.0,0.0
2022-01-28,372.0,372.0,368.0,370.0,16900,0.0,0.0
2022-01-31,372.0,372.0,370.0,370.0,26900,0.0,0.0
2022-02-02,370.0,374.0,370.0,372.0,11700,0.0,0.0
2022-02-03,386.0,386.0,372.0,372.0,13500,0.0,0.0
2022-02-04,384.0,384.0,372.0,378.0,20900,0.0,0.0
2022-02-07,378.0,388.0,376.0,378.0,35300,0.0,0.0
2022-02-08,382.0,388.0,376.0,378.0,177200,0.0,0.0
2022-02-09,378.0,380.0,368.0,380.0,83300,0.0,0.0
2022-02-10,380.0,380.0,376.0,376.0,36600,0.0,0.0
2022-02-11,376.0,380.0,376.0,380.0,10900,0.0,0.0
2022-02-14,380.0,390.0,378.0,390.0,5329000,0.0,0.0
2022-02-15,392.0,420.0,364.0,364.0,5038900,0.0,0.0
2022-02-16,364.0,364.0,340.0,364.0,920700,0.0,0.0
2022-02-17,364.0,366.0,340.0,352.0,1230300,0.0,0.0
2022-02-18,350.0,350.0,342.0,348.0,2357500,0.0,0.0
2022-02-21,348.0,354.0,342.0,348.0,62100,0.0,0.0
2022-02-22,348.0,364.0,344.0,350.0,79400,0.0,0.0
2022-02-23,350.0,354.0,348.0,354.0,2488700,0.0,0.0
2022-02-24,354.0,354.0,350.0,354.0,65700,0.0,0.0
2022-02-25,354.0,358.0,350.0,356.0,95800,0.0,0.0
2022-03-01,350.0,358.0,350.0,358.0,3133700,0.0,0.0
2022-03-02,358.0,410.0,334.0,344.0,3501700,0.0,0.0
2022-03-04,344.0,352.0,320.0,320.0,3402400,0.0,0.0
2022-03-07,320.0,320.0,298.0,306.0,789200,0.0,0.0
2022-03-08,306.0,316.0,304.0,316.0,1196400,0.0,0.0
2022-03-09,316.0,328.0,294.0,294.0,885000,0.0,0.0
2022-03-10,294.0,300.0,274.0,274.0,2194200,0.0,0.0
2022-03-11,280.0,284.0,274.0,280.0,111200,0.0,0.0
2022-03-14,280.0,300.0,280.0,292.0,70400,0.0,0.0
2022-03-15,300.0,340.0,280.0,336.0,532900,0.0,0.0
2022-03-16,336.0,348.0,314.0,314.0,558600,0.0,0.0
2022-03-17,320.0,320.0,312.0,318.0,18500,0.0,0.0
2022-03-18,300.0,302.0,298.0,298.0,48500,0.0,0.0
2022-03-21,298.0,298.0,280.0,282.0,37800,0.0,0.0
2022-03-22,282.0,292.0,280.0,282.0,28400,0.0,0.0
2022-03-23,282.0,290.0,282.0,290.0,33800,0.0,0.0
2022-03-24,288.0,300.0,270.0,278.0,120700,0.0,0.0
2022-03-25,278.0,278.0,270.0,276.0,29500,0.0,0.0
2022-03-28,272.0,286.0,270.0,284.0,59300,0.0,0.0
2022-03-29,284.0,314.0,272.0,310.0,370600,0.0,0.0
2022-03-30,312.0,322.0,290.0,294.0,419300,0.0,0.0
2022-03-31,294.0,294.0,280.0,280.0,83100,0.0,0.0
2022-04-01,280.0,280.0,270.0,272.0,55500,0.0,0.0
2022-04-04,272.0,274.0,268.0,268.0,16000,0.0,0.0
2022-04-05,270.0,288.0,270.0,288.0,170300,0.0,0.0
2022-04-06,290.0,296.0,286.0,286.0,150500,0.0,0.0
2022-04-07,284.0,284.0,278.0,280.0,39300,0.0,0.0
2022-04-08,278.0,280.0,268.0,278.0,26500,0.0,0.0
2022-04-11,278.0,280.0,272.0,280.0,66800,0.0,0.0
2022-04-12,280.0,286.0,280.0,280.0,48700,0.0,0.0
2022-04-13,280.0,280.0,274.0,274.0,2500,0.0,0.0
2022-04-14,274.0,288.0,270.0,284.0,13200,0.0,0.0
2022-04-18,284.0,284.0,280.0,282.0,21200,0.0,0.0
2022-04-19,282.0,282.0,272.0,276.0,45500,0.0,0.0
2022-04-20,276.0,276.0,268.0,268.0,22200,0.0,0.0
2022-04-21,280.0,280.0,270.0,270.0,63900,0.0,0.0
2022-04-22,270.0,278.0,266.0,266.0,59200,0.0,0.0
2022-04-25,266.0,270.0,262.0,264.0,50000,0.0,0.0
2022-04-26,264.0,264.0,258.0,258.0,53300,0.0,0.0
2022-04-27,258.0,258.0,256.0,256.0,12800,0.0,0.0
2022-04-28,254.0,272.0,254.0,266.0,61700,0.0,0.0
2022-05-09,266.0,268.0,258.0,258.0,39300,0.0,0.0
2022-05-10,258.0,270.0,240.0,258.0,12000,0.0,0.0
2022-05-11,258.0,258.0,250.0,252.0,11800,0.0,0.0
2022-05-12,252.0,260.0,246.0,246.0,42700,0.0,0.0
2022-05-13,244.0,250.0,232.0,240.0,12700,0.0,0.0
2022-05-17,240.0,258.0,240.0,252.0,59400,0.0,0.0
2022-05-18,252.0,254.0,248.0,250.0,7400,0.0,0.0
2022-05-19,248.0,250.0,242.0,242.0,13300,0.0,0.0
2022-05-20,242.0,250.0,242.0,244.0,25800,0.0,0.0
2022-05-23,244.0,244.0,230.0,232.0,97000,0.0,0.0
2022-05-24,240.0,246.0,240.0,244.0,26900,0.0,0.0
2022-05-25,246.0,246.0,242.0,242.0,10600,0.0,0.0
2022-05-27,242.0,260.0,226.0,250.0,55500,0.0,0.0
2022-05-30,250.0,272.0,246.0,268.0,177100,0.0,0.0
2022-05-31,268.0,272.0,252.0,264.0,126300,0.0,0.0
2022-06-02,264.0,268.0,256.0,256.0,113600,0.0,0.0
2022-06-03,254.0,268.0,240.0,256.0,78600,0.0,0.0
2022-06-06,256.0,262.0,254.0,254.0,67200,0.0,0.0
2022-06-07,252.0,258.0,252.0,256.0,25800,0.0,0.0
2022-06-08,256.0,258.0,252.0,254.0,62600,0.0,0.0
2022-06-09,252.0,260.0,252.0,258.0,22800,0.0,0.0
2022-06-10,258.0,262.0,252.0,254.0,22400,0.0,0.0
2022-06-13,254.0,254.0,242.0,254.0,11100,0.0,0.0
2022-06-14,252.0,254.0,252.0,254.0,18700,0.0,0.0
2022-06-15,258.0,258.0,246.0,252.0,23200,0.0,0.0
2022-06-16,252.0,262.0,250.0,258.0,5700,0.0,0.0
2022-06-17,250.0,258.0,240.0,246.0,7300,0.0,0.0
2022-06-20,246.0,260.0,246.0,250.0,13200,0.0,0.0
2022-06-21,250.0,258.0,246.0,250.0,9800,0.0,0.0
2022-06-22,258.0,258.0,250.0,254.0,77100,0.0,0.0
2022-06-23,258.0,258.0,246.0,254.0,19700,0.0,0.0
2022-06-24,254.0,258.0,252.0,254.0,27400,0.0,0.0
2022-06-27,258.0,258.0,250.0,250.0,21800,0.0,0.0
2022-06-28,252.0,258.0,250.0,250.0,10500,0.0,0.0
2022-06-29,250.0,256.0,250.0,252.0,7700,0.0,0.0
2022-06-30,254.0,254.0,248.0,252.0,5200,0.0,0.0
2022-07-01,252.0,258.0,248.0,256.0,8500,0.0,0.0
2022-07-04,256.0,256.0,240.0,250.0,4400,0.0,0.0
2022-07-05,254.0,254.0,248.0,248.0,7600,0.0,0.0
2022-07-06,234.0,248.0,234.0,248.0,12800,0.0,0.0
2022-07-07,248.0,256.0,248.0,256.0,4000,0.0,0.0
2022-07-08,256.0,258.0,254.0,254.0,6400,0.0,0.0
2022-07-11,254.0,254.0,240.0,240.0,89500,0.0,0.0
2022-07-12,240.0,256.0,238.0,250.0,38800,0.0,0.0
2022-07-13,250.0,258.0,242.0,250.0,37300,0.0,0.0
2022-07-14,234.0,310.0,234.0,310.0,417400,0.0,0.0
2022-07-15,310.0,310.0,290.0,290.0,303500,0.0,0.0
2022-07-18,286.0,288.0,270.0,270.0,205000,0.0,0.0
2022-07-19,276.0,276.0,252.0,256.0,175100,0.0,0.0
2022-07-20,256.0,256.0,244.0,250.0,91400,0.0,0.0
2022-07-21,250.0,254.0,246.0,248.0,44800,0.0,0.0
2022-07-22,248.0,264.0,248.0,252.0,166400,0.0,0.0
2022-07-25,260.0,268.0,248.0,250.0,138100,0.0,0.0
2022-07-26,262.0,262.0,244.0,246.0,80900,0.0,0.0
2022-07-27,246.0,252.0,244.0,250.0,24300,0.0,0.0
2022-07-28,252.0,252.0,246.0,252.0,9900,0.0,0.0
2022-07-29,252.0,252.0,248.0,250.0,12800,0.0,0.0
2022-08-01,246.0,254.0,246.0,252.0,99700,0.0,0.0
2022-08-02,252.0,254.0,248.0,254.0,23800,0.0,0.0
2022-08-03,254.0,254.0,250.0,252.0,10200,0.0,0.0
2022-08-04,252.0,252.0,250.0,250.0,16200,0.0,0.0
2022-08-05,254.0,254.0,248.0,248.0,13000,0.0,0.0
2022-08-08,250.0,250.0,248.0,250.0,24000,0.0,0.0
2022-08-09,248.0,248.0,242.0,242.0,38000,0.0,0.0
2022-08-10,242.0,256.0,242.0,246.0,122400,0.0,0.0
2022-08-11,246.0,254.0,246.0,252.0,52700,0.0,0.0
2022-08-12,254.0,292.0,246.0,280.0,124600,0.0,0.0
2022-08-15,278.0,280.0,262.0,262.0,425900,0.0,0.0
2022-08-16,252.0,262.0,252.0,254.0,10200,0.0,0.0
2022-08-18,252.0,252.0,248.0,252.0,15900,0.0,0.0
2022-08-19,260.0,260.0,250.0,250.0,69500,0.0,0.0
2022-08-22,250.0,252.0,248.0,252.0,37300,0.0,0.0
2022-08-23,250.0,252.0,250.0,252.0,4300,0.0,0.0
2022-08-24,252.0,252.0,244.0,248.0,32900,0.0,0.0
2022-08-25,248.0,250.0,242.0,250.0,22700,0.0,0.0
2022-08-26,252.0,258.0,250.0,254.0,28300,0.0,0.0
2022-08-29,254.0,254.0,250.0,250.0,46400,0.0,0.0
2022-08-30,252.0,252.0,248.0,248.0,79500,0.0,0.0
2022-08-31,248.0,252.0,246.0,248.0,15700,0.0,0.0
2022-09-01,248.0,250.0,244.0,248.0,31700,0.0,0.0
2022-09-02,244.0,248.0,244.0,246.0,43500,0.0,0.0
2022-09-05,252.0,252.0,248.0,250.0,59500,0.0,0.0
2022-09-06,250.0,252.0,244.0,248.0,47400,0.0,0.0
2022-09-07,248.0,248.0,244.0,248.0,31700,0.0,0.0
2022-09-08,248.0,252.0,242.0,250.0,21200,0.0,0.0
2022-09-09,252.0,254.0,248.0,250.0,22200,0.0,0.0
2022-09-12,250.0,254.0,250.0,250.0,35400,0.0,0.0
2022-09-13,250.0,252.0,250.0,250.0,15900,0.0,0.0
2022-09-14,246.0,248.0,246.0,248.0,10700,0.0,0.0
2022-09-15,246.0,248.0,242.0,248.0,36300,0.0,0.0
2022-09-16,248.0,250.0,248.0,248.0,5500,0.0,0.0
2022-09-19,248.0,248.0,244.0,244.0,5500,0.0,0.0
2022-09-20,248.0,250.0,246.0,250.0,10100,0.0,0.0
2022-09-21,252.0,252.0,248.0,248.0,2200,0.0,0.0
2022-09-22,246.0,246.0,244.0,246.0,16600,0.0,0.0
2022-09-23,252.0,252.0,246.0,250.0,10100,0.0,0.0
2022-09-26,250.0,250.0,244.0,244.0,600,0.0,0.0
2022-09-27,244.0,250.0,244.0,250.0,9500,0.0,0.0
2022-09-28,240.0,250.0,240.0,246.0,17500,0.0,0.0
2022-09-29,246.0,250.0,246.0,250.0,8600,0.0,0.0
2022-09-30,250.0,250.0,234.0,242.0,35100,0.0,0.0
2022-10-03,242.0,250.0,242.0,248.0,9000,0.0,0.0
2022-10-04,248.0,248.0,248.0,248.0,300,0.0,0.0
2022-10-05,236.0,250.0,236.0,246.0,2200,0.0,0.0
2022-10-06,244.0,248.0,238.0,240.0,43300,0.0,0.0
2022-10-07,240.0,250.0,240.0,240.0,15200,0.0,0.0
2022-10-10,244.0,246.0,242.0,246.0,7600,0.0,0.0
2022-10-11,244.0,246.0,242.0,246.0,2800,0.0,0.0
2022-10-12,246.0,246.0,240.0,242.0,6100,0.0,0.0
2022-10-13,246.0,248.0,244.0,248.0,21600,0.0,0.0
2022-10-14,242.0,242.0,240.0,240.0,1900,0.0,0.0
2022-10-17,240.0,240.0,240.0,240.0,9600,0.0,0.0
2022-10-18,238.0,238.0,232.0,236.0,12800,0.0,0.0
2022-10-19,236.0,236.0,228.0,232.0,13300,0.0,0.0
2022-10-20,232.0,232.0,216.0,222.0,73600,0.0,0.0
2022-10-21,222.0,234.0,212.0,214.0,37400,0.0,0.0
2022-10-24,216.0,228.0,216.0,220.0,13200,0.0,0.0
2022-10-25,220.0,226.0,220.0,226.0,6300,0.0,0.0
2022-10-26,216.0,230.0,214.0,224.0,10500,0.0,0.0
2022-10-27,224.0,224.0,220.0,224.0,15500,0.0,0.0
2022-10-28,226.0,226.0,214.0,226.0,20600,0.0,0.0
2022-10-31,226.0,226.0,216.0,226.0,13900,0.0,0.0
2022-11-01,224.0,224.0,214.0,214.0,15900,0.0,0.0
2022-11-02,214.0,220.0,214.0,218.0,5100,0.0,0.0
2022-11-03,220.0,220.0,216.0,220.0,5600,0.0,0.0
2022-11-04,220.0,228.0,216.0,226.0,4800,0.0,0.0
2022-11-07,226.0,228.0,222.0,228.0,15400,0.0,0.0
2022-11-08,228.0,228.0,218.0,228.0,10800,0.0,0.0
2022-11-09,228.0,234.0,220.0,228.0,13600,0.0,0.0
2022-11-10,216.0,230.0,216.0,216.0,6600,0.0,0.0
2022-11-11,220.0,240.0,216.0,218.0,8900,0.0,0.0
2022-11-14,226.0,236.0,204.0,224.0,8700,0.0,0.0
2022-11-15,226.0,226.0,224.0,226.0,500,0.0,0.0
2022-11-16,226.0,234.0,212.0,212.0,22000,0.0,0.0
2022-11-17,212.0,236.0,212.0,230.0,41400,0.0,0.0
2022-11-18,234.0,234.0,218.0,222.0,25500,0.0,0.0
2022-11-21,222.0,226.0,222.0,224.0,18500,0.0,0.0
2022-11-22,222.0,226.0,222.0,226.0,6100,0.0,0.0
2022-11-23,226.0,228.0,216.0,228.0,14300,0.0,0.0
2022-11-24,228.0,228.0,220.0,220.0,7500,0.0,0.0
2022-11-25,230.0,230.0,220.0,226.0,700,0.0,0.0
2022-11-28,226.0,226.0,216.0,224.0,1800,0.0,0.0
2022-11-29,224.0,226.0,224.0,224.0,2600,0.0,0.0
2022-11-30,224.0,230.0,216.0,226.0,40700,0.0,0.0
2022-12-01,226.0,226.0,212.0,220.0,23700,0.0,0.0
2022-12-02,220.0,226.0,216.0,216.0,1000,0.0,0.0
2022-12-05,224.0,226.0,220.0,226.0,10200,0.0,0.0
2022-12-06,226.0,226.0,212.0,214.0,5200,0.0,0.0
2022-12-07,214.0,226.0,212.0,220.0,5400,0.0,0.0
2022-12-08,218.0,218.0,206.0,218.0,4300,0.0,0.0
2022-12-09,218.0,224.0,218.0,222.0,22800,0.0,0.0
2022-12-12,222.0,222.0,220.0,220.0,2800,0.0,0.0
2022-12-13,220.0,220.0,220.0,220.0,200,0.0,0.0
2022-12-14,220.0,226.0,218.0,218.0,6400,0.0,0.0
2022-12-15,212.0,218.0,212.0,212.0,15400,0.0,0.0
2022-12-16,212.0,220.0,212.0,218.0,2700,0.0,0.0
2022-12-19,218.0,218.0,210.0,212.0,5600,0.0,0.0
2022-12-20,212.0,216.0,212.0,212.0,6800,0.0,0.0
2022-12-21,212.0,214.0,208.0,212.0,1200,0.0,0.0
2022-12-22,212.0,214.0,210.0,210.0,6700,0.0,0.0
2022-12-23,210.0,210.0,210.0,210.0,4900,0.0,0.0
2022-12-26,210.0,218.0,210.0,216.0,16300,0.0,0.0
2022-12-27,216.0,218.0,212.0,216.0,17700,0.0,0.0
2022-12-28,212.0,212.0,202.0,210.0,4600,0.0,0.0
2022-12-29,214.0,214.0,210.0,212.0,23800,0.0,0.0
2022-12-30,212.0,214.0,206.0,206.0,22600,0.0,0.0
2023-01-02,206.0,216.0,206.0,214.0,3400,0.0,0.0
2023-01-03,220.0,266.0,218.0,266.0,705700,0.0,0.0
2023-01-04,266.0,292.0,248.0,248.0,688500,0.0,0.0
2023-01-05,248.0,310.0,232.0,284.0,1121300,0.0,0.0
2023-01-06,282.0,310.0,266.0,274.0,563500,0.0,0.0
2023-01-09,256.0,312.0,256.0,304.0,938700,0.0,0.0
2023-01-10,304.0,370.0,304.0,346.0,983600,0.0,0.0
2023-01-11,350.0,410.0,322.0,322.0,1276600,0.0,0.0
2023-01-12,322.0,334.0,300.0,300.0,115200,0.0,0.0
2023-01-13,286.0,286.0,280.0,280.0,70200,0.0,0.0
2023-01-16,262.0,268.0,262.0,262.0,291200,0.0,0.0
2023-01-17,262.0,324.0,244.0,244.0,543800,0.0,0.0
2023-01-18,242.0,266.0,228.0,228.0,472600,0.0,0.0
2023-01-19,228.0,266.0,216.0,232.0,634000,0.0,0.0
2023-01-20,234.0,238.0,226.0,230.0,138400,0.0,0.0
2023-01-24,228.0,238.0,228.0,232.0,53600,0.0,0.0
2023-01-25,234.0,236.0,232.0,232.0,139000,0.0,0.0
2023-01-26,236.0,240.0,232.0,234.0,87100,0.0,0.0
2023-01-27,234.0,246.0,234.0,238.0,46200,0.0,0.0
2023-01-30,244.0,296.0,244.0,296.0,897900,0.0,0.0
2023-01-31,340.0,346.0,276.0,282.0,1241700,0.0,0.0
2023-02-01,282.0,286.0,264.0,270.0,476900,0.0,0.0
2023-02-02,268.0,308.0,256.0,284.0,1183600,0.0,0.0
2023-02-03,284.0,330.0,274.0,320.0,5410500,0.0,0.0
2023-02-06,320.0,332.0,298.0,330.0,1750900,0.0,0.0
2023-02-07,330.0,340.0,322.0,332.0,1384300,0.0,0.0
2023-02-08,332.0,374.0,326.0,374.0,1612300,0.0,0.0
2023-02-09,374.0,378.0,368.0,370.0,476800,0.0,0.0
2023-02-10,372.0,376.0,356.0,366.0,275000,0.0,0.0
2023-02-13,362.0,366.0,348.0,350.0,512500,0.0,0.0
2023-02-14,350.0,352.0,326.0,348.0,142300,0.0,0.0
2023-02-15,342.0,344.0,336.0,344.0,43400,0.0,0.0
2023-02-16,340.0,344.0,330.0,330.0,136000,0.0,0.0
2023-02-17,330.0,330.0,312.0,326.0,97700,0.0,0.0
2023-02-20,326.0,326.0,304.0,326.0,315300,0.0,0.0
2023-02-21,318.0,330.0,304.0,316.0,92300,0.0,0.0
2023-02-22,314.0,322.0,306.0,320.0,33700,0.0,0.0
2023-02-23,320.0,320.0,298.0,304.0,147900,0.0,0.0
2023-02-24,302.0,308.0,284.0,304.0,64000,0.0,0.0
2023-02-27,304.0,306.0,286.0,302.0,62300,0.0,0.0
2023-02-28,298.0,334.0,282.0,296.0,1326400,0.0,0.0
2023-03-01,304.0,304.0,286.0,296.0,35100,0.0,0.0
2023-03-02,286.0,340.0,280.0,288.0,2763800,0.0,0.0
2023-03-03,288.0,302.0,288.0,296.0,138700,0.0,0.0
2023-03-06,294.0,320.0,294.0,300.0,51400,0.0,0.0
2023-03-07,292.0,316.0,292.0,308.0,146900,0.0,0.0
2023-03-08,312.0,322.0,298.0,300.0,183300,0.0,0.0
2023-03-09,300.0,306.0,296.0,304.0,116400,0.0,0.0
2023-03-10,304.0,346.0,300.0,346.0,1169900,0.0,0.0
2023-03-13,350.0,398.0,346.0,382.0,3407700,0.0,0.0
2023-03-14,378.0,380.0,368.0,368.0,1277600,0.0,0.0
2023-03-15,360.0,370.0,344.0,352.0,1137300,0.0,0.0
2023-03-16,352.0,352.0,328.0,328.0,343300,0.0,0.0
2023-03-17,328.0,340.0,306.0,328.0,617500,0.0,0.0
2023-03-20,328.0,340.0,306.0,308.0,368700,0.0,0.0
2023-03-21,308.0,318.0,300.0,306.0,195800,0.0,0.0
2023-03-24,306.0,338.0,294.0,302.0,911700,0.0,0.0
