Date,Open,High,Low,Close,Volume,Dividends,Stock Splits
2017-07-06,424.0,424.0,424.0,424.0,191900,0,0
2017-07-07,530.0,530.0,510.0,530.0,6325600,0,0
2017-07-10,550.0,650.0,505.0,525.0,5907900,0,0
2017-07-11,530.0,550.0,492.0,550.0,3778000,0,0
2017-07-12,550.0,630.0,550.0,565.0,2359600,0,0
2017-07-13,570.0,575.0,520.0,525.0,1293400,0,0
2017-07-14,530.0,530.0,486.0,494.0,1337400,0,0
2017-07-17,494.0,560.0,482.0,510.0,833500,0,0
2017-07-18,510.0,515.0,488.0,492.0,313200,0,0
2017-07-19,498.0,510.0,492.0,510.0,301900,0,0
2017-07-20,500.0,515.0,496.0,498.0,452000,0,0
2017-07-21,498.0,505.0,482.0,498.0,708100,0,0
2017-07-24,498.0,500.0,490.0,490.0,221000,0,0
2017-07-25,490.0,492.0,474.0,474.0,172100,0,0
2017-07-26,478.0,484.0,466.0,468.0,172500,0,0
2017-07-27,468.0,505.0,448.0,500.0,397400,0,0
2017-07-28,500.0,500.0,452.0,470.0,82600,0,0
2017-07-31,470.0,472.0,464.0,464.0,39300,0,0
2017-08-01,464.0,505.0,464.0,488.0,799700,0,0
2017-08-02,488.0,500.0,486.0,488.0,63000,0,0
2017-08-03,488.0,496.0,480.0,480.0,100300,0,0
2017-08-04,480.0,484.0,460.0,476.0,173900,0,0
2017-08-07,480.0,480.0,454.0,454.0,82900,0,0
2017-08-08,454.0,478.0,428.0,458.0,696200,0,0
2017-08-09,458.0,466.0,436.0,436.0,62200,0,0
2017-08-10,436.0,436.0,428.0,430.0,168100,0,0
2017-08-11,430.0,430.0,414.0,414.0,51400,0,0
2017-08-14,414.0,414.0,388.0,398.0,104900,0,0
2017-08-15,398.0,398.0,390.0,390.0,44400,0,0
2017-08-16,380.0,436.0,380.0,402.0,142500,0,0
2017-08-17,402.0,402.0,402.0,402.0,0,0,0
2017-08-18,412.0,412.0,388.0,388.0,38600,0,0
2017-08-21,388.0,394.0,388.0,388.0,133300,0,0
2017-08-22,388.0,388.0,342.0,350.0,97900,0,0
2017-08-23,354.0,354.0,346.0,350.0,95400,0,0
2017-08-24,352.0,354.0,340.0,354.0,6700,0,0
2017-08-25,350.0,350.0,344.0,348.0,20900,0,0
2017-08-28,342.0,342.0,292.0,300.0,589400,0,0
2017-08-29,300.0,374.0,300.0,374.0,692400,0,0
2017-08-30,390.0,464.0,380.0,392.0,6431400,0,0
2017-08-31,394.0,414.0,360.0,388.0,1826700,0,0
2017-09-01,388.0,388.0,388.0,388.0,0,0,0
2017-09-04,386.0,386.0,360.0,372.0,209200,0,0
2017-09-05,374.0,386.0,320.0,330.0,359800,0,0
2017-09-06,330.0,350.0,312.0,316.0,157400,0,0
2017-09-07,316.0,346.0,316.0,326.0,173500,0,0
2017-09-08,326.0,332.0,318.0,328.0,63400,0,0
2017-09-11,328.0,342.0,320.0,328.0,106600,0,0
2017-09-12,328.0,332.0,316.0,328.0,247800,0,0
2017-09-13,330.0,330.0,324.0,324.0,46400,0,0
2017-09-14,318.0,330.0,316.0,318.0,184500,0,0
2017-09-15,326.0,326.0,316.0,324.0,63100,0,0
2017-09-18,332.0,360.0,332.0,342.0,8600,0,0
2017-09-19,320.0,380.0,316.0,326.0,402300,0,0
2017-09-20,330.0,338.0,320.0,320.0,113300,0,0
2017-09-21,320.0,320.0,320.0,320.0,0,0,0
2017-09-22,328.0,332.0,318.0,326.0,6300,0,0
2017-09-25,332.0,332.0,306.0,308.0,55000,0,0
2017-09-26,308.0,310.0,300.0,300.0,79400,0,0
2017-09-27,310.0,314.0,304.0,308.0,32300,0,0
2017-09-28,308.0,308.0,308.0,308.0,2900,0,0
2017-09-29,308.0,312.0,302.0,302.0,4300,0,0
2017-10-02,308.0,308.0,302.0,302.0,25500,0,0
2017-10-03,308.0,316.0,308.0,310.0,4300,0,0
2017-10-04,310.0,312.0,310.0,310.0,46700,0,0
2017-10-05,308.0,308.0,302.0,306.0,18600,0,0
2017-10-06,302.0,304.0,290.0,302.0,93500,0,0
2017-10-09,300.0,304.0,296.0,300.0,87300,0,0
2017-10-10,298.0,308.0,296.0,300.0,195700,0,0
2017-10-11,308.0,308.0,300.0,308.0,60700,0,0
2017-10-12,308.0,310.0,302.0,302.0,150500,0,0
2017-10-13,310.0,332.0,300.0,318.0,88500,0,0
2017-10-16,322.0,322.0,308.0,322.0,48500,0,0
2017-10-17,316.0,324.0,308.0,324.0,54100,0,0
2017-10-18,324.0,330.0,314.0,326.0,26100,0,0
2017-10-19,310.0,324.0,310.0,322.0,48400,0,0
2017-10-20,322.0,330.0,322.0,324.0,23300,0,0
2017-10-23,316.0,338.0,314.0,334.0,98900,0,0
2017-10-24,332.0,332.0,320.0,332.0,19900,0,0
2017-10-25,320.0,378.0,320.0,332.0,30700,0,0
2017-10-26,348.0,348.0,318.0,330.0,26400,0,0
2017-10-27,320.0,330.0,318.0,328.0,34500,0,0
2017-10-30,320.0,320.0,300.0,302.0,78200,0,0
2017-10-31,304.0,314.0,304.0,312.0,92100,0,0
2017-11-01,314.0,314.0,280.0,308.0,90500,0,0
2017-11-02,308.0,308.0,282.0,304.0,55100,0,0
2017-11-03,308.0,310.0,300.0,300.0,17900,0,0
2017-11-06,308.0,320.0,300.0,320.0,11300,0,0
2017-11-07,302.0,308.0,302.0,308.0,28200,0,0
2017-11-08,300.0,314.0,282.0,314.0,88600,0,0
2017-11-09,300.0,312.0,300.0,312.0,34400,0,0
2017-11-10,308.0,308.0,308.0,308.0,2400,0,0
2017-11-13,300.0,300.0,300.0,300.0,4400,0,0
2017-11-14,306.0,306.0,294.0,300.0,56900,0,0
2017-11-15,300.0,318.0,290.0,292.0,122200,0,0
2017-11-16,300.0,320.0,300.0,302.0,20300,0,0
2017-11-17,302.0,302.0,292.0,298.0,48100,0,0
2017-11-20,296.0,298.0,294.0,294.0,21400,0,0
2017-11-21,296.0,296.0,286.0,286.0,50000,0,0
2017-11-22,292.0,300.0,292.0,300.0,32900,0,0
2017-11-23,296.0,298.0,296.0,298.0,12100,0,0
2017-11-24,296.0,296.0,296.0,296.0,20000,0,0
2017-11-27,296.0,296.0,296.0,296.0,500,0,0
2017-11-28,296.0,300.0,290.0,300.0,27900,0,0
2017-11-29,300.0,300.0,300.0,300.0,5000,0,0
2017-11-30,300.0,300.0,284.0,300.0,16600,0,0
2017-12-01,300.0,300.0,300.0,300.0,0,0,0
2017-12-04,288.0,298.0,284.0,298.0,18800,0,0
2017-12-05,284.0,298.0,284.0,298.0,15200,0,0
2017-12-06,286.0,298.0,284.0,298.0,14000,0,0
2017-12-07,296.0,298.0,296.0,298.0,8000,0,0
2017-12-08,296.0,296.0,294.0,294.0,10100,0,0
2017-12-11,290.0,290.0,290.0,290.0,100,0,0
2017-12-12,284.0,284.0,284.0,284.0,700,0,0
2017-12-13,284.0,300.0,272.0,300.0,77900,0,0
2017-12-14,298.0,298.0,286.0,288.0,19700,0,0
2017-12-15,290.0,300.0,290.0,300.0,21100,0,0
2017-12-18,286.0,286.0,286.0,286.0,500,0,0
2017-12-19,298.0,298.0,298.0,298.0,10000,0,0
2017-12-20,298.0,298.0,298.0,298.0,0,0,0
2017-12-21,298.0,298.0,298.0,298.0,0,0,0
2017-12-22,294.0,300.0,294.0,300.0,40500,0,0
2017-12-25,300.0,300.0,300.0,300.0,0,0,0
2017-12-26,300.0,300.0,300.0,300.0,0,0,0
2017-12-27,300.0,300.0,300.0,300.0,0,0,0
2017-12-28,282.0,286.0,282.0,282.0,7400,0,0
2017-12-29,284.0,288.0,278.0,278.0,14500,0,0
2018-01-01,278.0,278.0,278.0,278.0,0,0,0
2018-01-02,288.0,296.0,288.0,296.0,4800,0,0
2018-01-03,296.0,296.0,296.0,296.0,0,0,0
2018-01-04,276.0,298.0,276.0,298.0,10700,0,0
2018-01-05,298.0,300.0,282.0,294.0,19600,0,0
2018-01-08,294.0,294.0,278.0,284.0,17000,0,0
2018-01-09,284.0,284.0,278.0,280.0,23900,0,0
2018-01-10,278.0,288.0,276.0,284.0,14700,0,0
2018-01-11,284.0,284.0,284.0,284.0,0,0,0
2018-01-12,280.0,282.0,278.0,282.0,1700,0,0
2018-01-15,276.0,296.0,270.0,296.0,69900,0,0
2018-01-16,282.0,292.0,278.0,286.0,35100,0,0
2018-01-17,288.0,288.0,278.0,288.0,33200,0,0
2018-01-18,280.0,290.0,280.0,290.0,3500,0,0
2018-01-19,280.0,286.0,280.0,286.0,7000,0,0
2018-01-22,290.0,290.0,282.0,286.0,56100,0,0
2018-01-23,284.0,284.0,276.0,282.0,3900,0,0
2018-01-24,286.0,286.0,284.0,284.0,200,0,0
2018-01-25,278.0,284.0,276.0,282.0,7000,0,0
2018-01-26,278.0,284.0,278.0,284.0,300,0,0
2018-01-29,284.0,288.0,276.0,282.0,6500,0,0
2018-01-30,286.0,286.0,282.0,284.0,300,0,0
2018-01-31,282.0,282.0,282.0,282.0,10000,0,0
2018-02-01,282.0,282.0,280.0,280.0,1000,0,0
2018-02-02,280.0,280.0,278.0,278.0,2500,0,0
2018-02-05,296.0,296.0,274.0,276.0,14600,0,0
2018-02-06,286.0,286.0,270.0,278.0,41900,0,0
2018-02-07,280.0,280.0,252.0,262.0,33500,0,0
2018-02-08,270.0,270.0,258.0,258.0,36200,0,0
2018-02-09,258.0,258.0,216.0,236.0,303400,0,0
2018-02-12,236.0,276.0,232.0,242.0,95200,0,0
2018-02-13,244.0,260.0,244.0,252.0,95300,0,0
2018-02-14,252.0,266.0,250.0,264.0,36000,0,0
2018-02-15,266.0,266.0,250.0,262.0,59800,0,0
2018-02-16,262.0,262.0,262.0,262.0,0,0,0
2018-02-19,262.0,268.0,250.0,250.0,5200,0,0
2018-02-20,266.0,268.0,250.0,254.0,9600,0,0
2018-02-21,268.0,268.0,256.0,268.0,28500,0,0
2018-02-22,260.0,268.0,256.0,260.0,48500,0,0
2018-02-23,262.0,262.0,250.0,254.0,95800,0,0
2018-02-26,256.0,256.0,248.0,254.0,32000,0,0
2018-02-27,248.0,252.0,240.0,248.0,89800,0,0
2018-02-28,248.0,248.0,248.0,248.0,2200,0,0
2018-03-01,248.0,248.0,248.0,248.0,5500,0,0
2018-03-02,248.0,252.0,240.0,242.0,281400,0,0
2018-03-05,242.0,242.0,242.0,242.0,0,0,0
2018-03-06,242.0,250.0,242.0,244.0,25600,0,0
2018-03-07,244.0,260.0,240.0,256.0,239700,0,0
2018-03-08,244.0,280.0,242.0,280.0,571600,0,0
2018-03-09,282.0,346.0,250.0,256.0,4842900,0,0
2018-03-12,258.0,266.0,250.0,256.0,553600,0,0
2018-03-13,256.0,264.0,248.0,254.0,278100,0,0
2018-03-14,258.0,260.0,230.0,246.0,274100,0,0
2018-03-15,248.0,248.0,234.0,244.0,116900,0,0
2018-03-16,238.0,244.0,202.0,224.0,344200,0,0
2018-03-19,226.0,240.0,222.0,226.0,136200,0,0
2018-03-20,230.0,232.0,224.0,228.0,15900,0,0
2018-03-21,236.0,236.0,210.0,234.0,276000,0,0
2018-03-22,224.0,238.0,224.0,228.0,28500,0,0
2018-03-23,228.0,238.0,220.0,228.0,18000,0,0
2018-03-26,222.0,236.0,214.0,228.0,34900,0,0
2018-03-27,228.0,232.0,220.0,230.0,11600,0,0
2018-03-28,230.0,230.0,228.0,230.0,400,0,0
2018-03-29,218.0,246.0,216.0,236.0,107900,0,0
2018-03-30,236.0,236.0,236.0,236.0,0,0,0
2018-04-02,222.0,228.0,218.0,226.0,13900,0,0
2018-04-03,216.0,224.0,216.0,222.0,52200,0,0
2018-04-04,226.0,226.0,214.0,222.0,64700,0,0
2018-04-05,226.0,256.0,216.0,238.0,109500,0,0
2018-04-06,224.0,250.0,222.0,232.0,38000,0,0
2018-04-09,234.0,248.0,224.0,226.0,212600,0,0
2018-04-10,238.0,238.0,200.0,222.0,161300,0,0
2018-04-11,222.0,234.0,200.0,202.0,988400,0,0
2018-04-12,204.0,206.0,200.0,204.0,175200,0,0
2018-04-13,204.0,206.0,200.0,204.0,19200,0,0
2018-04-16,204.0,204.0,204.0,204.0,0,0,0
2018-04-17,204.0,204.0,204.0,204.0,0,0,0
2018-04-18,202.0,206.0,200.0,202.0,87800,0,0
2018-04-19,202.0,202.0,202.0,202.0,0,0,0
2018-04-20,202.0,202.0,202.0,202.0,0,0,0
2018-04-23,202.0,202.0,198.0,202.0,9100,0,0
2018-04-24,202.0,202.0,197.0,202.0,46400,0,0
2018-04-25,202.0,202.0,202.0,202.0,0,0,0
2018-04-26,202.0,202.0,202.0,202.0,0,0,0
2018-04-27,202.0,202.0,202.0,202.0,0,0,0
2018-04-30,204.0,214.0,200.0,206.0,23000,0,0
2018-05-01,206.0,206.0,206.0,206.0,0,0,0
2018-05-02,208.0,208.0,192.0,198.0,106700,0,0
2018-05-03,198.0,208.0,190.0,200.0,64900,0,0
2018-05-04,200.0,202.0,180.0,181.0,1506400,0,0
2018-05-07,202.0,202.0,181.0,188.0,293400,0,0
2018-05-08,195.0,202.0,180.0,180.0,272900,0,0
2018-05-09,190.0,196.0,155.0,179.0,148700,0,0
2018-05-10,179.0,179.0,179.0,179.0,0,0,0
2018-05-11,186.0,192.0,175.0,185.0,35700,0,0
2018-05-14,185.0,192.0,180.0,186.0,64100,0,0
2018-05-15,186.0,186.0,180.0,185.0,38200,0,0
2018-05-16,184.0,186.0,174.0,183.0,22500,0,0
2018-05-17,175.0,189.0,170.0,175.0,343600,0,0
2018-05-18,175.0,212.0,174.0,188.0,911400,0,0
2018-05-21,188.0,196.0,186.0,192.0,7500,0,0
2018-05-22,192.0,192.0,180.0,185.0,29000,0,0
2018-05-23,185.0,193.0,181.0,190.0,123100,0,0
2018-05-24,190.0,190.0,190.0,190.0,0,0,0
2018-05-25,187.0,192.0,181.0,188.0,42700,0,0
2018-05-28,193.0,193.0,185.0,188.0,42200,0,0
2018-05-29,188.0,188.0,188.0,188.0,0,0,0
2018-05-30,188.0,204.0,186.0,193.0,113600,0,0
2018-05-31,192.0,193.0,187.0,190.0,26300,0,0
2018-06-01,190.0,190.0,190.0,190.0,0,0,0
2018-06-04,188.0,188.0,180.0,180.0,188800,0,0
2018-06-05,180.0,184.0,180.0,180.0,35800,0,0
2018-06-06,178.0,189.0,178.0,189.0,13600,0,0
2018-06-07,184.0,188.0,182.0,182.0,10800,0,0
2018-06-08,181.0,188.0,176.0,183.0,40100,0,0
2018-06-11,183.0,183.0,183.0,183.0,0,0,0
2018-06-12,183.0,183.0,183.0,183.0,0,0,0
2018-06-13,183.0,183.0,183.0,183.0,0,0,0
2018-06-14,183.0,183.0,183.0,183.0,0,0,0
2018-06-15,183.0,183.0,183.0,183.0,0,0,0
2018-06-18,183.0,183.0,183.0,183.0,0,0,0
2018-06-19,183.0,183.0,183.0,183.0,0,0,0
2018-06-20,180.0,183.0,179.0,183.0,1600,0,0
2018-06-21,179.0,183.0,173.0,178.0,3200,0,0
2018-06-22,182.0,195.0,174.0,181.0,24700,0,0
2018-06-25,180.0,184.0,174.0,175.0,39400,0,0
2018-06-26,175.0,176.0,160.0,172.0,71100,0,0
2018-06-27,161.0,179.0,151.0,175.0,38300,0,0
2018-06-28,175.0,191.0,167.0,190.0,309000,0,0
2018-06-29,185.0,185.0,170.0,172.0,60600,0,0
2018-07-02,176.0,179.0,161.0,176.0,8700,0,0
2018-07-03,176.0,180.0,166.0,170.0,23600,0,0
2018-07-04,170.0,173.0,160.0,169.0,72000,0,0
2018-07-05,172.0,177.0,161.0,177.0,27200,0,0
2018-07-06,166.0,177.0,166.0,176.0,48600,0,0
2018-07-09,168.0,175.0,158.0,158.0,121300,0,0
2018-07-10,158.0,164.0,158.0,162.0,4400,0,0
2018-07-11,163.0,173.0,163.0,164.0,27900,0,0
2018-07-12,170.0,206.0,160.0,161.0,2990600,0,0
2018-07-13,161.0,164.0,158.0,158.0,264500,0,0
2018-07-16,158.0,166.0,158.0,165.0,40600,0,0
2018-07-17,166.0,195.0,165.0,173.0,2429600,0,0
2018-07-18,170.0,176.0,160.0,160.0,281400,0,0
2018-07-19,168.0,172.0,161.0,161.0,32600,0,0
2018-07-20,161.0,161.0,160.0,161.0,2600,0,0
2018-07-23,160.0,160.0,158.0,159.0,11700,0,0
2018-07-24,160.0,163.0,159.0,163.0,7400,0,0
2018-07-25,163.0,163.0,159.0,159.0,16600,0,0
2018-07-26,159.0,164.0,159.0,164.0,1800,0,0
2018-07-27,164.0,164.0,164.0,164.0,0,0,0
2018-07-30,163.0,163.0,163.0,163.0,300,0,0
2018-07-31,163.0,163.0,161.0,161.0,2200,0,0
2018-08-01,158.0,160.0,158.0,158.0,21200,0,0
2018-08-02,159.0,159.0,158.0,158.0,15500,0,0
2018-08-03,158.0,158.0,155.0,157.0,6200,0,0
2018-08-06,157.0,165.0,157.0,165.0,3300,0,0
2018-08-07,159.0,159.0,154.0,154.0,20400,0,0
2018-08-08,155.0,155.0,154.0,154.0,10800,0,0
2018-08-09,155.0,156.0,154.0,156.0,16600,0,0
2018-08-10,156.0,156.0,156.0,156.0,23700,0,0
2018-08-13,154.0,154.0,150.0,150.0,21900,0,0
2018-08-14,150.0,151.0,150.0,150.0,30000,0,0
2018-08-15,152.0,152.0,146.0,146.0,12900,0,0
2018-08-16,146.0,146.0,146.0,146.0,0,0,0
2018-08-17,146.0,146.0,146.0,146.0,0,0,0
2018-08-20,150.0,150.0,146.0,146.0,16200,0,0
2018-08-21,146.0,155.0,146.0,155.0,18000,0,0
2018-08-22,155.0,155.0,155.0,155.0,0,0,0
2018-08-23,159.0,159.0,146.0,154.0,8500,0,0
2018-08-24,152.0,152.0,146.0,146.0,4200,0,0
2018-08-27,150.0,150.0,146.0,146.0,14000,0,0
2018-08-28,146.0,147.0,146.0,146.0,27200,0,0
2018-08-29,146.0,146.0,146.0,146.0,1000,0,0
2018-08-30,147.0,147.0,146.0,147.0,5100,0,0
2018-08-31,146.0,149.0,146.0,149.0,10100,0,0
2018-09-03,148.0,152.0,148.0,152.0,300,0,0
2018-09-04,145.0,145.0,145.0,145.0,2000,0,0
2018-09-05,144.0,144.0,135.0,135.0,17200,0,0
2018-09-06,135.0,135.0,135.0,135.0,0,0,0
2018-09-07,136.0,160.0,136.0,160.0,2300,0,0
2018-09-10,157.0,157.0,144.0,154.0,500,0,0
2018-09-11,154.0,154.0,154.0,154.0,0,0,0
2018-09-12,154.0,154.0,154.0,154.0,0,0,0
2018-09-13,154.0,154.0,154.0,154.0,0,0,0
2018-09-14,144.0,144.0,139.0,144.0,10000,0,0
2018-09-17,144.0,144.0,144.0,144.0,0,0,0
2018-09-18,144.0,144.0,144.0,144.0,0,0,0
2018-09-19,144.0,144.0,144.0,144.0,0,0,0
2018-09-20,142.0,142.0,140.0,142.0,1300,0,0
2018-09-21,141.0,141.0,132.0,140.0,5300,0,0
2018-09-24,140.0,140.0,140.0,140.0,0,0,0
2018-09-25,140.0,140.0,140.0,140.0,0,0,0
2018-09-26,143.0,143.0,140.0,140.0,1500,0,0
2018-09-27,136.0,136.0,136.0,136.0,600,0,0
2018-09-28,137.0,138.0,136.0,138.0,4200,0,0
2018-10-01,138.0,146.0,138.0,138.0,3300,0,0
2018-10-02,138.0,138.0,138.0,138.0,0,0,0
2018-10-03,145.0,145.0,132.0,132.0,54100,0,0
2018-10-04,131.0,132.0,131.0,132.0,1100,0,0
2018-10-05,138.0,138.0,138.0,138.0,200,0,0
2018-10-08,138.0,138.0,136.0,138.0,900,0,0
2018-10-09,138.0,138.0,138.0,138.0,0,0,0
2018-10-10,138.0,138.0,138.0,138.0,0,0,0
2018-10-11,138.0,138.0,138.0,138.0,0,0,0
2018-10-12,133.0,133.0,133.0,133.0,3500,0,0
2018-10-15,133.0,138.0,124.0,133.0,103200,0,0
2018-10-16,134.0,134.0,134.0,134.0,100,0,0
2018-10-17,130.0,130.0,125.0,125.0,28300,0,0
2018-10-18,125.0,128.0,125.0,128.0,15700,0,0
2018-10-19,128.0,131.0,128.0,131.0,4400,0,0
2018-10-22,131.0,132.0,131.0,131.0,6600,0,0
2018-10-23,130.0,131.0,130.0,131.0,1000,0,0
2018-10-24,131.0,134.0,125.0,130.0,23300,0,0
2018-10-25,128.0,128.0,125.0,125.0,6500,0,0
2018-10-26,128.0,134.0,127.0,134.0,15500,0,0
2018-10-29,134.0,139.0,130.0,139.0,5700,0,0
2018-10-30,137.0,138.0,128.0,133.0,7100,0,0
2018-10-31,128.0,130.0,125.0,128.0,2000,0,0
2018-11-01,127.0,131.0,126.0,130.0,13900,0,0
2018-11-02,127.0,139.0,110.0,130.0,129100,0,0
2018-11-05,130.0,140.0,128.0,128.0,7100,0,0
2018-11-06,130.0,132.0,128.0,132.0,12900,0,0
2018-11-07,131.0,131.0,131.0,131.0,200,0,0
2018-11-08,134.0,144.0,130.0,135.0,5300,0,0
2018-11-09,130.0,135.0,130.0,135.0,7300,0,0
2018-11-12,131.0,140.0,131.0,138.0,27400,0,0
2018-11-13,135.0,139.0,128.0,132.0,36300,0,0
2018-11-14,130.0,136.0,128.0,130.0,60100,0,0
2018-11-15,130.0,132.0,129.0,131.0,4700,0,0
2018-11-16,131.0,144.0,131.0,135.0,17100,0,0
2018-11-19,131.0,140.0,131.0,140.0,27200,0,0
2018-11-20,140.0,140.0,140.0,140.0,0,0,0
2018-11-21,138.0,150.0,130.0,140.0,56600,0,0
2018-11-22,133.0,138.0,130.0,138.0,24300,0,0
2018-11-23,133.0,133.0,130.0,131.0,16200,0,0
2018-11-26,131.0,131.0,131.0,131.0,0,0,0
2018-11-27,126.0,131.0,114.0,115.0,45800,0,0
2018-11-28,110.0,119.0,101.0,112.0,233500,0,0
2018-11-29,112.0,126.0,106.0,118.0,101200,0,0
2018-11-30,118.0,122.0,114.0,119.0,48600,0,0
2018-12-03,114.0,114.0,106.0,106.0,3300,0,0
2018-12-04,110.0,120.0,107.0,114.0,24500,0,0
2018-12-05,123.0,123.0,111.0,117.0,4600,0,0
2018-12-06,114.0,118.0,110.0,116.0,26800,0,0
2018-12-07,111.0,117.0,111.0,117.0,2900,0,0
2018-12-10,118.0,120.0,114.0,120.0,13800,0,0
2018-12-11,120.0,120.0,105.0,105.0,122600,0,0
2018-12-12,105.0,114.0,104.0,106.0,51200,0,0
2018-12-13,108.0,114.0,106.0,109.0,27900,0,0
2018-12-14,105.0,114.0,105.0,114.0,33800,0,0
2018-12-17,120.0,120.0,107.0,116.0,8400,0,0
2018-12-18,116.0,118.0,113.0,118.0,2400,0,0
2018-12-19,118.0,118.0,108.0,109.0,33600,0,0
2018-12-20,107.0,112.0,101.0,108.0,90500,0,0
2018-12-21,105.0,111.0,105.0,110.0,37000,0,0
2018-12-24,110.0,110.0,110.0,110.0,0,0,0
2018-12-25,110.0,110.0,110.0,110.0,0,0,0
2018-12-26,110.0,117.0,105.0,108.0,12300,0,0
2018-12-27,106.0,107.0,101.0,106.0,16000,0,0
2018-12-28,106.0,106.0,106.0,106.0,0,0,0
2018-12-31,106.0,106.0,106.0,106.0,0,0,0
2019-01-01,106.0,106.0,106.0,106.0,0,0,0
2019-01-02,109.0,114.0,103.0,104.0,157600,0,0
2019-01-03,104.0,104.0,104.0,104.0,0,0,0
2019-01-04,110.0,120.0,105.0,107.0,40800,0,0
2019-01-07,107.0,111.0,105.0,107.0,32000,0,0
2019-01-08,107.0,109.0,106.0,109.0,25300,0,0
2019-01-09,110.0,111.0,106.0,110.0,2600,0,0
2019-01-10,109.0,110.0,102.0,106.0,6600,0,0
2019-01-11,106.0,107.0,106.0,107.0,2300,0,0
2019-01-14,111.0,111.0,111.0,111.0,100,0,0
2019-01-15,106.0,111.0,105.0,106.0,70300,0,0
2019-01-16,110.0,110.0,103.0,109.0,14900,0,0
2019-01-17,111.0,111.0,109.0,109.0,40300,0,0
2019-01-18,111.0,111.0,109.0,110.0,15400,0,0
2019-01-21,110.0,114.0,110.0,111.0,7000,0,0
2019-01-22,115.0,115.0,108.0,108.0,5900,0,0
2019-01-23,109.0,110.0,106.0,106.0,37500,0,0
2019-01-24,107.0,120.0,107.0,117.0,20700,0,0
2019-01-25,117.0,117.0,108.0,108.0,19100,0,0
2019-01-28,108.0,108.0,108.0,108.0,0,0,0
2019-01-29,108.0,108.0,108.0,108.0,0,0,0
2019-01-30,115.0,115.0,102.0,110.0,44400,0,0
2019-01-31,108.0,108.0,108.0,108.0,22400,0,0
2019-02-01,108.0,108.0,108.0,108.0,0,0,0
2019-02-04,110.0,110.0,103.0,105.0,14000,0,0
2019-02-05,105.0,105.0,105.0,105.0,0,0,0
2019-02-06,104.0,106.0,104.0,105.0,52700,0,0
2019-02-07,105.0,115.0,105.0,109.0,244900,0,0
2019-02-08,119.0,119.0,110.0,110.0,25700,0,0
2019-02-11,116.0,116.0,106.0,108.0,43300,0,0
2019-02-12,108.0,108.0,106.0,106.0,13500,0,0
2019-02-13,106.0,110.0,106.0,108.0,24000,0,0
2019-02-14,110.0,110.0,108.0,108.0,1200,0,0
2019-02-15,108.0,108.0,108.0,108.0,0,0,0
2019-02-18,108.0,108.0,108.0,108.0,0,0,0
2019-02-19,114.0,114.0,106.0,111.0,2700,0,0
2019-02-20,111.0,111.0,111.0,111.0,0,0,0
2019-02-21,118.0,118.0,112.0,112.0,2900,0,0
2019-02-22,113.0,113.0,109.0,112.0,2500,0,0
2019-02-25,113.0,114.0,103.0,106.0,24700,0,0
2019-02-26,115.0,115.0,106.0,106.0,10500,0,0
2019-02-27,106.0,109.0,103.0,108.0,10300,0,0
2019-02-28,105.0,105.0,103.0,103.0,18300,0,0
2019-03-01,113.0,113.0,102.0,102.0,7800,0,0
2019-03-04,106.0,106.0,103.0,104.0,40600,0,0
2019-03-05,109.0,109.0,102.0,102.0,22800,0,0
2019-03-06,101.0,107.0,100.0,103.0,335600,0,0
2019-03-07,103.0,103.0,103.0,103.0,0,0,0
2019-03-08,107.0,107.0,102.0,106.0,500,0,0
2019-03-11,107.0,108.0,107.0,107.0,41400,0,0
2019-03-12,107.0,107.0,107.0,107.0,0,0,0
2019-03-13,108.0,108.0,108.0,108.0,600,0,0
2019-03-14,107.0,107.0,106.0,106.0,5500,0,0
2019-03-15,107.0,107.0,107.0,107.0,200,0,0
2019-03-18,107.0,107.0,107.0,107.0,0,0,0
2019-03-19,105.0,105.0,103.0,103.0,7000,0,0
2019-03-20,103.0,103.0,103.0,103.0,0,0,0
2019-03-21,108.0,108.0,107.0,107.0,2000,0,0
2019-03-22,110.0,110.0,109.0,109.0,200,0,0
2019-03-25,109.0,109.0,109.0,109.0,0,0,0
2019-03-26,109.0,109.0,109.0,109.0,200,0,0
2019-03-27,109.0,109.0,109.0,109.0,0,0,0
2019-03-28,107.0,107.0,107.0,107.0,500,0,0
2019-03-29,106.0,106.0,105.0,105.0,2400,0,0
2019-04-01,105.0,105.0,100.0,105.0,19500,0,0
2019-04-02,105.0,105.0,105.0,105.0,0,0,0
2019-04-03,105.0,105.0,105.0,105.0,0,0,0
2019-04-04,104.0,104.0,104.0,104.0,100,0,0
2019-04-05,105.0,106.0,105.0,105.0,19200,0,0
2019-04-08,102.0,105.0,100.0,105.0,8500,0,0
2019-04-09,105.0,109.0,105.0,105.0,84400,0,0
2019-04-10,105.0,108.0,105.0,106.0,25300,0,0
2019-04-11,106.0,120.0,106.0,111.0,145200,0,0
2019-04-12,116.0,118.0,116.0,117.0,52600,0,0
2019-04-15,121.0,124.0,114.0,121.0,101600,0,0
2019-04-16,128.0,128.0,118.0,120.0,11600,0,0
2019-04-17,120.0,120.0,120.0,120.0,0,0,0
2019-04-18,120.0,122.0,118.0,122.0,63300,0,0
2019-04-19,122.0,122.0,122.0,122.0,0,0,0
2019-04-22,120.0,121.0,104.0,113.0,29800,0,0
2019-04-23,102.0,120.0,102.0,120.0,500,0,0
2019-04-24,111.0,120.0,111.0,120.0,1000,0,0
2019-04-25,120.0,120.0,120.0,120.0,0,0,0
2019-04-26,120.0,120.0,111.0,120.0,28500,0,0
2019-04-29,122.0,126.0,120.0,120.0,62100,0,0
2019-04-30,120.0,120.0,120.0,120.0,3000,0,0
2019-05-01,120.0,120.0,120.0,120.0,0,0,0
2019-05-02,112.0,124.0,111.0,124.0,16400,0,0
2019-05-03,120.0,120.0,120.0,120.0,20000,0,0
2019-05-06,120.0,120.0,120.0,120.0,16300,0,0
2019-05-07,124.0,124.0,120.0,120.0,20100,0,0
2019-05-08,120.0,124.0,120.0,120.0,2700,0,0
2019-05-09,120.0,123.0,119.0,119.0,2800,0,0
2019-05-10,119.0,119.0,119.0,119.0,0,0,0
2019-05-13,119.0,124.0,119.0,124.0,20200,0,0
2019-05-14,119.0,124.0,119.0,124.0,5800,0,0
2019-05-15,119.0,119.0,118.0,118.0,6100,0,0
2019-05-16,115.0,124.0,115.0,124.0,1400,0,0
2019-05-17,122.0,122.0,122.0,122.0,7000,0,0
2019-05-20,122.0,122.0,115.0,115.0,200,0,0
2019-05-21,120.0,120.0,120.0,120.0,100,0,0
2019-05-22,115.0,122.0,115.0,122.0,10100,0,0
2019-05-23,122.0,122.0,122.0,122.0,400,0,0
2019-05-24,124.0,124.0,124.0,124.0,400,0,0
2019-05-27,112.0,123.0,103.0,107.0,118100,0,0
2019-05-28,116.0,116.0,116.0,116.0,1400,0,0
2019-05-29,116.0,120.0,108.0,108.0,8200,0,0
2019-05-30,108.0,108.0,108.0,108.0,0,0,0
2019-05-31,110.0,118.0,110.0,118.0,1200,0,0
2019-06-03,118.0,118.0,118.0,118.0,0,0,0
2019-06-04,118.0,118.0,118.0,118.0,0,0,0
2019-06-05,118.0,118.0,118.0,118.0,0,0,0
2019-06-06,118.0,118.0,118.0,118.0,0,0,0
2019-06-07,118.0,118.0,118.0,118.0,0,0,0
2019-06-10,118.0,118.0,109.0,111.0,3800,0,0
2019-06-11,115.0,115.0,115.0,115.0,100,0,0
2019-06-12,116.0,116.0,105.0,106.0,206100,0,0
2019-06-13,108.0,112.0,108.0,108.0,68500,0,0
2019-06-14,108.0,108.0,106.0,106.0,24300,0,0
2019-06-17,108.0,109.0,108.0,108.0,5400,0,0
2019-06-18,106.0,109.0,106.0,109.0,7200,0,0
2019-06-20,109.0,109.0,109.0,109.0,0,0,0
2019-06-21,106.0,109.0,106.0,109.0,28100,0,0
2019-06-24,109.0,111.0,109.0,111.0,58400,0,0
2019-06-25,111.0,111.0,111.0,111.0,0,0,0
2019-06-26,111.0,111.0,108.0,111.0,14300,0,0
2019-06-27,111.0,115.0,111.0,115.0,32300,0,0
2019-06-28,111.0,113.0,111.0,113.0,8500,0,0
2019-07-01,114.0,140.0,106.0,108.0,142400,0,0
2019-07-02,114.0,139.0,112.0,116.0,67300,0,0
2019-07-03,116.0,130.0,112.0,115.0,28000,0,0
2019-07-04,120.0,120.0,115.0,115.0,23800,0,0
2019-07-05,114.0,121.0,112.0,121.0,36500,0,0
2019-07-08,131.0,131.0,106.0,120.0,16900,0,0
2019-07-09,120.0,120.0,118.0,118.0,1400,0,0
2019-07-10,117.0,117.0,117.0,117.0,500,0,0
2019-07-11,115.0,115.0,115.0,115.0,100,0,0
2019-07-12,115.0,115.0,115.0,115.0,10300,0,0
2019-07-15,113.0,113.0,110.0,112.0,2600,0,0
2019-07-16,106.0,108.0,106.0,107.0,11800,0,0
2019-07-17,111.0,111.0,108.0,108.0,12800,0,0
2019-07-18,108.0,108.0,108.0,108.0,14200,0,0
2019-07-19,106.0,108.0,105.0,108.0,24500,0,0
2019-07-22,106.0,106.0,106.0,106.0,800,0,0
2019-07-23,107.0,107.0,107.0,107.0,2900,0,0
2019-07-24,107.0,110.0,107.0,110.0,1200,0,0
2019-07-25,112.0,112.0,112.0,112.0,9100,0,0
2019-07-26,108.0,108.0,108.0,108.0,5000,0,0
2019-07-29,112.0,112.0,108.0,108.0,600,0,0
2019-07-30,108.0,108.0,108.0,108.0,1000,0,0
2019-07-31,112.0,113.0,112.0,113.0,2600,0,0
2019-08-01,113.0,113.0,113.0,113.0,0,0,0
2019-08-02,112.0,112.0,112.0,112.0,100,0,0
2019-08-05,112.0,112.0,112.0,112.0,0,0,0
2019-08-06,112.0,112.0,112.0,112.0,0,0,0
2019-08-07,112.0,112.0,112.0,112.0,5000,0,0
2019-08-08,111.0,115.0,108.0,115.0,2400,0,0
2019-08-09,115.0,115.0,115.0,115.0,0,0,0
2019-08-12,108.0,108.0,108.0,108.0,100,0,0
2019-08-13,108.0,110.0,108.0,110.0,2600,0,0
2019-08-14,108.0,114.0,107.0,114.0,24500,0,0
2019-08-15,106.0,108.0,102.0,106.0,8100,0,0
2019-08-16,106.0,106.0,101.0,103.0,3500,0,0
2019-08-19,105.0,110.0,105.0,107.0,1100,0,0
2019-08-20,101.0,107.0,101.0,103.0,17800,0,0
2019-08-21,104.0,104.0,103.0,103.0,2400,0,0
2019-08-22,101.0,103.0,100.0,103.0,10700,0,0
2019-08-23,103.0,103.0,103.0,103.0,100,0,0
2019-08-26,108.0,108.0,104.0,104.0,1100,0,0
2019-08-27,104.0,104.0,104.0,104.0,3000,0,0
2019-08-28,104.0,104.0,104.0,104.0,1100,0,0
2019-08-29,104.0,112.0,104.0,112.0,600,0,0
2019-08-30,117.0,117.0,110.0,113.0,3900,0,0
2019-09-02,113.0,113.0,106.0,106.0,1000,0,0
2019-09-03,106.0,106.0,106.0,106.0,800,0,0
2019-09-04,114.0,114.0,114.0,114.0,100,0,0
2019-09-05,114.0,118.0,109.0,118.0,165900,0,0
2019-09-06,118.0,159.0,118.0,158.0,607800,0,0
2019-09-09,160.0,212.0,151.0,212.0,1434000,0,0
2019-09-10,230.0,264.0,224.0,264.0,7219000,0,0
2019-09-11,280.0,290.0,214.0,232.0,5408600,0,0
2019-09-12,232.0,234.0,190.0,200.0,2745000,0,0
2019-09-13,202.0,218.0,196.0,202.0,877500,0,0
2019-09-16,202.0,204.0,176.0,185.0,620800,0,0
2019-09-17,190.0,230.0,178.0,187.0,3476900,0,0
2019-09-18,198.0,220.0,195.0,196.0,1965200,0,0
2019-09-19,199.0,202.0,180.0,186.0,892000,0,0
2019-09-20,186.0,189.0,178.0,181.0,253700,0,0
2019-09-23,179.0,210.0,176.0,198.0,2019600,0,0
2019-09-24,200.0,208.0,188.0,189.0,673200,0,0
2019-09-25,192.0,197.0,170.0,173.0,329000,0,0
2019-09-26,172.0,190.0,170.0,176.0,321200,0,0
2019-09-27,174.0,180.0,173.0,177.0,77100,0,0
2019-09-30,177.0,183.0,173.0,177.0,162600,0,0
2019-10-01,179.0,208.0,177.0,188.0,1166900,0,0
2019-10-02,189.0,192.0,185.0,185.0,342700,0,0
2019-10-03,188.0,192.0,175.0,180.0,289900,0,0
2019-10-04,180.0,180.0,177.0,177.0,32900,0,0
2019-10-07,177.0,182.0,170.0,175.0,63200,0,0
2019-10-08,175.0,175.0,171.0,174.0,6300,0,0
2019-10-09,173.0,180.0,173.0,174.0,76800,0,0
2019-10-10,172.0,175.0,165.0,172.0,103500,0,0
2019-10-11,170.0,174.0,165.0,165.0,11900,0,0
2019-10-14,170.0,183.0,169.0,176.0,25600,0,0
2019-10-15,176.0,176.0,172.0,172.0,14600,0,0
2019-10-16,172.0,173.0,172.0,173.0,400,0,0
2019-10-17,173.0,174.0,170.0,170.0,26500,0,0
2019-10-18,170.0,173.0,160.0,167.0,81900,0,0
2019-10-21,172.0,172.0,167.0,167.0,7600,0,0
2019-10-22,164.0,166.0,162.0,162.0,46000,0,0
2019-10-23,162.0,166.0,162.0,164.0,12300,0,0
2019-10-24,160.0,163.0,160.0,162.0,9700,0,0
2019-10-25,162.0,175.0,152.0,170.0,41500,0,0
2019-10-28,167.0,167.0,160.0,162.0,15400,0,0
2019-10-29,153.0,170.0,152.0,156.0,57800,0,0
2019-10-30,154.0,155.0,146.0,146.0,239000,0,0
2019-10-31,146.0,148.0,145.0,145.0,15600,0,0
2019-11-01,140.0,145.0,140.0,140.0,78500,0,0
2019-11-04,140.0,145.0,140.0,143.0,45500,0,0
2019-11-05,149.0,150.0,142.0,142.0,116900,0,0
2019-11-06,142.0,148.0,142.0,142.0,54700,0,0
2019-11-07,135.0,146.0,135.0,145.0,24700,0,0
2019-11-08,145.0,145.0,140.0,140.0,15600,0,0
2019-11-11,140.0,140.0,126.0,128.0,7900,0,0
2019-11-12,138.0,140.0,129.0,131.0,35300,0,0
2019-11-13,125.0,135.0,125.0,135.0,12400,0,0
2019-11-14,135.0,182.0,135.0,182.0,1295300,0,0
2019-11-15,190.0,244.0,190.0,244.0,19779100,0,0
2019-11-18,248.0,252.0,183.0,183.0,2339800,0,0
2019-11-19,170.0,170.0,119.0,129.0,5127000,0,0
2019-11-20,140.0,152.0,131.0,131.0,2306600,0,0
2019-11-21,121.0,140.0,120.0,128.0,1766600,0,0
2019-11-22,128.0,148.0,123.0,126.0,5818600,0,0
2019-11-25,126.0,147.0,126.0,143.0,5326200,0,0
2019-11-26,145.0,153.0,133.0,143.0,3055800,0,0
2019-11-27,133.0,145.0,130.0,138.0,1173600,0,0
2019-11-28,128.0,141.0,128.0,138.0,742200,0,0
2019-11-29,128.0,138.0,128.0,129.0,556500,0,0
2019-12-02,119.0,132.0,119.0,125.0,499300,0,0
2019-12-03,115.0,130.0,115.0,126.0,170300,0,0
2019-12-04,116.0,133.0,116.0,124.0,44100,0,0
2019-12-05,114.0,129.0,114.0,124.0,230500,0,0
2019-12-06,114.0,128.0,114.0,120.0,149800,0,0
2019-12-09,125.0,125.0,110.0,110.0,460300,0,0
2019-12-10,100.0,114.0,100.0,110.0,357000,0,0
2019-12-11,110.0,125.0,106.0,109.0,1456400,0,0
2019-12-12,108.0,123.0,108.0,110.0,484500,0,0
2019-12-13,110.0,116.0,107.0,108.0,305400,0,0
2019-12-16,108.0,118.0,108.0,108.0,218400,0,0
2019-12-17,106.0,111.0,106.0,110.0,40500,0,0
2019-12-18,103.0,112.0,103.0,107.0,177300,0,0
2019-12-19,112.0,129.0,111.0,111.0,1260400,0,0
2019-12-20,111.0,111.0,107.0,108.0,189700,0,0
2019-12-23,108.0,113.0,107.0,108.0,157800,0,0
2019-12-26,111.0,111.0,108.0,108.0,52000,0,0
2019-12-27,108.0,109.0,104.0,109.0,106800,0,0
2019-12-30,109.0,111.0,106.0,110.0,49700,0,0
2020-01-02,110.0,111.0,107.0,109.0,83600,0,0
2020-01-03,109.0,111.0,108.0,109.0,282900,0,0
2020-01-06,110.0,120.0,106.0,112.0,1350900,0,0
2020-01-07,115.0,119.0,111.0,112.0,543000,0,0
2020-01-08,112.0,113.0,108.0,112.0,73400,0,0
2020-01-09,109.0,112.0,108.0,110.0,189600,0,0
2020-01-10,110.0,121.0,110.0,112.0,176800,0,0
2020-01-13,109.0,115.0,109.0,113.0,491500,0,0
2020-01-14,110.0,112.0,109.0,109.0,130800,0,0
2020-01-15,109.0,112.0,108.0,109.0,90100,0,0
2020-01-16,109.0,117.0,109.0,111.0,274700,0,0
2020-01-17,112.0,113.0,109.0,110.0,91100,0,0
2020-01-20,110.0,112.0,109.0,110.0,309300,0,0
2020-01-21,110.0,112.0,100.0,100.0,284000,0,0
2020-01-22,112.0,135.0,105.0,106.0,12346800,0,0
2020-01-23,106.0,113.0,100.0,105.0,5192100,0,0
2020-01-24,95.0,107.0,95.0,101.0,1563000,0,0
2020-01-27,102.0,110.0,100.0,100.0,3672600,0,0
2020-01-28,90.0,106.0,90.0,99.0,1648600,0,0
2020-01-29,89.0,103.0,89.0,96.0,950000,0,0
2020-01-30,86.0,97.0,86.0,93.0,520600,0,0
2020-01-31,93.0,96.0,90.0,91.0,183300,0,0
2020-02-03,89.0,100.0,78.0,88.0,2185300,0,0
2020-02-04,88.0,98.0,85.0,90.0,2311100,0,0
2020-02-05,93.0,93.0,87.0,90.0,629800,0,0
2020-02-06,90.0,90.0,88.0,90.0,237200,0,0
2020-02-07,88.0,90.0,86.0,87.0,118800,0,0
2020-02-10,88.0,90.0,87.0,88.0,91300,0,0
2020-02-11,88.0,90.0,86.0,86.0,308900,0,0
2020-02-12,87.0,98.0,84.0,85.0,4097000,0,0
2020-02-13,86.0,88.0,75.0,76.0,880400,0,0
2020-02-14,79.0,86.0,72.0,74.0,1090300,0,0
2020-02-17,74.0,75.0,70.0,70.0,667400,0,0
2020-02-18,70.0,71.0,65.0,69.0,139000,0,0
2020-02-19,69.0,72.0,68.0,71.0,160400,0,0
2020-02-20,72.0,73.0,70.0,72.0,3800,0,0
2020-02-21,71.0,73.0,67.0,68.0,238300,0,0
2020-02-24,68.0,73.0,62.0,63.0,547200,0,0
2020-02-25,64.0,66.0,55.0,57.0,163000,0,0
2020-02-26,60.0,69.0,52.0,60.0,293300,0,0
2020-02-27,60.0,63.0,58.0,62.0,20700,0,0
2020-02-28,61.0,62.0,52.0,59.0,52700,0,0
2020-03-02,59.0,60.0,55.0,59.0,91400,0,0
2020-03-03,59.0,63.0,59.0,62.0,73600,0,0
2020-03-04,62.0,64.0,59.0,64.0,84300,0,0
2020-03-05,64.0,65.0,61.0,64.0,37600,0,0
2020-03-06,64.0,64.0,61.0,64.0,5300,0,0
2020-03-09,60.0,71.0,60.0,63.0,194500,0,0
2020-03-10,63.0,65.0,60.0,65.0,13200,0,0
2020-03-11,65.0,65.0,59.0,59.0,254800,0,0
2020-03-12,62.0,63.0,54.0,61.0,101400,0,0
2020-03-13,58.0,58.0,57.0,57.0,1400,0,0
2020-03-16,61.0,61.0,54.0,57.0,27800,0,0
2020-03-17,54.0,55.0,54.0,55.0,54600,0,0
2020-03-18,55.0,57.0,52.0,52.0,14100,0,0
2020-03-19,51.0,52.0,50.0,50.0,219400,0,0
2020-03-20,50.0,50.0,50.0,50.0,301100,0,0
2020-03-23,50.0,50.0,50.0,50.0,3800,0,0
2020-03-24,50.0,50.0,50.0,50.0,0,0,0
2020-03-26,50.0,50.0,50.0,50.0,270600,0,0
2020-03-27,50.0,56.0,50.0,53.0,430500,0,0
2020-03-30,52.0,54.0,50.0,54.0,176100,0,0
2020-03-31,54.0,56.0,51.0,52.0,21100,0,0
2020-04-01,54.0,54.0,51.0,53.0,4000,0,0
2020-04-02,50.0,53.0,50.0,52.0,50800,0,0
2020-04-03,53.0,65.0,52.0,54.0,152000,0,0
2020-04-06,55.0,56.0,51.0,53.0,199500,0,0
2020-04-07,55.0,55.0,52.0,52.0,22200,0,0
2020-04-08,52.0,56.0,50.0,56.0,72000,0,0
2020-04-09,54.0,56.0,53.0,56.0,34500,0,0
2020-04-13,56.0,59.0,53.0,56.0,95500,0,0
2020-04-14,56.0,60.0,56.0,60.0,44800,0,0
2020-04-15,60.0,60.0,56.0,56.0,57900,0,0
2020-04-16,60.0,60.0,55.0,57.0,57700,0,0
2020-04-17,57.0,60.0,56.0,60.0,30800,0,0
2020-04-20,57.0,69.0,56.0,66.0,31100,0,0
2020-04-21,71.0,79.0,62.0,65.0,1726800,0,0
2020-04-22,70.0,70.0,61.0,61.0,300600,0,0
2020-04-23,61.0,68.0,57.0,62.0,183700,0,0
2020-04-24,68.0,68.0,61.0,66.0,172000,0,0
2020-04-27,65.0,66.0,62.0,65.0,127400,0,0
2020-04-28,61.0,64.0,61.0,61.0,6400,0,0
2020-04-29,59.0,68.0,59.0,63.0,47400,0,0
2020-04-30,65.0,69.0,63.0,63.0,134500,0,0
2020-05-04,62.0,66.0,59.0,66.0,31700,0,0
2020-05-05,67.0,67.0,62.0,65.0,68000,0,0
2020-05-06,65.0,65.0,62.0,64.0,29400,0,0
2020-05-08,65.0,67.0,62.0,63.0,9600,0,0
2020-05-11,64.0,70.0,59.0,63.0,193200,0,0
2020-05-12,60.0,63.0,60.0,63.0,56500,0,0
2020-05-13,63.0,72.0,59.0,63.0,91900,0,0
2020-05-14,63.0,63.0,61.0,61.0,5100,0,0
2020-05-15,63.0,76.0,63.0,70.0,1115600,0,0
2020-05-18,70.0,72.0,66.0,66.0,247200,0,0
2020-05-19,63.0,65.0,62.0,62.0,146600,0,0
2020-05-20,62.0,69.0,58.0,58.0,258400,0,0
2020-05-26,62.0,65.0,55.0,56.0,199200,0,0
2020-05-27,56.0,58.0,55.0,56.0,122300,0,0
2020-05-28,55.0,60.0,55.0,55.0,198100,0,0
2020-05-29,55.0,60.0,55.0,59.0,151200,0,0
2020-06-02,59.0,60.0,56.0,60.0,85100,0,0
2020-06-03,59.0,60.0,56.0,57.0,113500,0,0
2020-06-04,59.0,59.0,57.0,59.0,2600,0,0
2020-06-05,59.0,67.0,57.0,57.0,227800,0,0
2020-06-08,58.0,61.0,57.0,61.0,22100,0,0
2020-06-09,62.0,64.0,58.0,58.0,59500,0,0
2020-06-10,61.0,63.0,58.0,58.0,115800,0,0
2020-06-11,64.0,67.0,55.0,62.0,517900,0,0
2020-06-12,62.0,62.0,58.0,58.0,120100,0,0
2020-06-15,60.0,60.0,60.0,60.0,300,0,0
2020-06-16,60.0,60.0,56.0,58.0,33400,0,0
2020-06-17,58.0,59.0,57.0,59.0,6500,0,0
2020-06-18,57.0,59.0,55.0,58.0,35600,0,0
2020-06-19,58.0,65.0,57.0,60.0,182900,0,0
2020-06-22,63.0,63.0,60.0,62.0,3600,0,0
2020-06-23,64.0,65.0,58.0,60.0,65600,0,0
2020-06-24,58.0,61.0,56.0,61.0,239300,0,0
2020-06-25,59.0,59.0,57.0,59.0,208800,0,0
2020-06-26,59.0,59.0,55.0,58.0,56600,0,0
2020-06-29,57.0,58.0,54.0,57.0,376900,0,0
2020-06-30,57.0,58.0,54.0,55.0,261000,0,0
2020-07-01,55.0,55.0,52.0,54.0,116600,0,0
2020-07-02,54.0,55.0,51.0,51.0,535000,0,0
2020-07-03,52.0,56.0,52.0,55.0,64100,0,0
2020-07-06,55.0,55.0,53.0,54.0,28000,0,0
2020-07-07,54.0,55.0,53.0,54.0,37200,0,0
2020-07-08,54.0,54.0,53.0,54.0,41900,0,0
2020-07-09,55.0,61.0,53.0,55.0,184000,0,0
2020-07-10,55.0,58.0,54.0,56.0,52700,0,0
2020-07-13,56.0,59.0,55.0,56.0,68100,0,0
2020-07-14,54.0,55.0,54.0,55.0,23000,0,0
2020-07-15,55.0,56.0,55.0,56.0,78600,0,0
2020-07-16,56.0,56.0,54.0,55.0,34900,0,0
2020-07-17,55.0,55.0,52.0,53.0,121700,0,0
2020-07-20,54.0,55.0,53.0,53.0,38400,0,0
2020-07-21,52.0,54.0,51.0,52.0,28500,0,0
2020-07-22,51.0,53.0,51.0,52.0,11400,0,0
2020-07-23,51.0,58.0,51.0,53.0,143800,0,0
2020-07-24,53.0,58.0,51.0,54.0,146800,0,0
2020-07-27,54.0,54.0,53.0,53.0,42200,0,0
2020-07-28,52.0,54.0,51.0,51.0,99600,0,0
2020-07-29,51.0,52.0,51.0,52.0,5300,0,0
2020-07-30,52.0,52.0,51.0,51.0,170900,0,0
2020-08-03,52.0,52.0,50.0,52.0,338900,0,0
2020-08-04,53.0,53.0,51.0,52.0,29300,0,0
2020-08-05,52.0,52.0,52.0,52.0,400,0,0
2020-08-06,53.0,53.0,52.0,52.0,93900,0,0
2020-08-07,53.0,58.0,53.0,56.0,272800,0,0
2020-08-10,55.0,57.0,54.0,56.0,55400,0,0
2020-08-11,56.0,56.0,55.0,55.0,66200,0,0
2020-08-12,56.0,63.0,55.0,57.0,356000,0,0
2020-08-13,57.0,57.0,54.0,54.0,69900,0,0
2020-08-14,56.0,61.0,53.0,53.0,107400,0,0
2020-08-18,53.0,57.0,53.0,55.0,89600,0,0
2020-08-19,55.0,56.0,53.0,56.0,61600,0,0
2020-08-24,56.0,60.0,54.0,56.0,108300,0,0
2020-08-25,57.0,61.0,54.0,60.0,271000,0,0
2020-08-26,59.0,60.0,56.0,56.0,295300,0,0
2020-08-27,56.0,59.0,56.0,58.0,45600,0,0
2020-08-28,56.0,59.0,55.0,58.0,14500,0,0
2020-08-31,58.0,60.0,57.0,59.0,133500,0,0
2020-09-01,58.0,60.0,58.0,60.0,7100,0,0
2020-09-02,59.0,60.0,58.0,59.0,22000,0,0
2020-09-03,61.0,61.0,58.0,58.0,1900,0,0
2020-09-04,59.0,59.0,56.0,59.0,16700,0,0
2020-09-07,59.0,60.0,59.0,60.0,9700,0,0
2020-09-08,62.0,62.0,59.0,59.0,27600,0,0
2020-09-09,60.0,62.0,59.0,62.0,166800,0,0
2020-09-10,59.0,60.0,58.0,58.0,70100,0,0
2020-09-11,54.0,59.0,54.0,58.0,27700,0,0
2020-09-14,56.0,62.0,55.0,59.0,35600,0,0
2020-09-15,59.0,59.0,56.0,59.0,33600,0,0
2020-09-16,59.0,59.0,56.0,58.0,7100,0,0
2020-09-17,59.0,60.0,55.0,59.0,11800,0,0
2020-09-18,59.0,60.0,59.0,60.0,1200,0,0
2020-09-21,59.0,59.0,57.0,59.0,3900,0,0
2020-09-22,59.0,61.0,56.0,56.0,8100,0,0
2020-09-23,58.0,59.0,56.0,56.0,4900,0,0
2020-09-24,56.0,58.0,55.0,57.0,11500,0,0
2020-09-25,55.0,58.0,55.0,57.0,67400,0,0
2020-09-28,55.0,57.0,54.0,57.0,21400,0,0
2020-09-29,57.0,60.0,56.0,58.0,40800,0,0
2020-09-30,60.0,61.0,57.0,57.0,1000,0,0
2020-10-01,57.0,59.0,56.0,57.0,38700,0,0
2020-10-02,58.0,59.0,55.0,57.0,110400,0,0
2020-10-05,57.0,57.0,57.0,57.0,8200,0,0
2020-10-06,55.0,57.0,55.0,57.0,51800,0,0
2020-10-07,57.0,59.0,55.0,58.0,43600,0,0
2020-10-08,58.0,78.0,58.0,78.0,2040200,0,0
2020-10-09,85.0,105.0,76.0,76.0,19999000,0,0
2020-10-12,74.0,93.0,71.0,73.0,10457400,0,0
2020-10-13,73.0,89.0,71.0,73.0,6577000,0,0
2020-10-14,73.0,88.0,73.0,76.0,5327300,0,0
2020-10-15,76.0,86.0,74.0,76.0,4391500,0,0
2020-10-16,76.0,80.0,72.0,72.0,795600,0,0
2020-10-19,72.0,82.0,68.0,73.0,4516400,0,0
2020-10-20,73.0,75.0,71.0,72.0,255400,0,0
2020-10-21,71.0,75.0,69.0,69.0,719700,0,0
2020-10-22,69.0,70.0,66.0,66.0,558000,0,0
2020-10-23,65.0,65.0,62.0,62.0,499500,0,0
2020-10-26,62.0,62.0,58.0,60.0,1047600,0,0
2020-10-27,60.0,60.0,56.0,57.0,557500,0,0
2020-11-02,56.0,58.0,55.0,58.0,196400,0,0
2020-11-03,58.0,65.0,58.0,58.0,873100,0,0
2020-11-04,58.0,72.0,58.0,62.0,4765400,0,0
2020-11-05,63.0,66.0,59.0,61.0,1212700,0,0
2020-11-06,61.0,67.0,60.0,63.0,1197300,0,0
2020-11-09,63.0,67.0,61.0,66.0,517400,0,0
2020-11-10,66.0,67.0,65.0,66.0,427400,0,0
2020-11-11,66.0,66.0,63.0,65.0,35700,0,0
2020-11-12,65.0,66.0,63.0,65.0,23500,0,0
2020-11-13,65.0,66.0,63.0,65.0,16500,0,0
2020-11-16,65.0,66.0,64.0,64.0,349400,0,0
2020-11-17,66.0,73.0,64.0,67.0,428500,0,0
2020-11-18,67.0,68.0,66.0,68.0,30400,0,0
2020-11-19,68.0,69.0,66.0,68.0,38800,0,0
2020-11-20,68.0,68.0,66.0,66.0,40200,0,0
2020-11-23,66.0,71.0,66.0,68.0,17100,0,0
2020-11-24,68.0,68.0,65.0,67.0,42200,0,0
2020-11-25,67.0,68.0,63.0,63.0,116000,0,0
2020-11-26,65.0,65.0,61.0,65.0,405800,0,0
2020-11-27,65.0,73.0,65.0,70.0,153900,0,0
2020-11-30,70.0,71.0,67.0,67.0,193600,0,0
2020-12-01,68.0,69.0,67.0,68.0,23600,0,0
2020-12-02,68.0,71.0,68.0,70.0,298200,0,0
2020-12-03,70.0,70.0,68.0,70.0,21700,0,0
2020-12-04,70.0,71.0,68.0,71.0,33000,0,0
2020-12-07,71.0,80.0,71.0,80.0,1828300,0,0
2020-12-08,80.0,80.0,77.0,79.0,208700,0,0
2020-12-10,79.0,82.0,76.0,80.0,353200,0,0
2020-12-11,80.0,80.0,75.0,77.0,485500,0,0
2020-12-14,77.0,77.0,72.0,73.0,321600,0,0
2020-12-15,74.0,75.0,73.0,73.0,25400,0,0
2020-12-16,73.0,75.0,72.0,75.0,152700,0,0
2020-12-17,75.0,76.0,73.0,73.0,92500,0,0
2020-12-18,73.0,75.0,73.0,74.0,53800,0,0
2020-12-21,74.0,76.0,71.0,75.0,88500,0,0
2020-12-22,76.0,76.0,73.0,73.0,187600,0,0
2020-12-23,73.0,73.0,71.0,71.0,75400,0,0
2020-12-28,71.0,74.0,71.0,73.0,2900,0,0
2020-12-29,73.0,79.0,71.0,71.0,33000,0,0
2020-12-30,71.0,75.0,71.0,71.0,9500,0,0
2021-01-04,71.0,71.0,68.0,69.0,40200,0,0
2021-01-05,69.0,74.0,69.0,73.0,19900,0,0
2021-01-06,73.0,74.0,69.0,73.0,81600,0,0
2021-01-07,73.0,73.0,68.0,70.0,240800,0,0
2021-01-08,71.0,72.0,69.0,69.0,122100,0,0
2021-01-11,69.0,72.0,69.0,70.0,21500,0,0
2021-01-12,68.0,71.0,68.0,68.0,125600,0,0
2021-01-13,70.0,72.0,68.0,71.0,38300,0,0
2021-01-14,71.0,71.0,67.0,70.0,196800,0,0
2021-01-15,70.0,70.0,68.0,70.0,30300,0,0
2021-01-18,70.0,70.0,70.0,70.0,34400,0,0
2021-01-19,70.0,70.0,67.0,67.0,48100,0,0
2021-01-20,67.0,73.0,67.0,72.0,106200,0,0
2021-01-21,69.0,71.0,67.0,71.0,145700,0,0
2021-01-22,71.0,72.0,67.0,67.0,54700,0,0
2021-01-25,65.0,66.0,63.0,65.0,137600,0,0
2021-01-26,65.0,73.0,61.0,61.0,468400,0,0
2021-01-27,64.0,64.0,60.0,62.0,45400,0,0
2021-01-28,65.0,72.0,58.0,61.0,628800,0,0
2021-01-29,61.0,65.0,57.0,59.0,62200,0,0
2021-02-01,58.0,58.0,55.0,55.0,1086600,0,0
2021-02-02,55.0,55.0,52.0,53.0,742100,0,0
2021-02-03,53.0,53.0,50.0,50.0,4515200,0,0
2021-02-04,50.0,51.0,50.0,51.0,2120400,0,0
2021-02-05,51.0,51.0,50.0,50.0,1103900,0,0
2021-02-08,50.0,51.0,50.0,51.0,1225700,0,0
2021-02-09,51.0,54.0,50.0,54.0,4697200,0,0
2021-02-10,55.0,58.0,53.0,55.0,1317000,0,0
2021-02-11,54.0,56.0,52.0,52.0,2777400,0,0
2021-02-15,53.0,54.0,52.0,54.0,460300,0,0
2021-02-16,55.0,55.0,52.0,53.0,273400,0,0
2021-02-17,54.0,54.0,52.0,53.0,503600,0,0
2021-02-18,53.0,54.0,51.0,54.0,2121800,0,0
2021-02-19,54.0,55.0,52.0,53.0,91800,0,0
2021-02-22,53.0,53.0,51.0,51.0,360300,0,0
2021-02-23,52.0,55.0,51.0,52.0,849100,0,0
2021-02-24,52.0,53.0,51.0,52.0,152200,0,0
2021-02-25,52.0,52.0,51.0,52.0,787800,0,0
2021-02-26,52.0,52.0,50.0,50.0,3273500,0,0
2021-03-01,51.0,51.0,50.0,51.0,2247500,0,0
2021-03-02,51.0,51.0,50.0,50.0,4293400,0,0
2021-03-03,50.0,51.0,50.0,50.0,303100,0,0
2021-03-04,51.0,51.0,50.0,51.0,1665000,0,0
2021-03-05,50.0,51.0,50.0,51.0,899600,0,0
2021-03-08,50.0,51.0,50.0,51.0,1425100,0,0
2021-03-09,51.0,51.0,50.0,50.0,1232000,0,0
2021-03-10,50.0,51.0,50.0,51.0,438000,0,0
2021-03-12,51.0,51.0,50.0,50.0,1665000,0,0
2021-03-15,50.0,51.0,50.0,51.0,256200,0,0
2021-03-16,51.0,51.0,50.0,50.0,277000,0,0
2021-03-17,50.0,67.0,50.0,67.0,55656600,0,0
2021-03-18,75.0,90.0,70.0,90.0,53839300,0,0
2021-03-19,100.0,120.0,84.0,84.0,110187200,0,0
2021-03-22,107.0,107.0,79.0,79.0,4117200,0,0
2021-03-23,79.0,105.0,74.0,88.0,71248500,0,0
2021-03-24,89.0,97.0,82.0,82.0,30202500,0,0
2021-03-25,77.0,86.0,77.0,79.0,7398300,0,0
2021-03-26,81.0,97.0,79.0,80.0,36831200,0,0
2021-03-29,81.0,86.0,80.0,82.0,8686600,0,0
2021-03-30,92.0,105.0,83.0,87.0,61263400,0,0
2021-03-31,88.0,95.0,82.0,89.0,19612800,0,0
2021-04-01,99.0,103.0,86.0,87.0,34705400,0,0
2021-04-05,87.0,90.0,82.0,85.0,4469800,0,0
2021-04-06,85.0,96.0,83.0,88.0,30412100,0,0
2021-04-07,89.0,100.0,86.0,99.0,33701400,0,0
2021-04-08,105.0,110.0,98.0,99.0,24534200,0,0
2021-04-09,99.0,100.0,94.0,95.0,6778300,0,0
2021-04-12,100.0,114.0,98.0,103.0,72088100,0,0
2021-04-13,103.0,118.0,97.0,110.0,68484600,0,0
2021-04-14,112.0,148.0,112.0,148.0,118648200,0,0
2021-04-15,162.0,168.0,138.0,138.0,5391800,0,0
2021-04-16,182.0,182.0,129.0,147.0,98505800,0,0
2021-04-19,149.0,157.0,144.0,151.0,38016500,0,0
2021-04-20,152.0,162.0,142.0,147.0,61916400,0,0
2021-04-21,150.0,158.0,143.0,145.0,19286600,0,0
2021-04-22,145.0,147.0,140.0,147.0,7624200,0,0
2021-04-23,138.0,158.0,138.0,146.0,36826600,0,0
2021-04-26,148.0,157.0,143.0,147.0,20677000,0,0
2021-04-27,149.0,155.0,148.0,150.0,10925700,0,0
2021-04-28,150.0,152.0,146.0,148.0,8106500,0,0
2021-04-29,148.0,151.0,146.0,148.0,6193900,0,0
2021-04-30,149.0,164.0,146.0,156.0,61418900,0,0
2021-05-03,157.0,158.0,146.0,146.0,19944700,0,0
2021-05-04,146.0,148.0,140.0,142.0,14584500,0,0
2021-05-05,142.0,146.0,139.0,144.0,21410600,0,0
2021-05-06,147.0,152.0,140.0,141.0,29050100,0,0
2021-05-07,142.0,143.0,136.0,136.0,10490400,0,0
2021-05-10,138.0,138.0,130.0,130.0,10088400,0,0
2021-05-11,131.0,131.0,121.0,122.0,11228800,0,0
2021-05-17,122.0,123.0,114.0,116.0,10602900,0,0
2021-05-18,109.0,122.0,109.0,118.0,7736500,0,0
2021-05-19,114.0,122.0,114.0,118.0,3575900,0,0
2021-05-20,118.0,135.0,117.0,121.0,31991300,0,0
2021-05-21,122.0,123.0,113.0,114.0,12724300,0,0
2021-05-24,114.0,122.0,107.0,116.0,30942100,0,0
2021-05-25,116.0,118.0,114.0,114.0,3587000,0,0
2021-05-27,114.0,116.0,114.0,115.0,2145200,0,0
2021-05-28,115.0,116.0,113.0,113.0,3104400,0,0
2021-05-31,114.0,116.0,110.0,111.0,5419600,0,0
2021-06-02,110.0,112.0,109.0,110.0,2805900,0,0
2021-06-03,110.0,124.0,110.0,114.0,48828300,0,0
2021-06-04,114.0,116.0,109.0,110.0,14233500,0,0
2021-06-07,111.0,113.0,110.0,112.0,2598400,0,0
2021-06-08,112.0,112.0,109.0,109.0,3219200,0,0
2021-06-09,111.0,111.0,107.0,109.0,2539900,0,0
2021-06-10,109.0,115.0,109.0,110.0,9187500,0,0
2021-06-11,113.0,113.0,110.0,110.0,1849800,0,0
2021-06-14,110.0,112.0,104.0,108.0,3432600,0,0
2021-06-15,107.0,108.0,101.0,102.0,6677200,0,0
2021-06-16,102.0,105.0,97.0,102.0,1929300,0,0
2021-06-17,102.0,104.0,100.0,100.0,1087700,0,0
2021-06-18,100.0,100.0,93.0,93.0,8180400,0,0
2021-06-21,87.0,93.0,87.0,89.0,5157600,0,0
2021-06-22,84.0,104.0,84.0,95.0,24642000,0,0
2021-06-23,95.0,103.0,91.0,95.0,15977200,0,0
2021-06-24,97.0,98.0,94.0,95.0,2317400,0,0
2021-06-25,96.0,97.0,95.0,95.0,1167400,0,0
2021-06-28,95.0,97.0,92.0,92.0,3124600,0,0
2021-06-29,92.0,95.0,86.0,89.0,4299500,0,0
2021-06-30,86.0,93.0,86.0,89.0,1175300,0,0
2021-07-01,91.0,93.0,89.0,90.0,1240100,0,0
2021-07-02,92.0,93.0,90.0,90.0,736000,0,0
2021-07-05,90.0,92.0,88.0,88.0,2440700,0,0
2021-07-06,88.0,111.0,86.0,97.0,110323900,0,0
2021-07-07,100.0,100.0,91.0,93.0,17386100,0,0
2021-07-08,93.0,96.0,93.0,93.0,3490300,0,0
2021-07-09,93.0,99.0,92.0,93.0,13049900,0,0
2021-07-12,92.0,95.0,91.0,91.0,2650600,0,0
2021-07-13,85.0,93.0,85.0,86.0,6658300,0,0
2021-07-14,86.0,100.0,86.0,89.0,52121300,0,0
2021-07-15,85.0,91.0,84.0,85.0,14041000,0,0
2021-07-16,80.0,91.0,80.0,86.0,5446300,0,0
2021-07-19,86.0,91.0,85.0,87.0,5144100,0,0
2021-07-21,85.0,88.0,84.0,85.0,5088700,0,0
2021-07-22,83.0,87.0,83.0,86.0,3259800,0,0
2021-07-23,86.0,90.0,86.0,87.0,11606300,0,0
2021-07-26,84.0,88.0,84.0,85.0,3149200,0,0
2021-07-27,85.0,87.0,85.0,87.0,1100900,0,0
2021-07-28,83.0,94.0,83.0,87.0,14233300,0,0
2021-07-29,85.0,90.0,85.0,85.0,4265700,0,0
2021-07-30,85.0,88.0,85.0,86.0,1991400,0,0
2021-08-02,81.0,87.0,81.0,86.0,3029800,0,0
2021-08-03,84.0,87.0,84.0,86.0,2210300,0,0
2021-08-04,86.0,87.0,85.0,85.0,1152400,0,0
2021-08-05,85.0,88.0,84.0,85.0,2864000,0,0
2021-08-06,84.0,85.0,83.0,84.0,1743800,0,0
2021-08-09,81.0,87.0,81.0,83.0,1344100,0,0
2021-08-10,83.0,84.0,81.0,82.0,1797300,0,0
2021-08-12,90.0,90.0,82.0,82.0,4647400,0,0
2021-08-13,81.0,84.0,81.0,83.0,814200,0,0
2021-08-16,83.0,86.0,80.0,82.0,2408900,0,0
2021-08-18,79.0,97.0,77.0,83.0,82473900,0,0
2021-08-19,87.0,87.0,78.0,80.0,19864400,0,0
2021-08-20,80.0,85.0,79.0,79.0,8405600,0,0
2021-08-23,79.0,91.0,79.0,81.0,51004400,0,0
2021-08-24,80.0,87.0,80.0,80.0,12575600,0,0
2021-08-25,85.0,105.0,81.0,95.0,206789400,0,0
2021-08-26,96.0,128.0,96.0,128.0,372955500,0,0
2021-08-27,138.0,140.0,120.0,120.0,21474800,0,0
2021-08-30,112.0,123.0,112.0,112.0,86480100,0,0
2021-08-31,115.0,151.0,105.0,134.0,461751500,0,0
2021-09-01,134.0,163.0,126.0,135.0,327215900,0,0
2021-09-02,136.0,154.0,128.0,141.0,106584300,0,0
2021-09-03,142.0,148.0,132.0,132.0,41305200,0,0
2021-09-06,131.0,144.0,123.0,126.0,117778000,0,0
2021-09-07,126.0,137.0,125.0,127.0,26980400,0,0
2021-09-08,129.0,138.0,127.0,129.0,56974000,0,0
2021-09-09,131.0,137.0,124.0,128.0,40606600,0,0
2021-09-10,130.0,147.0,126.0,143.0,184793900,0,0
2021-09-13,144.0,155.0,136.0,138.0,166427300,0,0
2021-09-14,133.0,147.0,133.0,144.0,61834500,0,0
2021-09-15,144.0,147.0,138.0,139.0,19077500,0,0
2021-09-16,140.0,147.0,138.0,141.0,33846400,0,0
2021-09-17,138.0,143.0,136.0,138.0,18665000,0,0
2021-09-20,139.0,145.0,137.0,139.0,29040000,0,0
2021-09-21,139.0,142.0,130.0,135.0,25460000,0,0
2021-09-22,136.0,160.0,134.0,150.0,318763700,0,0
2021-09-23,151.0,152.0,142.0,147.0,52845100,0,0
2021-09-24,147.0,154.0,144.0,146.0,73016500,0,0
2021-09-27,138.0,151.0,138.0,141.0,22197000,0,0
2021-09-28,142.0,150.0,137.0,142.0,48318800,0,0
2021-09-29,143.0,148.0,135.0,144.0,27132800,0,0
2021-09-30,144.0,152.0,142.0,143.0,78765900,0,0
2021-10-01,143.0,146.0,133.0,133.0,35333300,0,0
2021-10-04,134.0,138.0,126.0,138.0,30770200,0,0
2021-10-05,138.0,139.0,131.0,131.0,19516900,0,0
2021-10-06,131.0,146.0,129.0,145.0,103015900,0,0
2021-10-07,146.0,147.0,139.0,140.0,26906500,0,0
2021-10-08,140.0,143.0,132.0,134.0,10615500,0,0
2021-10-11,134.0,138.0,130.0,131.0,27083300,0,0
2021-10-12,131.0,134.0,129.0,132.0,7195900,0,0
2021-10-13,131.0,132.0,123.0,123.0,9253900,0,0
2021-10-14,124.0,128.0,115.0,125.0,19386500,0,0
2021-10-15,124.0,129.0,119.0,124.0,13743100,0,0
2021-10-18,122.0,126.0,122.0,123.0,3455900,0,0
2021-10-19,123.0,128.0,123.0,126.0,6177000,0,0
2021-10-21,126.0,138.0,124.0,137.0,42120300,0,0
2021-10-22,138.0,141.0,132.0,135.0,21854000,0,0
2021-10-25,135.0,135.0,128.0,131.0,6401200,0,0
2021-10-26,129.0,134.0,129.0,129.0,5525300,0,0
2021-10-27,124.0,136.0,124.0,127.0,16463400,0,0
2021-10-28,119.0,129.0,119.0,127.0,6318600,0,0
2021-10-29,128.0,135.0,127.0,132.0,9308000,0,0
2021-11-01,132.0,132.0,124.0,125.0,14486000,0,0
2021-11-02,124.0,127.0,124.0,126.0,3626400,0,0
2021-11-03,119.0,127.0,119.0,125.0,3665600,0,0
2021-11-04,123.0,128.0,123.0,126.0,4698600,0,0
2021-11-05,125.0,127.0,121.0,123.0,6928700,0,0
2021-11-08,119.0,125.0,119.0,123.0,3514600,0,0
2021-11-09,123.0,125.0,118.0,121.0,8117800,0,0
2021-11-10,117.0,121.0,117.0,117.0,13925500,0,0
2021-11-11,117.0,124.0,117.0,120.0,21152200,0,0
2021-11-12,117.0,121.0,117.0,118.0,3436400,0,0
2021-11-15,117.0,124.0,117.0,121.0,24036700,0,0
2021-11-16,117.0,123.0,117.0,119.0,3546700,0,0
2021-11-17,119.0,120.0,117.0,118.0,3833300,0,0
2021-11-18,118.0,121.0,117.0,118.0,2438600,0,0
2021-11-19,119.0,121.0,117.0,120.0,6329300,0,0
2021-11-22,120.0,121.0,118.0,119.0,1019800,0,0
2021-11-23,118.0,123.0,115.0,117.0,21833900,0,0
2021-11-24,118.0,119.0,113.0,115.0,6753700,0,0
2021-11-25,115.0,115.0,111.0,113.0,3031000,0,0
2021-11-26,113.0,114.0,107.0,109.0,3185200,0,0
2021-11-29,110.0,110.0,104.0,105.0,3411000,0,0
2021-11-30,107.0,114.0,104.0,106.0,9628700,0,0
2021-12-01,111.0,112.0,101.0,105.0,9537800,0,0
2021-12-02,106.0,112.0,105.0,108.0,4256600,0,0
2021-12-03,109.0,111.0,108.0,108.0,2227300,0,0
2021-12-06,109.0,111.0,106.0,107.0,1431500,0,0
2021-12-07,108.0,110.0,102.0,105.0,5517100,0,0
2021-12-08,108.0,110.0,105.0,108.0,1421900,0,0
2021-12-09,110.0,110.0,105.0,106.0,1532600,0,0
2021-12-10,111.0,111.0,106.0,106.0,3002800,0,0
2021-12-13,107.0,117.0,105.0,115.0,18868200,0,0
2021-12-14,121.0,121.0,111.0,113.0,11020000,0,0
2021-12-15,119.0,119.0,109.0,109.0,2839000,0,0
2021-12-16,116.0,116.0,107.0,110.0,3488200,0,0
2021-12-17,111.0,117.0,109.0,112.0,17868700,0,0
2021-12-20,113.0,115.0,106.0,106.0,10914600,0,0
2021-12-21,111.0,111.0,104.0,106.0,6765300,0,0
2021-12-22,100.0,110.0,100.0,106.0,2575300,0,0
2021-12-23,99.0,113.0,99.0,107.0,12156000,0,0
2021-12-24,105.0,112.0,105.0,108.0,16571200,0,0
2021-12-27,102.0,113.0,102.0,108.0,17015900,0,0
2021-12-28,106.0,111.0,106.0,110.0,22950600,0,0
2021-12-29,112.0,115.0,107.0,109.0,23206300,0,0
2021-12-30,109.0,109.0,105.0,106.0,4694700,0,0
2022-01-03,102.0,108.0,102.0,105.0,1059100,0,0
2022-01-04,99.0,110.0,99.0,107.0,6742200,0,0
2022-01-05,101.0,109.0,101.0,104.0,11633400,0,0
2022-01-06,104.0,109.0,102.0,103.0,9655700,0,0
2022-01-07,102.0,107.0,102.0,102.0,2535700,0,0
2022-01-10,97.0,123.0,97.0,116.0,140121700,0,0
2022-01-11,116.0,117.0,108.0,108.0,19972100,0,0
2022-01-12,108.0,114.0,102.0,103.0,31487900,0,0
2022-01-13,103.0,109.0,102.0,105.0,11683900,0,0
2022-01-14,105.0,111.0,103.0,104.0,41252800,0,0
2022-01-17,105.0,107.0,104.0,105.0,6799900,0,0
2022-01-18,104.0,111.0,104.0,104.0,15271100,0,0
2022-01-19,105.0,107.0,105.0,107.0,5265800,0,0
2022-01-20,107.0,109.0,105.0,106.0,2557200,0,0
2022-01-21,104.0,110.0,104.0,105.0,10661400,0,0
2022-01-24,105.0,107.0,104.0,104.0,3483000,0,0
2022-01-25,104.0,105.0,97.0,98.0,8237200,0,0
2022-01-26,98.0,100.0,92.0,93.0,6024500,0,0
2022-01-27,94.0,101.0,90.0,95.0,11925300,0,0
2022-01-28,96.0,99.0,94.0,94.0,4262800,0,0
2022-01-31,94.0,96.0,92.0,94.0,2010500,0,0
2022-02-02,94.0,100.0,93.0,94.0,9423600,0,0
2022-02-03,93.0,99.0,93.0,96.0,5287600,0,0
2022-02-04,96.0,104.0,94.0,98.0,29447500,0,0
2022-02-07,100.0,102.0,96.0,98.0,7687800,0,0
2022-02-08,96.0,101.0,96.0,98.0,4265000,0,0
2022-02-09,99.0,99.0,96.0,96.0,2760300,0,0
2022-02-10,96.0,102.0,96.0,98.0,9671900,0,0
2022-02-11,97.0,101.0,97.0,97.0,3731500,0,0
2022-02-14,97.0,99.0,96.0,97.0,3431600,0,0
2022-02-15,96.0,98.0,95.0,96.0,1698500,0,0
2022-02-16,95.0,97.0,95.0,96.0,1088600,0,0
2022-02-17,96.0,100.0,95.0,97.0,3912900,0,0
2022-02-18,96.0,108.0,96.0,103.0,52523600,0,0
2022-02-21,103.0,104.0,98.0,100.0,5239000,0,0
2022-02-22,101.0,105.0,98.0,98.0,12902900,0,0
2022-02-23,98.0,100.0,97.0,98.0,2673800,0,0
2022-02-24,98.0,101.0,92.0,93.0,7628100,0,0
2022-02-25,93.0,98.0,91.0,95.0,3108900,0,0
2022-03-01,95.0,98.0,94.0,97.0,1795200,0,0
2022-03-02,95.0,97.0,94.0,94.0,1222100,0,0
2022-03-04,94.0,96.0,93.0,93.0,894800,0,0
2022-03-07,93.0,96.0,91.0,93.0,1572100,0,0
2022-03-08,93.0,94.0,90.0,92.0,1156200,0,0
2022-03-09,92.0,92.0,90.0,91.0,550000,0,0
2022-03-10,91.0,95.0,90.0,91.0,2605300,0,0
2022-03-11,91.0,93.0,90.0,92.0,722200,0,0
2022-03-14,86.0,94.0,86.0,91.0,858300,0,0
2022-03-15,87.0,111.0,87.0,96.0,102922100,0,0
2022-03-16,97.0,102.0,92.0,94.0,23444400,0,0
2022-03-17,95.0,98.0,91.0,94.0,10171900,0,0
2022-03-18,95.0,104.0,95.0,99.0,18672000,0,0
2022-03-21,101.0,103.0,97.0,99.0,6166200,0,0
2022-03-22,100.0,109.0,99.0,106.0,26096600,0,0
2022-03-23,106.0,113.0,101.0,107.0,37345800,0,0
2022-03-24,110.0,116.0,105.0,116.0,20323200,0,0
2022-03-25,117.0,117.0,109.0,109.0,13122100,0,0
2022-03-28,108.0,112.0,106.0,109.0,6248400,0,0
2022-03-29,105.0,111.0,105.0,107.0,3071400,0,0
2022-03-30,107.0,107.0,103.0,103.0,2562800,0,0
2022-03-31,103.0,106.0,101.0,104.0,4817600,0,0
2022-04-01,105.0,111.0,104.0,104.0,6929600,0,0
2022-04-04,104.0,106.0,101.0,103.0,5128100,0,0
2022-04-05,102.0,105.0,102.0,104.0,692100,0,0
2022-04-06,104.0,105.0,99.0,99.0,3515900,0,0
2022-04-07,100.0,102.0,96.0,99.0,2492100,0,0
2022-04-08,99.0,114.0,99.0,103.0,14292600,0,0
2022-04-11,103.0,104.0,99.0,100.0,1527700,0,0
2022-04-12,100.0,100.0,97.0,98.0,1788300,0,0
2022-04-13,98.0,104.0,95.0,99.0,5131000,0,0
2022-04-14,100.0,103.0,98.0,99.0,1938800,0,0
2022-04-18,99.0,102.0,99.0,100.0,505000,0,0
2022-04-19,101.0,102.0,97.0,97.0,874400,0,0
2022-04-20,97.0,102.0,96.0,97.0,2026000,0,0
2022-04-21,97.0,99.0,97.0,97.0,1012800,0,0
2022-04-22,97.0,98.0,96.0,96.0,765100,0,0
2022-04-25,96.0,97.0,94.0,96.0,567000,0,0
2022-04-26,96.0,97.0,93.0,93.0,1467800,0,0
2022-04-27,93.0,96.0,91.0,91.0,6234700,0,0
2022-04-28,91.0,94.0,91.0,92.0,403000,0,0
2022-05-09,93.0,93.0,91.0,93.0,364000,0,0
2022-05-10,93.0,103.0,90.0,95.0,16492000,0,0
2022-05-11,97.0,99.0,93.0,93.0,4357800,0,0
2022-05-12,93.0,99.0,91.0,91.0,5503200,0,0
2022-05-13,91.0,94.0,91.0,94.0,963500,0,0
2022-05-17,90.0,95.0,90.0,93.0,602200,0,0
2022-05-18,91.0,94.0,91.0,92.0,678500,0,0
2022-05-19,90.0,96.0,90.0,92.0,3666800,0,0
2022-05-20,92.0,94.0,91.0,92.0,1038200,0,0
2022-05-23,93.0,96.0,92.0,94.0,1930300,0,0
2022-05-24,94.0,95.0,93.0,93.0,745100,0,0
2022-05-25,93.0,95.0,93.0,93.0,698400,0,0
2022-05-27,93.0,96.0,92.0,93.0,848100,0,0
2022-05-30,93.0,102.0,92.0,93.0,11503200,0,0
2022-05-31,94.0,98.0,93.0,93.0,3487500,0,0
2022-06-02,93.0,96.0,93.0,94.0,1396800,0,0
2022-06-03,96.0,96.0,94.0,95.0,684100,0,0
2022-06-06,95.0,98.0,94.0,95.0,3750400,0,0
2022-06-07,95.0,100.0,94.0,96.0,5781700,0,0
2022-06-08,97.0,99.0,96.0,97.0,3674700,0,0
2022-06-09,97.0,99.0,96.0,96.0,1432800,0,0
2022-06-10,98.0,98.0,96.0,97.0,1196100,0,0
2022-06-13,98.0,99.0,95.0,96.0,968900,0,0
2022-06-14,97.0,97.0,95.0,96.0,755000,0,0
2022-06-15,96.0,101.0,94.0,94.0,6057700,0,0
2022-06-16,94.0,97.0,94.0,94.0,1914800,0,0
2022-06-17,94.0,96.0,94.0,94.0,522000,0,0
2022-06-20,94.0,95.0,93.0,95.0,811200,0,0
2022-06-21,96.0,116.0,95.0,102.0,110653200,0,0
2022-06-22,104.0,110.0,96.0,99.0,51354500,0,0
2022-06-23,100.0,105.0,98.0,104.0,12096500,0,0
2022-06-24,106.0,124.0,99.0,103.0,162303600,0,0
2022-06-27,102.0,139.0,99.0,139.0,348936500,0,0
2022-06-28,139.0,149.0,130.0,130.0,276019800,0,0
2022-06-29,122.0,141.0,121.0,121.0,205996300,0,0
2022-06-30,121.0,136.0,113.0,132.0,102756500,0,0
2022-07-01,132.0,148.0,123.0,123.0,317823300,0,0
2022-07-04,117.0,123.0,115.0,115.0,21957700,0,0
2022-07-05,115.0,120.0,109.0,113.0,51092600,0,0
2022-07-06,118.0,124.0,109.0,111.0,75938500,0,0
2022-07-07,113.0,116.0,111.0,113.0,43830900,0,0
2022-07-08,113.0,123.0,112.0,117.0,80141400,0,0
2022-07-11,117.0,120.0,113.0,118.0,25337200,0,0
2022-07-12,119.0,122.0,116.0,117.0,20619500,0,0
2022-07-13,117.0,120.0,116.0,117.0,10100800,0,0
2022-07-14,117.0,119.0,109.0,109.0,26981100,0,0
2022-07-15,104.0,106.0,102.0,102.0,18866800,0,0
2022-07-18,102.0,106.0,95.0,102.0,20016600,0,0
2022-07-19,105.0,107.0,102.0,103.0,12229400,0,0
2022-07-20,108.0,118.0,103.0,118.0,69211800,0,0
2022-07-21,118.0,122.0,113.0,121.0,48432000,0,0
2022-07-22,122.0,128.0,113.0,113.0,56572500,0,0
2022-07-25,107.0,133.0,107.0,131.0,99688500,0,0
2022-07-26,132.0,133.0,123.0,127.0,29390100,0,0
2022-07-27,127.0,129.0,119.0,120.0,22024800,0,0
2022-07-28,120.0,124.0,119.0,121.0,11267400,0,0
2022-07-29,122.0,128.0,120.0,126.0,31852800,0,0
2022-08-01,127.0,134.0,120.0,121.0,64089200,0,0
2022-08-02,122.0,124.0,120.0,122.0,7399600,0,0
2022-08-03,115.0,123.0,114.0,118.0,13479100,0,0
2022-08-04,118.0,122.0,117.0,121.0,9373700,0,0
2022-08-05,120.0,125.0,120.0,122.0,10236600,0,0
2022-08-08,121.0,125.0,121.0,123.0,5803800,0,0
2022-08-09,122.0,129.0,119.0,119.0,19463400,0,0
2022-08-10,113.0,121.0,113.0,118.0,5887200,0,0
2022-08-11,118.0,123.0,117.0,118.0,6828000,0,0
2022-08-12,118.0,121.0,118.0,120.0,3157800,0,0
2022-08-15,122.0,122.0,117.0,118.0,3974100,0,0
2022-08-16,118.0,118.0,116.0,117.0,1962400,0,0
2022-08-18,117.0,118.0,113.0,115.0,3630800,0,0
2022-08-19,115.0,116.0,109.0,110.0,6951200,0,0
2022-08-22,110.0,111.0,105.0,107.0,5688000,0,0
2022-08-23,105.0,108.0,103.0,105.0,4783000,0,0
2022-08-24,105.0,119.0,104.0,113.0,38384400,0,0
2022-08-25,109.0,114.0,109.0,111.0,8457600,0,0
2022-08-26,110.0,113.0,109.0,110.0,4189900,0,0
2022-08-29,108.0,114.0,107.0,109.0,2893800,0,0
2022-08-30,109.0,113.0,109.0,110.0,4794100,0,0
2022-08-31,111.0,112.0,109.0,110.0,1714000,0,0
2022-09-01,110.0,113.0,108.0,110.0,2853500,0,0
2022-09-02,110.0,111.0,107.0,107.0,2388700,0,0
2022-09-05,107.0,108.0,104.0,106.0,2519300,0,0
2022-09-06,106.0,110.0,106.0,108.0,3895300,0,0
2022-09-07,106.0,117.0,106.0,114.0,32090700,0,0
2022-09-08,116.0,116.0,109.0,112.0,11135300,0,0
2022-09-09,111.0,113.0,109.0,110.0,5655800,0,0
2022-09-12,109.0,111.0,108.0,110.0,3422500,0,0
2022-09-13,107.0,116.0,106.0,114.0,30992800,0,0
2022-09-14,110.0,119.0,109.0,111.0,58462300,0,0
2022-09-15,110.0,112.0,108.0,108.0,7150300,0,0
2022-09-16,108.0,112.0,107.0,107.0,8632500,0,0
2022-09-19,106.0,110.0,104.0,106.0,5342900,0,0
2022-09-20,104.0,109.0,104.0,106.0,2445200,0,0
2022-09-21,105.0,107.0,104.0,105.0,1621100,0,0
2022-09-22,103.0,105.0,101.0,104.0,4800400,0,0
2022-09-23,103.0,109.0,101.0,104.0,9408300,0,0
2022-09-26,104.0,107.0,102.0,104.0,4680300,0,0
2022-09-27,103.0,104.0,102.0,103.0,2739600,0,0
2022-09-28,104.0,107.0,102.0,102.0,2997500,0,0
2022-09-29,102.0,104.0,101.0,102.0,3855100,0,0
2022-09-30,102.0,102.0,95.0,98.0,6073200,0,0
2022-10-03,100.0,102.0,95.0,97.0,8266100,0,0
2022-10-04,98.0,102.0,95.0,96.0,10998500,0,0
2022-10-05,96.0,97.0,95.0,96.0,1489300,0,0
2022-10-06,98.0,98.0,94.0,95.0,2904500,0,0
2022-10-07,95.0,96.0,93.0,94.0,1659700,0,0
2022-10-10,97.0,102.0,93.0,95.0,30115800,0,0
2022-10-11,95.0,99.0,94.0,94.0,8273900,0,0
2022-10-12,94.0,95.0,89.0,90.0,6371000,0,0
2022-10-13,93.0,93.0,87.0,88.0,2808900,0,0
2022-10-14,88.0,91.0,86.0,86.0,2836400,0,0
2022-10-17,91.0,91.0,81.0,82.0,7281600,0,0
2022-10-18,87.0,87.0,80.0,84.0,3082100,0,0
2022-10-19,87.0,87.0,84.0,84.0,791900,0,0
2022-10-20,86.0,90.0,84.0,86.0,17509900,0,0
2022-10-21,85.0,89.0,85.0,86.0,9372800,0,0
2022-10-24,85.0,88.0,85.0,87.0,2259700,0,0
2022-10-25,86.0,89.0,86.0,87.0,1320200,0,0
2022-10-26,87.0,89.0,86.0,87.0,898100,0,0
2022-10-27,85.0,88.0,85.0,87.0,1164200,0,0
2022-10-28,85.0,93.0,85.0,90.0,15558600,0,0
2022-10-31,87.0,110.0,86.0,100.0,18514700,0,0
2022-11-01,101.0,102.0,93.0,93.0,18701000,0,0
2022-11-02,123.0,123.0,88.0,92.0,7997800,0,0
2022-11-03,87.0,96.0,87.0,92.0,7100500,0,0
2022-11-04,86.0,93.0,86.0,93.0,4883100,0,0
2022-11-07,90.0,93.0,88.0,91.0,5469500,0,0
2022-11-08,85.0,93.0,85.0,91.0,1341400,0,0
2022-11-09,91.0,92.0,90.0,91.0,933600,0,0
2022-11-10,94.0,94.0,90.0,90.0,1024800,0,0
2022-11-11,90.0,93.0,89.0,90.0,1251600,0,0
2022-11-14,90.0,91.0,89.0,90.0,783200,0,0
2022-11-15,90.0,95.0,89.0,90.0,13412600,0,0
2022-11-16,89.0,92.0,89.0,89.0,1855800,0,0
2022-11-17,89.0,91.0,89.0,89.0,1548200,0,0
2022-11-18,90.0,91.0,89.0,89.0,621400,0,0
2022-11-21,89.0,89.0,88.0,88.0,323900,0,0
2022-11-22,88.0,89.0,86.0,86.0,1534600,0,0
2022-11-23,87.0,90.0,86.0,89.0,1837300,0,0
2022-11-24,84.0,90.0,84.0,86.0,984800,0,0
2022-11-25,87.0,89.0,85.0,86.0,2093000,0,0
2022-11-28,87.0,90.0,86.0,87.0,1736600,0,0
2022-11-29,87.0,95.0,87.0,94.0,27010300,0,0
2022-11-30,94.0,95.0,88.0,89.0,9817600,0,0
2022-12-01,85.0,92.0,85.0,90.0,2526600,0,0
2022-12-02,90.0,90.0,87.0,87.0,1936400,0,0
2022-12-05,87.0,89.0,86.0,88.0,1466200,0,0
2022-12-06,88.0,88.0,84.0,86.0,1819100,0,0
2022-12-07,86.0,87.0,84.0,85.0,1269000,0,0
2022-12-08,86.0,87.0,84.0,84.0,784400,0,0
2022-12-09,84.0,89.0,82.0,84.0,1780900,0,0
2022-12-12,84.0,87.0,84.0,86.0,565900,0,0
2022-12-13,86.0,89.0,86.0,88.0,1791900,0,0
2022-12-14,88.0,90.0,87.0,88.0,3291700,0,0
2022-12-15,89.0,90.0,88.0,88.0,940200,0,0
2022-12-16,89.0,90.0,87.0,87.0,1829400,0,0
2022-12-19,87.0,92.0,87.0,89.0,2713100,0,0
2022-12-20,90.0,92.0,88.0,90.0,2415600,0,0
2022-12-21,88.0,94.0,88.0,91.0,4341700,0,0
2022-12-22,93.0,95.0,91.0,92.0,4081900,0,0
2022-12-23,92.0,94.0,91.0,91.0,3034800,0,0
2022-12-26,92.0,94.0,89.0,89.0,4262300,0,0
2022-12-27,89.0,97.0,89.0,92.0,9720500,0,0
2022-12-28,100.0,106.0,86.0,88.0,62089500,0,0
2022-12-29,91.0,91.0,86.0,87.0,3572100,0,0
2022-12-30,89.0,89.0,83.0,85.0,5542600,0,0
2023-01-02,87.0,87.0,83.0,85.0,1841200,0,0
2023-01-03,89.0,89.0,83.0,84.0,1805900,0,0
2023-01-04,88.0,88.0,83.0,84.0,995600,0,0
2023-01-05,87.0,87.0,80.0,81.0,2131600,0,0
2023-01-06,85.0,85.0,77.0,81.0,1340400,0,0
2023-01-09,81.0,85.0,77.0,78.0,11118900,0,0
2023-01-10,84.0,84.0,76.0,78.0,549000,0,0
2023-01-11,80.0,80.0,73.0,74.0,2681100,0,0
2023-01-12,79.0,79.0,74.0,77.0,799100,0,0
2023-01-13,79.0,79.0,75.0,77.0,1209000,0,0
2023-01-16,76.0,78.0,76.0,77.0,248500,0,0
2023-01-17,80.0,80.0,77.0,78.0,341000,0,0
2023-01-18,83.0,83.0,79.0,80.0,660500,0,0
2023-01-19,85.0,85.0,79.0,80.0,292200,0,0
2023-01-20,82.0,82.0,78.0,79.0,658200,0,0
2023-01-24,84.0,84.0,79.0,79.0,211400,0,0
2023-01-25,84.0,84.0,78.0,79.0,922200,0,0
2023-01-26,83.0,85.0,79.0,82.0,2813400,0,0
2023-01-27,83.0,83.0,80.0,83.0,428300,0,0
2023-01-30,84.0,84.0,80.0,82.0,382600,0,0
2023-01-31,84.0,84.0,80.0,82.0,102200,0,0
2023-02-01,80.0,83.0,80.0,83.0,119000,0,0
2023-02-02,80.0,83.0,80.0,82.0,328800,0,0
2023-02-03,80.0,87.0,80.0,85.0,2172500,0,0
2023-02-06,85.0,85.0,82.0,84.0,344900,0,0
2023-02-07,86.0,86.0,82.0,84.0,82700,0,0
2023-02-08,86.0,86.0,81.0,84.0,693600,0,0
2023-02-09,83.0,84.0,81.0,83.0,148600,0,0
2023-02-10,85.0,85.0,81.0,83.0,279200,0,0
2023-02-13,85.0,85.0,80.0,82.0,214300,0,0
2023-02-14,84.0,84.0,80.0,82.0,133100,0,0
2023-02-15,83.0,83.0,81.0,82.0,61500,0,0
2023-02-16,80.0,83.0,80.0,83.0,171500,0,0
2023-02-17,85.0,85.0,78.0,83.0,985100,0,0
2023-02-20,83.0,90.0,80.0,81.0,3541700,0,0
2023-02-21,84.0,84.0,79.0,81.0,417200,0,0
2023-02-22,84.0,84.0,79.0,80.0,339500,0,0
2023-02-23,83.0,83.0,79.0,81.0,118400,0,0
2023-02-24,84.0,84.0,79.0,80.0,229800,0,0
2023-02-27,83.0,83.0,78.0,80.0,419000,0,0
2023-02-28,83.0,83.0,75.0,75.0,4708300,0,0
2023-03-01,75.0,77.0,72.0,74.0,1368600,0,0
2023-03-02,77.0,77.0,73.0,76.0,143800,0,0
2023-03-03,73.0,78.0,73.0,77.0,653500,0,0
2023-03-06,77.0,86.0,72.0,72.0,18635800,0,0
2023-03-07,71.0,71.0,67.0,67.0,5153000,0,0
2023-03-08,66.0,66.0,63.0,63.0,3916200,0,0
2023-03-09,72.0,72.0,63.0,64.0,754900,0,0
2023-03-10,69.0,69.0,61.0,63.0,585400,0,0
2023-03-13,62.0,66.0,61.0,63.0,849700,0,0
2023-03-14,63.0,63.0,60.0,61.0,476200,0,0
2023-03-15,65.0,65.0,58.0,60.0,1028900,0,0
2023-03-16,65.0,65.0,56.0,56.0,351100,0,0
2023-03-17,56.0,57.0,53.0,53.0,387500,0,0
2023-03-20,50.0,57.0,50.0,51.0,3739900,0,0
2023-03-21,58.0,58.0,50.0,53.0,1367600,0,0
2023-03-24,57.0,57.0,52.0,54.0,361600,0,0
